id;Région
aire_parcellaire.1;Rhône
aire_parcellaire.2;Bordeaux
aire_parcellaire.3;Bordeaux
aire_parcellaire.4;Sud-Ouest
aire_parcellaire.5;Bordeaux
aire_parcellaire.6;Bordeaux
aire_parcellaire.7;Bordeaux
aire_parcellaire.8;Sud-Ouest
aire_parcellaire.9;Sud-Ouest
aire_parcellaire.10;Sud-Ouest
aire_parcellaire.11;Rhône
aire_parcellaire.12;Bordeaux
aire_parcellaire.13;Bordeaux
aire_parcellaire.14;Bordeaux
aire_parcellaire.15;Rhône
aire_parcellaire.16;Languedoc
aire_parcellaire.17;Bordeaux
aire_parcellaire.18;Languedoc
aire_parcellaire.19;Sud-Ouest
aire_parcellaire.20;Bordeaux
aire_parcellaire.21;Bordeaux
aire_parcellaire.22;Bordeaux
aire_parcellaire.23;Bordeaux
aire_parcellaire.24;Bordeaux
aire_parcellaire.25;Bordeaux
aire_parcellaire.26;Bordeaux
aire_parcellaire.27;Bordeaux
aire_parcellaire.28;Bordeaux
aire_parcellaire.29;Bordeaux
aire_parcellaire.30;Bordeaux
aire_parcellaire.31;Sud-Ouest
aire_parcellaire.32;Bordeaux
aire_parcellaire.33;Bordeaux
aire_parcellaire.34;Bordeaux
aire_parcellaire.35;Bordeaux
aire_parcellaire.36;Sud-Ouest
aire_parcellaire.37;Sud-Ouest
aire_parcellaire.38;Bordeaux
aire_parcellaire.39;Bordeaux
aire_parcellaire.40;Provence
aire_parcellaire.41;Bordeaux
aire_parcellaire.42;Rhône
aire_parcellaire.43;Bordeaux
aire_parcellaire.44;Bordeaux
aire_parcellaire.45;Bordeaux
aire_parcellaire.46;Bordeaux
aire_parcellaire.47;Bordeaux
aire_parcellaire.48;Bordeaux
aire_parcellaire.49;Rhône
aire_parcellaire.50;Sud-Ouest
aire_parcellaire.51;Bordeaux
aire_parcellaire.52;Bordeaux
aire_parcellaire.53;Bordeaux
aire_parcellaire.54;Bordeaux
aire_parcellaire.55;Bordeaux
aire_parcellaire.56;Bordeaux
aire_parcellaire.57;Bordeaux
aire_parcellaire.58;Bordeaux
aire_parcellaire.59;Bordeaux
aire_parcellaire.60;Bordeaux
aire_parcellaire.61;Bordeaux
aire_parcellaire.62;Bordeaux
aire_parcellaire.63;Bordeaux
aire_parcellaire.64;Bordeaux
aire_parcellaire.65;Rhône
aire_parcellaire.66;Bordeaux
aire_parcellaire.67;Bordeaux
aire_parcellaire.68;Bordeaux
aire_parcellaire.69;Bordeaux
aire_parcellaire.70;Provence
aire_parcellaire.71;Bordeaux
aire_parcellaire.72;Sud-Ouest
aire_parcellaire.73;Bordeaux
aire_parcellaire.74;Bordeaux
aire_parcellaire.75;Bordeaux
aire_parcellaire.76;Bordeaux
aire_parcellaire.77;Bordeaux
aire_parcellaire.78;Bordeaux
aire_parcellaire.79;Bordeaux
aire_parcellaire.80;Bordeaux
aire_parcellaire.81;Rhône
aire_parcellaire.82;Bordeaux
aire_parcellaire.83;Bordeaux
aire_parcellaire.84;Sud-Ouest
aire_parcellaire.85;Bordeaux
aire_parcellaire.86;Provence
aire_parcellaire.87;Provence
aire_parcellaire.88;Bordeaux
aire_parcellaire.89;Bordeaux
aire_parcellaire.90;Sud-Ouest
aire_parcellaire.91;Bordeaux
aire_parcellaire.92;Sud-Ouest
aire_parcellaire.93;Sud-Ouest
aire_parcellaire.94;Bordeaux
aire_parcellaire.95;Sud-Ouest
aire_parcellaire.96;Sud-Ouest
aire_parcellaire.97;Bordeaux
aire_parcellaire.98;Bordeaux
aire_parcellaire.99;Rhône
aire_parcellaire.100;Bordeaux
aire_parcellaire.101;Bordeaux
aire_parcellaire.102;Bordeaux
aire_parcellaire.103;Bordeaux
aire_parcellaire.104;Bordeaux
aire_parcellaire.105;Bordeaux
aire_parcellaire.106;Bordeaux
aire_parcellaire.107;Languedoc
aire_parcellaire.108;Bordeaux
aire_parcellaire.109;Languedoc
aire_parcellaire.110;Bordeaux
aire_parcellaire.111;Bordeaux
aire_parcellaire.112;Bordeaux
aire_parcellaire.113;Sud-Ouest
aire_parcellaire.114;Bordeaux
aire_parcellaire.115;Bordeaux
aire_parcellaire.116;Provence
aire_parcellaire.117;Bordeaux
aire_parcellaire.118;Bordeaux
aire_parcellaire.119;Sud-Ouest
aire_parcellaire.120;Rhône
aire_parcellaire.121;Sud-Ouest
aire_parcellaire.122;Provence
aire_parcellaire.123;Sud-Ouest
aire_parcellaire.124;Sud-Ouest
aire_parcellaire.125;Sud-Ouest
aire_parcellaire.126;Bordeaux
aire_parcellaire.127;Languedoc
aire_parcellaire.128;Bordeaux
aire_parcellaire.129;Languedoc
aire_parcellaire.130;Bordeaux
aire_parcellaire.131;Languedoc
aire_parcellaire.132;Rhône
aire_parcellaire.133;Bordeaux
aire_parcellaire.134;Bordeaux
aire_parcellaire.135;Bordeaux
aire_parcellaire.136;Sud-Ouest
aire_parcellaire.137;Bordeaux
aire_parcellaire.138;Bordeaux
aire_parcellaire.139;Rhône
aire_parcellaire.140;Sud-Ouest
aire_parcellaire.141;Bordeaux
aire_parcellaire.142;Provence
aire_parcellaire.143;Bordeaux
aire_parcellaire.144;Bordeaux
aire_parcellaire.145;Sud-Ouest
aire_parcellaire.146;Sud-Ouest
aire_parcellaire.147;Bordeaux
aire_parcellaire.148;Bordeaux
aire_parcellaire.149;Bordeaux
aire_parcellaire.150;Bordeaux
aire_parcellaire.151;Bordeaux
aire_parcellaire.152;Bordeaux
aire_parcellaire.153;Sud-Ouest
aire_parcellaire.154;Sud-Ouest
aire_parcellaire.155;Bordeaux
aire_parcellaire.156;Sud-Ouest
aire_parcellaire.157;Bordeaux
aire_parcellaire.158;Bordeaux
aire_parcellaire.159;Bordeaux
aire_parcellaire.160;Bordeaux
aire_parcellaire.161;Alsace
aire_parcellaire.162;Bordeaux
aire_parcellaire.163;Bordeaux
aire_parcellaire.164;Bordeaux
aire_parcellaire.165;Bordeaux
aire_parcellaire.166;Bordeaux
aire_parcellaire.167;Languedoc
aire_parcellaire.168;Bordeaux
aire_parcellaire.169;Bordeaux
aire_parcellaire.170;Bordeaux
aire_parcellaire.171;Bordeaux
aire_parcellaire.172;Bordeaux
aire_parcellaire.173;Bordeaux
aire_parcellaire.174;Bordeaux
aire_parcellaire.175;Bordeaux
aire_parcellaire.176;Bordeaux
aire_parcellaire.177;Bordeaux
aire_parcellaire.178;Provence
aire_parcellaire.179;Bordeaux
aire_parcellaire.180;Sud-Ouest
aire_parcellaire.181;Bordeaux
aire_parcellaire.182;Languedoc
aire_parcellaire.183;Bordeaux
aire_parcellaire.184;Bordeaux
aire_parcellaire.185;Sud-Ouest
aire_parcellaire.186;Corse
aire_parcellaire.187;Provence
aire_parcellaire.188;Bordeaux
aire_parcellaire.189;Bordeaux
aire_parcellaire.190;Sud-Ouest
aire_parcellaire.191;Rhône
aire_parcellaire.192;Bordeaux
aire_parcellaire.193;Provence
aire_parcellaire.194;Bordeaux
aire_parcellaire.195;Provence
aire_parcellaire.196;Bordeaux
aire_parcellaire.197;Languedoc
aire_parcellaire.198;Sud-Ouest
aire_parcellaire.199;Bordeaux
aire_parcellaire.200;Bordeaux
aire_parcellaire.201;Bordeaux
aire_parcellaire.202;Sud-Ouest
aire_parcellaire.203;Languedoc
aire_parcellaire.204;Rhône
aire_parcellaire.205;Bordeaux
aire_parcellaire.206;Sud-Ouest
aire_parcellaire.207;Bordeaux
aire_parcellaire.208;Bordeaux
aire_parcellaire.209;Sud-Ouest
aire_parcellaire.210;Languedoc
aire_parcellaire.211;Bordeaux
aire_parcellaire.212;Bordeaux
aire_parcellaire.213;Languedoc
aire_parcellaire.214;Rhône
aire_parcellaire.215;Rhône
aire_parcellaire.216;Sud-Ouest
aire_parcellaire.217;Languedoc
aire_parcellaire.218;Languedoc
aire_parcellaire.219;Bordeaux
aire_parcellaire.220;Sud-Ouest
aire_parcellaire.221;Bordeaux
aire_parcellaire.222;Languedoc
aire_parcellaire.223;Sud-Ouest
aire_parcellaire.224;Bordeaux
aire_parcellaire.225;Bordeaux
aire_parcellaire.226;Bordeaux
aire_parcellaire.227;Provence
aire_parcellaire.228;Bordeaux
aire_parcellaire.229;Provence
aire_parcellaire.230;Provence
aire_parcellaire.231;Sud-Ouest
aire_parcellaire.232;Bordeaux
aire_parcellaire.233;Sud-Ouest
aire_parcellaire.234;Bordeaux
aire_parcellaire.235;Bordeaux
aire_parcellaire.236;Bordeaux
aire_parcellaire.237;Corse
aire_parcellaire.238;Sud-Ouest
aire_parcellaire.239;Sud-Ouest
aire_parcellaire.240;Sud-Ouest
aire_parcellaire.241;Bordeaux
aire_parcellaire.242;Bordeaux
aire_parcellaire.243;Bordeaux
aire_parcellaire.244;Languedoc
aire_parcellaire.245;Bordeaux
aire_parcellaire.246;Bordeaux
aire_parcellaire.247;Bordeaux
aire_parcellaire.248;Bordeaux
aire_parcellaire.249;Bordeaux
aire_parcellaire.250;Bordeaux
aire_parcellaire.251;Provence
aire_parcellaire.252;Bordeaux
aire_parcellaire.253;Bordeaux
aire_parcellaire.254;Bordeaux
aire_parcellaire.255;Provence
aire_parcellaire.256;Bordeaux
aire_parcellaire.257;Bordeaux
aire_parcellaire.258;Bordeaux
aire_parcellaire.259;Corse
aire_parcellaire.260;Corse
aire_parcellaire.261;Provence
aire_parcellaire.262;Sud-Ouest
aire_parcellaire.263;Provence
aire_parcellaire.264;Rhône
aire_parcellaire.265;Rhône
aire_parcellaire.266;Provence
aire_parcellaire.267;Sud-Ouest
aire_parcellaire.268;Bordeaux
aire_parcellaire.269;Bordeaux
aire_parcellaire.270;Rhône
aire_parcellaire.271;Rhône
aire_parcellaire.272;Bordeaux
aire_parcellaire.273;Bordeaux
aire_parcellaire.274;Bordeaux
aire_parcellaire.275;Bordeaux
aire_parcellaire.276;Sud-Ouest
aire_parcellaire.277;Provence
aire_parcellaire.278;Provence
aire_parcellaire.279;Bordeaux
aire_parcellaire.280;Languedoc
aire_parcellaire.281;Sud-Ouest
aire_parcellaire.282;Bordeaux
aire_parcellaire.283;Bordeaux
aire_parcellaire.284;Bordeaux
aire_parcellaire.285;Bordeaux
aire_parcellaire.286;Provence
aire_parcellaire.287;Sud-Ouest
aire_parcellaire.288;Corse
aire_parcellaire.289;Provence
aire_parcellaire.290;Bordeaux
aire_parcellaire.291;Rhône
aire_parcellaire.292;Bordeaux
aire_parcellaire.293;Bordeaux
aire_parcellaire.294;Languedoc
aire_parcellaire.295;Languedoc
aire_parcellaire.296;Rhône
aire_parcellaire.297;Bordeaux
aire_parcellaire.298;Rhône
aire_parcellaire.299;Sud-Ouest
aire_parcellaire.300;Bordeaux
aire_parcellaire.301;Sud-Ouest
aire_parcellaire.302;Sud-Ouest
aire_parcellaire.303;Provence
aire_parcellaire.304;Bordeaux
aire_parcellaire.305;Bordeaux
aire_parcellaire.306;Bordeaux
aire_parcellaire.307;Bordeaux
aire_parcellaire.308;Bordeaux
aire_parcellaire.309;Sud-Ouest
aire_parcellaire.310;Languedoc
aire_parcellaire.311;Bordeaux
aire_parcellaire.312;Sud-Ouest
aire_parcellaire.313;Bordeaux
aire_parcellaire.314;Corse
aire_parcellaire.315;Corse
aire_parcellaire.316;Rhône
aire_parcellaire.317;Bordeaux
aire_parcellaire.318;Provence
aire_parcellaire.319;Bordeaux
aire_parcellaire.320;Languedoc
aire_parcellaire.321;Bordeaux
aire_parcellaire.322;Sud-Ouest
aire_parcellaire.323;Rhône
aire_parcellaire.324;Bordeaux
aire_parcellaire.325;Sud-Ouest
aire_parcellaire.326;Rhône
aire_parcellaire.327;Bordeaux
aire_parcellaire.328;Provence
aire_parcellaire.329;Bordeaux
aire_parcellaire.330;Rhône
aire_parcellaire.331;Corse
aire_parcellaire.332;Bordeaux
aire_parcellaire.333;Bordeaux
aire_parcellaire.334;Bordeaux
aire_parcellaire.335;Sud-Ouest
aire_parcellaire.336;Rhône
aire_parcellaire.337;Bordeaux
aire_parcellaire.338;Bordeaux
aire_parcellaire.339;Rhône
aire_parcellaire.340;Sud-Ouest
aire_parcellaire.341;Rhône
aire_parcellaire.342;Bordeaux
aire_parcellaire.343;Bordeaux
aire_parcellaire.344;Bordeaux
aire_parcellaire.345;Rhône
aire_parcellaire.346;Bordeaux
aire_parcellaire.347;Bordeaux
aire_parcellaire.348;Bordeaux
aire_parcellaire.349;Provence
aire_parcellaire.350;Bordeaux
aire_parcellaire.351;Languedoc
aire_parcellaire.352;Bordeaux
aire_parcellaire.353;Sud-Ouest
aire_parcellaire.354;Sud-Ouest
aire_parcellaire.355;Bordeaux
aire_parcellaire.356;Rhône
aire_parcellaire.357;Sud-Ouest
aire_parcellaire.358;Rhône
aire_parcellaire.359;Bordeaux
aire_parcellaire.360;Bordeaux
aire_parcellaire.361;Provence
aire_parcellaire.362;Languedoc
aire_parcellaire.363;Provence
aire_parcellaire.364;Bordeaux
aire_parcellaire.365;Sud-Ouest
aire_parcellaire.366;Provence
aire_parcellaire.367;Provence
aire_parcellaire.368;Bordeaux
aire_parcellaire.369;Bordeaux
aire_parcellaire.370;Bordeaux
aire_parcellaire.371;Provence
aire_parcellaire.372;Corse
aire_parcellaire.373;Sud-Ouest
aire_parcellaire.374;Rhône
aire_parcellaire.375;Provence
aire_parcellaire.376;Provence
aire_parcellaire.377;Languedoc
aire_parcellaire.378;Bordeaux
aire_parcellaire.379;Provence
aire_parcellaire.380;Bordeaux
aire_parcellaire.381;Provence
aire_parcellaire.382;Sud-Ouest
aire_parcellaire.383;Provence
aire_parcellaire.384;Bordeaux
aire_parcellaire.385;Bordeaux
aire_parcellaire.386;Bordeaux
aire_parcellaire.387;Bordeaux
aire_parcellaire.388;Bordeaux
aire_parcellaire.389;Bordeaux
aire_parcellaire.390;Rhône
aire_parcellaire.391;Bordeaux
aire_parcellaire.392;Bordeaux
aire_parcellaire.393;Rhône
aire_parcellaire.394;Bordeaux
aire_parcellaire.395;Sud-Ouest
aire_parcellaire.396;Bordeaux
aire_parcellaire.397;Provence
aire_parcellaire.398;Bordeaux
aire_parcellaire.399;Bordeaux
aire_parcellaire.400;Sud-Ouest
aire_parcellaire.401;Bordeaux
aire_parcellaire.402;Rhône
aire_parcellaire.403;Sud-Ouest
aire_parcellaire.404;Provence
aire_parcellaire.405;Corse
aire_parcellaire.406;Sud-Ouest
aire_parcellaire.407;Sud-Ouest
aire_parcellaire.408;Bordeaux
aire_parcellaire.409;Bordeaux
aire_parcellaire.410;Bordeaux
aire_parcellaire.411;Sud-Ouest
aire_parcellaire.412;Languedoc
aire_parcellaire.413;Bordeaux
aire_parcellaire.414;Sud-Ouest
aire_parcellaire.415;Rhône
aire_parcellaire.416;Rhône
aire_parcellaire.417;Bordeaux
aire_parcellaire.418;Languedoc
aire_parcellaire.419;Languedoc
aire_parcellaire.420;Sud-Ouest
aire_parcellaire.421;Languedoc
aire_parcellaire.422;Rhône
aire_parcellaire.423;Sud-Ouest
aire_parcellaire.424;Provence
aire_parcellaire.425;Rhône
aire_parcellaire.426;Corse
aire_parcellaire.427;Provence
aire_parcellaire.428;Bourgogne
aire_parcellaire.429;Bordeaux
aire_parcellaire.430;Sud-Ouest
aire_parcellaire.431;Sud-Ouest
aire_parcellaire.432;Bordeaux
aire_parcellaire.433;Bordeaux
aire_parcellaire.434;Sud-Ouest
aire_parcellaire.435;Sud-Ouest
aire_parcellaire.436;Provence
aire_parcellaire.437;Languedoc
aire_parcellaire.438;Provence
aire_parcellaire.439;Bordeaux
aire_parcellaire.440;Bordeaux
aire_parcellaire.441;Languedoc
aire_parcellaire.442;Bordeaux
aire_parcellaire.443;Sud-Ouest
aire_parcellaire.444;Bordeaux
aire_parcellaire.445;Bordeaux
aire_parcellaire.446;Bordeaux
aire_parcellaire.447;Sud-Ouest
aire_parcellaire.448;Bordeaux
aire_parcellaire.449;Bordeaux
aire_parcellaire.450;Bordeaux
aire_parcellaire.451;Bordeaux
aire_parcellaire.452;Bordeaux
aire_parcellaire.453;Bordeaux
aire_parcellaire.454;Provence
aire_parcellaire.455;Bordeaux
aire_parcellaire.456;Bordeaux
aire_parcellaire.457;Rhône
aire_parcellaire.458;Sud-Ouest
aire_parcellaire.459;Bordeaux
aire_parcellaire.460;Sud-Ouest
aire_parcellaire.461;Sud-Ouest
aire_parcellaire.462;Languedoc
aire_parcellaire.463;Corse
aire_parcellaire.464;Bordeaux
aire_parcellaire.465;Languedoc
aire_parcellaire.466;Rhône
aire_parcellaire.467;Provence
aire_parcellaire.468;Sud-Ouest
aire_parcellaire.469;Bordeaux
aire_parcellaire.470;Provence
aire_parcellaire.471;Bordeaux
aire_parcellaire.472;Bordeaux
aire_parcellaire.473;Bordeaux
aire_parcellaire.474;Provence
aire_parcellaire.475;Bordeaux
aire_parcellaire.476;Bordeaux
aire_parcellaire.477;Sud-Ouest
aire_parcellaire.478;Sud-Ouest
aire_parcellaire.479;Provence
aire_parcellaire.480;Sud-Ouest
aire_parcellaire.481;Sud-Ouest
aire_parcellaire.482;Provence
aire_parcellaire.483;Sud-Ouest
aire_parcellaire.484;Bordeaux
aire_parcellaire.485;Corse
aire_parcellaire.486;Provence
aire_parcellaire.487;Bordeaux
aire_parcellaire.488;Rhône
aire_parcellaire.489;Languedoc
aire_parcellaire.490;Bordeaux
aire_parcellaire.491;Languedoc
aire_parcellaire.492;Bordeaux
aire_parcellaire.493;Bordeaux
aire_parcellaire.494;Bordeaux
aire_parcellaire.495;Bordeaux
aire_parcellaire.496;Bordeaux
aire_parcellaire.497;Languedoc
aire_parcellaire.498;Rhône
aire_parcellaire.499;Sud-Ouest
aire_parcellaire.500;Languedoc
aire_parcellaire.501;Rhône
aire_parcellaire.502;Provence
aire_parcellaire.503;Languedoc
aire_parcellaire.504;Languedoc
aire_parcellaire.505;Bordeaux
aire_parcellaire.506;Sud-Ouest
aire_parcellaire.507;Languedoc
aire_parcellaire.508;Bordeaux
aire_parcellaire.509;Bordeaux
aire_parcellaire.510;Bordeaux
aire_parcellaire.511;Sud-Ouest
aire_parcellaire.512;Bordeaux
aire_parcellaire.513;Bordeaux
aire_parcellaire.514;Bordeaux
aire_parcellaire.515;Bordeaux
aire_parcellaire.516;Corse
aire_parcellaire.517;Bordeaux
aire_parcellaire.518;Languedoc
aire_parcellaire.519;Corse
aire_parcellaire.520;Languedoc
aire_parcellaire.521;Languedoc
aire_parcellaire.522;Sud-Ouest
aire_parcellaire.523;Provence
aire_parcellaire.524;Bordeaux
aire_parcellaire.525;Bordeaux
aire_parcellaire.526;Provence
aire_parcellaire.527;Languedoc
aire_parcellaire.528;Bordeaux
aire_parcellaire.529;Bordeaux
aire_parcellaire.530;Provence
aire_parcellaire.531;Languedoc
aire_parcellaire.532;Provence
aire_parcellaire.533;Bordeaux
aire_parcellaire.534;Bordeaux
aire_parcellaire.535;Rhône
aire_parcellaire.536;Bordeaux
aire_parcellaire.537;Bordeaux
aire_parcellaire.538;Languedoc
aire_parcellaire.539;Provence
aire_parcellaire.540;Rhône
aire_parcellaire.541;Corse
aire_parcellaire.542;Bordeaux
aire_parcellaire.543;Bordeaux
aire_parcellaire.544;Rhône
aire_parcellaire.545;Provence
aire_parcellaire.546;Sud-Ouest
aire_parcellaire.547;Bordeaux
aire_parcellaire.548;Sud-Ouest
aire_parcellaire.549;Provence
aire_parcellaire.550;Provence
aire_parcellaire.551;Provence
aire_parcellaire.552;Bordeaux
aire_parcellaire.553;Bordeaux
aire_parcellaire.554;Bordeaux
aire_parcellaire.555;Bordeaux
aire_parcellaire.556;Bordeaux
aire_parcellaire.557;Corse
aire_parcellaire.558;Rhône
aire_parcellaire.559;Languedoc
aire_parcellaire.560;Bordeaux
aire_parcellaire.561;Sud-Ouest
aire_parcellaire.562;Bordeaux
aire_parcellaire.563;Bordeaux
aire_parcellaire.564;Languedoc
aire_parcellaire.565;Provence
aire_parcellaire.566;Sud-Ouest
aire_parcellaire.567;Sud-Ouest
aire_parcellaire.568;Rhône
aire_parcellaire.569;Rhône
aire_parcellaire.570;Sud-Ouest
aire_parcellaire.571;Provence
aire_parcellaire.572;Provence
aire_parcellaire.573;Corse
aire_parcellaire.574;Bordeaux
aire_parcellaire.575;Languedoc
aire_parcellaire.576;Bordeaux
aire_parcellaire.577;Bordeaux
aire_parcellaire.578;Bordeaux
aire_parcellaire.579;Sud-Ouest
aire_parcellaire.580;Rhône
aire_parcellaire.581;Rhône
aire_parcellaire.582;Provence
aire_parcellaire.583;Bordeaux
aire_parcellaire.584;Rhône
aire_parcellaire.585;Bordeaux
aire_parcellaire.586;Sud-Ouest
aire_parcellaire.587;Bordeaux
aire_parcellaire.588;Bordeaux
aire_parcellaire.589;Languedoc
aire_parcellaire.590;Sud-Ouest
aire_parcellaire.591;Bordeaux
aire_parcellaire.592;Provence
aire_parcellaire.593;Bordeaux
aire_parcellaire.594;Provence
aire_parcellaire.595;Bordeaux
aire_parcellaire.596;Languedoc
aire_parcellaire.597;Rhône
aire_parcellaire.598;Provence
aire_parcellaire.599;Languedoc
aire_parcellaire.600;Corse
aire_parcellaire.601;Sud-Ouest
aire_parcellaire.602;Bordeaux
aire_parcellaire.603;Sud-Ouest
aire_parcellaire.604;Provence
aire_parcellaire.605;Rhône
aire_parcellaire.606;Rhône
aire_parcellaire.607;Bordeaux
aire_parcellaire.608;Bordeaux
aire_parcellaire.609;Languedoc
aire_parcellaire.610;Corse
aire_parcellaire.611;Rhône
aire_parcellaire.612;Rhône
aire_parcellaire.613;Rhône
aire_parcellaire.614;Sud-Ouest
aire_parcellaire.615;Provence
aire_parcellaire.616;Bordeaux
aire_parcellaire.617;Rhône
aire_parcellaire.618;Bordeaux
aire_parcellaire.619;Rhône
aire_parcellaire.620;Bordeaux
aire_parcellaire.621;Bordeaux
aire_parcellaire.622;Bordeaux
aire_parcellaire.623;Bordeaux
aire_parcellaire.624;Bordeaux
aire_parcellaire.625;Corse
aire_parcellaire.626;Languedoc
aire_parcellaire.627;Languedoc
aire_parcellaire.628;Sud-Ouest
aire_parcellaire.629;Rhône
aire_parcellaire.630;Bordeaux
aire_parcellaire.631;Bordeaux
aire_parcellaire.632;Bordeaux
aire_parcellaire.633;Provence
aire_parcellaire.634;Provence
aire_parcellaire.635;Bordeaux
aire_parcellaire.636;Languedoc
aire_parcellaire.637;Sud-Ouest
aire_parcellaire.638;Corse
aire_parcellaire.639;Provence
aire_parcellaire.640;Rhône
aire_parcellaire.641;Bordeaux
aire_parcellaire.642;Rhône
aire_parcellaire.643;Bordeaux
aire_parcellaire.644;Alsace
aire_parcellaire.645;Bordeaux
aire_parcellaire.646;Rhône
aire_parcellaire.647;Languedoc
aire_parcellaire.648;Bordeaux
aire_parcellaire.649;Provence
aire_parcellaire.650;Provence
aire_parcellaire.651;Corse
aire_parcellaire.652;Provence
aire_parcellaire.653;Provence
aire_parcellaire.654;Corse
aire_parcellaire.655;Bourgogne
aire_parcellaire.656;Rhône
aire_parcellaire.657;Sud-Ouest
aire_parcellaire.658;Provence
aire_parcellaire.659;Bordeaux
aire_parcellaire.660;Provence
aire_parcellaire.661;Provence
aire_parcellaire.662;Sud-Ouest
aire_parcellaire.663;Rhône
aire_parcellaire.664;Rhône
aire_parcellaire.665;Bourgogne
aire_parcellaire.666;Sud-Ouest
aire_parcellaire.667;Bordeaux
aire_parcellaire.668;Bordeaux
aire_parcellaire.669;Languedoc
aire_parcellaire.670;Bordeaux
aire_parcellaire.671;Bordeaux
aire_parcellaire.672;Rhône
aire_parcellaire.673;Bordeaux
aire_parcellaire.674;Bordeaux
aire_parcellaire.675;Provence
aire_parcellaire.676;Sud-Ouest
aire_parcellaire.677;Bordeaux
aire_parcellaire.678;Bordeaux
aire_parcellaire.679;Rhône
aire_parcellaire.680;Bordeaux
aire_parcellaire.681;Languedoc
aire_parcellaire.682;Corse
aire_parcellaire.683;Languedoc
aire_parcellaire.684;Languedoc
aire_parcellaire.685;Sud-Ouest
aire_parcellaire.686;Sud-Ouest
aire_parcellaire.687;Rhône
aire_parcellaire.688;Languedoc
aire_parcellaire.689;Rhône
aire_parcellaire.690;Bordeaux
aire_parcellaire.691;Rhône
aire_parcellaire.692;Bordeaux
aire_parcellaire.693;Bordeaux
aire_parcellaire.694;Sud-Ouest
aire_parcellaire.695;Bordeaux
aire_parcellaire.696;Bordeaux
aire_parcellaire.697;Sud-Ouest
aire_parcellaire.698;Sud-Ouest
aire_parcellaire.699;Languedoc
aire_parcellaire.700;Languedoc
aire_parcellaire.701;Provence
aire_parcellaire.702;Rhône
aire_parcellaire.703;Provence
aire_parcellaire.704;Sud-Ouest
aire_parcellaire.705;Languedoc
aire_parcellaire.706;Provence
aire_parcellaire.707;Sud-Ouest
aire_parcellaire.708;Bordeaux
aire_parcellaire.709;Bordeaux
aire_parcellaire.710;Languedoc
aire_parcellaire.711;Bordeaux
aire_parcellaire.712;Bordeaux
aire_parcellaire.713;Bordeaux
aire_parcellaire.714;Sud-Ouest
aire_parcellaire.715;Sud-Ouest
aire_parcellaire.716;Rhône
aire_parcellaire.717;Rhône
aire_parcellaire.718;Provence
aire_parcellaire.719;Bordeaux
aire_parcellaire.720;Provence
aire_parcellaire.721;Bordeaux
aire_parcellaire.722;Bordeaux
aire_parcellaire.723;Provence
aire_parcellaire.724;Bordeaux
aire_parcellaire.725;Languedoc
aire_parcellaire.726;Provence
aire_parcellaire.727;Languedoc
aire_parcellaire.728;Rhône
aire_parcellaire.729;Bordeaux
aire_parcellaire.730;Rhône
aire_parcellaire.731;Bordeaux
aire_parcellaire.732;Bordeaux
aire_parcellaire.733;Languedoc
aire_parcellaire.734;Provence
aire_parcellaire.735;Bourgogne
aire_parcellaire.736;Provence
aire_parcellaire.737;Provence
aire_parcellaire.738;Rhône
aire_parcellaire.739;Bordeaux
aire_parcellaire.740;Bordeaux
aire_parcellaire.741;Corse
aire_parcellaire.742;Bordeaux
aire_parcellaire.743;Bourgogne
aire_parcellaire.744;Bordeaux
aire_parcellaire.745;Sud-Ouest
aire_parcellaire.746;Provence
aire_parcellaire.747;Bordeaux
aire_parcellaire.748;Provence
aire_parcellaire.749;Provence
aire_parcellaire.750;Languedoc
aire_parcellaire.751;Provence
aire_parcellaire.752;Sud-Ouest
aire_parcellaire.753;Provence
aire_parcellaire.754;Languedoc
aire_parcellaire.755;Bordeaux
aire_parcellaire.756;Jura
aire_parcellaire.757;Bordeaux
aire_parcellaire.758;Provence
aire_parcellaire.759;Rhône
aire_parcellaire.760;Bordeaux
aire_parcellaire.761;Rhône
aire_parcellaire.762;Languedoc
aire_parcellaire.763;Bordeaux
aire_parcellaire.764;Languedoc
aire_parcellaire.765;Rhône
aire_parcellaire.766;Bordeaux
aire_parcellaire.767;Bordeaux
aire_parcellaire.768;Bordeaux
aire_parcellaire.769;Bordeaux
aire_parcellaire.770;Provence
aire_parcellaire.771;Provence
aire_parcellaire.772;Bordeaux
aire_parcellaire.773;Sud-Ouest
aire_parcellaire.774;Bordeaux
aire_parcellaire.775;Languedoc
aire_parcellaire.776;Bordeaux
aire_parcellaire.777;Bordeaux
aire_parcellaire.778;Bordeaux
aire_parcellaire.779;Languedoc
aire_parcellaire.780;Bordeaux
aire_parcellaire.781;Provence
aire_parcellaire.782;Bordeaux
aire_parcellaire.783;Rhône
aire_parcellaire.784;Bordeaux
aire_parcellaire.785;Bordeaux
aire_parcellaire.786;Bordeaux
aire_parcellaire.787;Rhône
aire_parcellaire.788;Sud-Ouest
aire_parcellaire.789;Rhône
aire_parcellaire.790;Bordeaux
aire_parcellaire.791;Bordeaux
aire_parcellaire.792;Rhône
aire_parcellaire.793;Provence
aire_parcellaire.794;Languedoc
aire_parcellaire.795;Rhône
aire_parcellaire.796;Bordeaux
aire_parcellaire.797;Bordeaux
aire_parcellaire.798;Bordeaux
aire_parcellaire.799;Sud-Ouest
aire_parcellaire.800;Sud-Ouest
aire_parcellaire.801;Bordeaux
aire_parcellaire.802;Languedoc
aire_parcellaire.803;Rhône
aire_parcellaire.804;Rhône
aire_parcellaire.805;Rhône
aire_parcellaire.806;Rhône
aire_parcellaire.807;Bordeaux
aire_parcellaire.808;Rhône
aire_parcellaire.809;Languedoc
aire_parcellaire.810;Provence
aire_parcellaire.811;Languedoc
aire_parcellaire.812;Rhône
aire_parcellaire.813;Bordeaux
aire_parcellaire.814;Sud-Ouest
aire_parcellaire.815;Alsace
aire_parcellaire.816;Corse
aire_parcellaire.817;Bordeaux
aire_parcellaire.818;Rhône
aire_parcellaire.819;Languedoc
aire_parcellaire.820;Languedoc
aire_parcellaire.821;Rhône
aire_parcellaire.822;Corse
aire_parcellaire.823;Bordeaux
aire_parcellaire.824;Rhône
aire_parcellaire.825;Bordeaux
aire_parcellaire.826;Sud-Ouest
aire_parcellaire.827;Bordeaux
aire_parcellaire.828;Rhône
aire_parcellaire.829;Bordeaux
aire_parcellaire.830;Languedoc
aire_parcellaire.831;Bordeaux
aire_parcellaire.832;Sud-Ouest
aire_parcellaire.833;Bordeaux
aire_parcellaire.834;Rhône
aire_parcellaire.835;Sud-Ouest
aire_parcellaire.836;Languedoc
aire_parcellaire.837;Corse
aire_parcellaire.838;Languedoc
aire_parcellaire.839;Bordeaux
aire_parcellaire.840;Rhône
aire_parcellaire.841;Languedoc
aire_parcellaire.842;Sud-Ouest
aire_parcellaire.843;Rhône
aire_parcellaire.844;Sud-Ouest
aire_parcellaire.845;Languedoc
aire_parcellaire.846;Corse
aire_parcellaire.847;Bordeaux
aire_parcellaire.848;Bordeaux
aire_parcellaire.849;Rhône
aire_parcellaire.850;Sud-Ouest
aire_parcellaire.851;Sud-Ouest
aire_parcellaire.852;Rhône
aire_parcellaire.853;Corse
aire_parcellaire.854;Languedoc
aire_parcellaire.855;Bordeaux
aire_parcellaire.856;Rhône
aire_parcellaire.857;Bordeaux
aire_parcellaire.858;Languedoc
aire_parcellaire.859;Corse
aire_parcellaire.860;Sud-Ouest
aire_parcellaire.861;Sud-Ouest
aire_parcellaire.862;Sud-Ouest
aire_parcellaire.863;Corse
aire_parcellaire.864;Bordeaux
aire_parcellaire.865;Sud-Ouest
aire_parcellaire.866;Bordeaux
aire_parcellaire.867;Sud-Ouest
aire_parcellaire.868;Bourgogne
aire_parcellaire.869;Rhône
aire_parcellaire.870;Corse
aire_parcellaire.871;Bordeaux
aire_parcellaire.872;Bordeaux
aire_parcellaire.873;Languedoc
aire_parcellaire.874;Languedoc
aire_parcellaire.875;Provence
aire_parcellaire.876;Corse
aire_parcellaire.877;Languedoc
aire_parcellaire.878;Languedoc
aire_parcellaire.879;Sud-Ouest
aire_parcellaire.880;Bordeaux
aire_parcellaire.881;Bordeaux
aire_parcellaire.882;Bordeaux
aire_parcellaire.883;Provence
aire_parcellaire.884;Bordeaux
aire_parcellaire.885;Provence
aire_parcellaire.886;Bordeaux
aire_parcellaire.887;Corse
aire_parcellaire.888;Bordeaux
aire_parcellaire.889;Bordeaux
aire_parcellaire.890;Bordeaux
aire_parcellaire.891;Bordeaux
aire_parcellaire.892;Bordeaux
aire_parcellaire.893;Corse
aire_parcellaire.894;Bordeaux
aire_parcellaire.895;Bordeaux
aire_parcellaire.896;Sud-Ouest
aire_parcellaire.897;Languedoc
aire_parcellaire.898;Provence
aire_parcellaire.899;Languedoc
aire_parcellaire.900;Languedoc
aire_parcellaire.901;Bordeaux
aire_parcellaire.902;Rhône
aire_parcellaire.903;Provence
aire_parcellaire.904;Alsace
aire_parcellaire.905;Bordeaux
aire_parcellaire.906;Rhône
aire_parcellaire.907;Provence
aire_parcellaire.908;Bordeaux
aire_parcellaire.909;Bordeaux
aire_parcellaire.910;Sud-Ouest
aire_parcellaire.911;Languedoc
aire_parcellaire.912;Bordeaux
aire_parcellaire.913;Rhône
aire_parcellaire.914;Bourgogne
aire_parcellaire.915;Provence
aire_parcellaire.916;Sud-Ouest
aire_parcellaire.917;Bordeaux
aire_parcellaire.918;Bordeaux
aire_parcellaire.919;Sud-Ouest
aire_parcellaire.920;Languedoc
aire_parcellaire.921;Rhône
aire_parcellaire.922;Corse
aire_parcellaire.923;Bordeaux
aire_parcellaire.924;Provence
aire_parcellaire.925;Bordeaux
aire_parcellaire.926;Rhône
aire_parcellaire.927;Bordeaux
aire_parcellaire.928;Bordeaux
aire_parcellaire.929;Provence
aire_parcellaire.930;Sud-Ouest
aire_parcellaire.931;Languedoc
aire_parcellaire.932;Provence
aire_parcellaire.933;Rhône
aire_parcellaire.934;Sud-Ouest
aire_parcellaire.935;Languedoc
aire_parcellaire.936;Bordeaux
aire_parcellaire.937;Bordeaux
aire_parcellaire.938;Sud-Ouest
aire_parcellaire.939;Languedoc
aire_parcellaire.940;Bordeaux
aire_parcellaire.941;Bordeaux
aire_parcellaire.942;Sud-Ouest
aire_parcellaire.943;Sud-Ouest
aire_parcellaire.944;Languedoc
aire_parcellaire.945;Jura
aire_parcellaire.946;Provence
aire_parcellaire.947;Corse
aire_parcellaire.948;Sud-Ouest
aire_parcellaire.949;Provence
aire_parcellaire.950;Beaujolais
aire_parcellaire.951;Bordeaux
aire_parcellaire.952;Rhône
aire_parcellaire.953;Languedoc
aire_parcellaire.954;Bordeaux
aire_parcellaire.955;Bordeaux
aire_parcellaire.956;Languedoc
aire_parcellaire.957;Bordeaux
aire_parcellaire.958;Provence
aire_parcellaire.959;Rhône
aire_parcellaire.960;Bordeaux
aire_parcellaire.961;Provence
aire_parcellaire.962;Languedoc
aire_parcellaire.963;Languedoc
aire_parcellaire.964;Bordeaux
aire_parcellaire.965;Bordeaux
aire_parcellaire.966;Bordeaux
aire_parcellaire.967;Rhône
aire_parcellaire.968;Provence
aire_parcellaire.969;Sud-Ouest
aire_parcellaire.970;Rhône
aire_parcellaire.971;Languedoc
aire_parcellaire.972;Sud-Ouest
aire_parcellaire.973;Languedoc
aire_parcellaire.974;Provence
aire_parcellaire.975;Provence
aire_parcellaire.976;Bordeaux
aire_parcellaire.977;Bordeaux
aire_parcellaire.978;Bordeaux
aire_parcellaire.979;Bordeaux
aire_parcellaire.980;Sud-Ouest
aire_parcellaire.981;Provence
aire_parcellaire.982;Rhône
aire_parcellaire.983;Languedoc
aire_parcellaire.984;Corse
aire_parcellaire.985;Provence
aire_parcellaire.986;Bordeaux
aire_parcellaire.987;Languedoc
aire_parcellaire.988;Provence
aire_parcellaire.989;Languedoc
aire_parcellaire.990;Sud-Ouest
aire_parcellaire.991;Bordeaux
aire_parcellaire.992;Rhône
aire_parcellaire.993;Bordeaux
aire_parcellaire.994;Bordeaux
aire_parcellaire.995;Bordeaux
aire_parcellaire.996;Bordeaux
aire_parcellaire.997;Bordeaux
aire_parcellaire.998;Provence
aire_parcellaire.999;Sud-Ouest
aire_parcellaire.1000;Bordeaux
aire_parcellaire.1001;Provence
aire_parcellaire.1002;Rhône
aire_parcellaire.1003;Bordeaux
aire_parcellaire.1004;Rhône
aire_parcellaire.1005;Languedoc
aire_parcellaire.1006;Provence
aire_parcellaire.1007;Sud-Ouest
aire_parcellaire.1008;Provence
aire_parcellaire.1009;Sud-Ouest
aire_parcellaire.1010;Languedoc
aire_parcellaire.1011;Corse
aire_parcellaire.1012;Languedoc
aire_parcellaire.1013;Bordeaux
aire_parcellaire.1014;Sud-Ouest
aire_parcellaire.1015;Loire
aire_parcellaire.1016;Rhône
aire_parcellaire.1017;Languedoc
aire_parcellaire.1018;Provence
aire_parcellaire.1019;Sud-Ouest
aire_parcellaire.1020;Rhône
aire_parcellaire.1021;Bordeaux
aire_parcellaire.1022;Bordeaux
aire_parcellaire.1023;Bordeaux
aire_parcellaire.1024;Bordeaux
aire_parcellaire.1025;Provence
aire_parcellaire.1026;Bordeaux
aire_parcellaire.1027;Rhône
aire_parcellaire.1028;Languedoc
aire_parcellaire.1029;Rhône
aire_parcellaire.1030;Languedoc
aire_parcellaire.1031;Bordeaux
aire_parcellaire.1032;Provence
aire_parcellaire.1033;Provence
aire_parcellaire.1034;Sud-Ouest
aire_parcellaire.1035;Rhône
aire_parcellaire.1036;Bordeaux
aire_parcellaire.1037;Bordeaux
aire_parcellaire.1038;Languedoc
aire_parcellaire.1039;Sud-Ouest
aire_parcellaire.1040;Provence
aire_parcellaire.1041;Bordeaux
aire_parcellaire.1042;Rhône
aire_parcellaire.1043;Bordeaux
aire_parcellaire.1044;Rhône
aire_parcellaire.1045;Languedoc
aire_parcellaire.1046;Rhône
aire_parcellaire.1047;Rhône
aire_parcellaire.1048;Rhône
aire_parcellaire.1049;Bordeaux
aire_parcellaire.1050;Provence
aire_parcellaire.1051;Bordeaux
aire_parcellaire.1052;Rhône
aire_parcellaire.1053;Rhône
aire_parcellaire.1054;Bourgogne
aire_parcellaire.1055;Bordeaux
aire_parcellaire.1056;Bordeaux
aire_parcellaire.1057;Provence
aire_parcellaire.1058;Bordeaux
aire_parcellaire.1059;Bordeaux
aire_parcellaire.1060;Bordeaux
aire_parcellaire.1061;Rhône
aire_parcellaire.1062;Sud-Ouest
aire_parcellaire.1063;Rhône
aire_parcellaire.1064;Languedoc
aire_parcellaire.1065;Rhône
aire_parcellaire.1066;Provence
aire_parcellaire.1067;Sud-Ouest
aire_parcellaire.1068;Sud-Ouest
aire_parcellaire.1069;Languedoc
aire_parcellaire.1070;Rhône
aire_parcellaire.1071;Provence
aire_parcellaire.1072;Provence
aire_parcellaire.1073;Provence
aire_parcellaire.1074;Sud-Ouest
aire_parcellaire.1075;Jura
aire_parcellaire.1076;Provence
aire_parcellaire.1077;Sud-Ouest
aire_parcellaire.1078;Provence
aire_parcellaire.1079;Languedoc
aire_parcellaire.1080;Bourgogne
aire_parcellaire.1081;Bordeaux
aire_parcellaire.1082;Languedoc
aire_parcellaire.1083;Bordeaux
aire_parcellaire.1084;Corse
aire_parcellaire.1085;Bordeaux
aire_parcellaire.1086;Bordeaux
aire_parcellaire.1087;Bordeaux
aire_parcellaire.1088;Provence
aire_parcellaire.1089;Provence
aire_parcellaire.1090;Bordeaux
aire_parcellaire.1091;Languedoc
aire_parcellaire.1092;Jura
aire_parcellaire.1093;Languedoc
aire_parcellaire.1094;Provence
aire_parcellaire.1095;Bordeaux
aire_parcellaire.1096;Languedoc
aire_parcellaire.1097;Rhône
aire_parcellaire.1098;Bordeaux
aire_parcellaire.1099;Rhône
aire_parcellaire.1100;Bordeaux
aire_parcellaire.1101;Bordeaux
aire_parcellaire.1102;Bordeaux
aire_parcellaire.1103;Languedoc
aire_parcellaire.1104;Bordeaux
aire_parcellaire.1105;Corse
aire_parcellaire.1106;Provence
aire_parcellaire.1107;Languedoc
aire_parcellaire.1108;Languedoc
aire_parcellaire.1109;Bordeaux
aire_parcellaire.1110;Sud-Ouest
aire_parcellaire.1111;Languedoc
aire_parcellaire.1112;Rhône
aire_parcellaire.1113;Bordeaux
aire_parcellaire.1114;Bordeaux
aire_parcellaire.1115;Languedoc
aire_parcellaire.1116;Sud-Ouest
aire_parcellaire.1117;Bordeaux
aire_parcellaire.1118;Languedoc
aire_parcellaire.1119;Corse
aire_parcellaire.1120;Sud-Ouest
aire_parcellaire.1121;Provence
aire_parcellaire.1122;Rhône
aire_parcellaire.1123;Corse
aire_parcellaire.1124;Bordeaux
aire_parcellaire.1125;Bourgogne
aire_parcellaire.1126;Provence
aire_parcellaire.1127;Provence
aire_parcellaire.1128;Provence
aire_parcellaire.1129;Bourgogne
aire_parcellaire.1130;Bordeaux
aire_parcellaire.1131;Bordeaux
aire_parcellaire.1132;Sud-Ouest
aire_parcellaire.1133;Provence
aire_parcellaire.1134;Languedoc
aire_parcellaire.1135;Rhône
aire_parcellaire.1136;Provence
aire_parcellaire.1137;Sud-Ouest
aire_parcellaire.1138;Bordeaux
aire_parcellaire.1139;Languedoc
aire_parcellaire.1140;Rhône
aire_parcellaire.1141;Bordeaux
aire_parcellaire.1142;Corse
aire_parcellaire.1143;Provence
aire_parcellaire.1144;Bordeaux
aire_parcellaire.1145;Languedoc
aire_parcellaire.1146;Languedoc
aire_parcellaire.1147;Provence
aire_parcellaire.1148;Provence
aire_parcellaire.1149;Alsace
aire_parcellaire.1150;Languedoc
aire_parcellaire.1151;Rhône
aire_parcellaire.1152;Sud-Ouest
aire_parcellaire.1153;Languedoc
aire_parcellaire.1154;Bordeaux
aire_parcellaire.1155;Provence
aire_parcellaire.1156;Bordeaux
aire_parcellaire.1157;Bordeaux
aire_parcellaire.1158;Rhône
aire_parcellaire.1159;Rhône
aire_parcellaire.1160;Sud-Ouest
aire_parcellaire.1161;Bordeaux
aire_parcellaire.1162;Rhône
aire_parcellaire.1163;Provence
aire_parcellaire.1164;Sud-Ouest
aire_parcellaire.1165;Corse
aire_parcellaire.1166;Languedoc
aire_parcellaire.1167;Provence
aire_parcellaire.1168;Alsace
aire_parcellaire.1169;Provence
aire_parcellaire.1170;Bordeaux
aire_parcellaire.1171;Bordeaux
aire_parcellaire.1172;Languedoc
aire_parcellaire.1173;Languedoc
aire_parcellaire.1174;Sud-Ouest
aire_parcellaire.1175;Provence
aire_parcellaire.1176;Sud-Ouest
aire_parcellaire.1177;Languedoc
aire_parcellaire.1178;Languedoc
aire_parcellaire.1179;Sud-Ouest
aire_parcellaire.1180;Rhône
aire_parcellaire.1181;Rhône
aire_parcellaire.1182;Languedoc
aire_parcellaire.1183;Languedoc
aire_parcellaire.1184;Languedoc
aire_parcellaire.1185;Languedoc
aire_parcellaire.1186;Provence
aire_parcellaire.1187;Bordeaux
aire_parcellaire.1188;Provence
aire_parcellaire.1189;Bordeaux
aire_parcellaire.1190;Bordeaux
aire_parcellaire.1191;Bordeaux
aire_parcellaire.1192;Sud-Ouest
aire_parcellaire.1193;Corse
aire_parcellaire.1194;Bordeaux
aire_parcellaire.1195;Languedoc
aire_parcellaire.1196;Bordeaux
aire_parcellaire.1197;Provence
aire_parcellaire.1198;Rhône
aire_parcellaire.1199;Provence
aire_parcellaire.1200;Bordeaux
aire_parcellaire.1201;Rhône
aire_parcellaire.1202;Loire
aire_parcellaire.1203;Rhône
aire_parcellaire.1204;Provence
aire_parcellaire.1205;Rhône
aire_parcellaire.1206;Bordeaux
aire_parcellaire.1207;Provence
aire_parcellaire.1208;Bordeaux
aire_parcellaire.1209;Provence
aire_parcellaire.1210;Bordeaux
aire_parcellaire.1211;Bordeaux
aire_parcellaire.1212;Bordeaux
aire_parcellaire.1213;Bordeaux
aire_parcellaire.1214;Bordeaux
aire_parcellaire.1215;Sud-Ouest
aire_parcellaire.1216;Bordeaux
aire_parcellaire.1217;Languedoc
aire_parcellaire.1218;Languedoc
aire_parcellaire.1219;Bourgogne
aire_parcellaire.1220;Provence
aire_parcellaire.1221;Sud-Ouest
aire_parcellaire.1222;Rhône
aire_parcellaire.1223;Beaujolais
aire_parcellaire.1224;Rhône
aire_parcellaire.1225;Corse
aire_parcellaire.1226;Bordeaux
aire_parcellaire.1227;Provence
aire_parcellaire.1228;Rhône
aire_parcellaire.1229;Languedoc
aire_parcellaire.1230;Languedoc
aire_parcellaire.1231;Bordeaux
aire_parcellaire.1232;Bordeaux
aire_parcellaire.1233;Rhône
aire_parcellaire.1234;Bordeaux
aire_parcellaire.1235;Languedoc
aire_parcellaire.1236;Bordeaux
aire_parcellaire.1237;Languedoc
aire_parcellaire.1238;Languedoc
aire_parcellaire.1239;Languedoc
aire_parcellaire.1240;Beaujolais
aire_parcellaire.1241;Bordeaux
aire_parcellaire.1242;Rhône
aire_parcellaire.1243;Languedoc
aire_parcellaire.1244;Languedoc
aire_parcellaire.1245;Bordeaux
aire_parcellaire.1246;Jura
aire_parcellaire.1247;Bordeaux
aire_parcellaire.1248;Sud-Ouest
aire_parcellaire.1249;Bordeaux
aire_parcellaire.1250;Bordeaux
aire_parcellaire.1251;Provence
aire_parcellaire.1252;Corse
aire_parcellaire.1253;Corse
aire_parcellaire.1254;Rhône
aire_parcellaire.1255;Languedoc
aire_parcellaire.1256;Rhône
aire_parcellaire.1257;Provence
aire_parcellaire.1258;Sud-Ouest
aire_parcellaire.1259;Bordeaux
aire_parcellaire.1260;Sud-Ouest
aire_parcellaire.1261;Bordeaux
aire_parcellaire.1262;Sud-Ouest
aire_parcellaire.1263;Rhône
aire_parcellaire.1264;Bordeaux
aire_parcellaire.1265;Bordeaux
aire_parcellaire.1266;Rhône
aire_parcellaire.1267;Bordeaux
aire_parcellaire.1268;Rhône
aire_parcellaire.1269;Languedoc
aire_parcellaire.1270;Rhône
aire_parcellaire.1271;Provence
aire_parcellaire.1272;Provence
aire_parcellaire.1273;Rhône
aire_parcellaire.1274;Languedoc
aire_parcellaire.1275;Bordeaux
aire_parcellaire.1276;Languedoc
aire_parcellaire.1277;Rhône
aire_parcellaire.1278;Languedoc
aire_parcellaire.1279;Sud-Ouest
aire_parcellaire.1280;Languedoc
aire_parcellaire.1281;Rhône
aire_parcellaire.1282;Provence
aire_parcellaire.1283;Sud-Ouest
aire_parcellaire.1284;Sud-Ouest
aire_parcellaire.1285;Provence
aire_parcellaire.1286;Languedoc
aire_parcellaire.1287;Languedoc
aire_parcellaire.1288;Sud-Ouest
aire_parcellaire.1289;Rhône
aire_parcellaire.1290;Provence
aire_parcellaire.1291;Sud-Ouest
aire_parcellaire.1292;Corse
aire_parcellaire.1293;Sud-Ouest
aire_parcellaire.1294;Languedoc
aire_parcellaire.1295;Bordeaux
aire_parcellaire.1296;Sud-Ouest
aire_parcellaire.1297;Bordeaux
aire_parcellaire.1298;Sud-Ouest
aire_parcellaire.1299;Bordeaux
aire_parcellaire.1300;Rhône
aire_parcellaire.1301;Rhône
aire_parcellaire.1302;Corse
aire_parcellaire.1303;Alsace
aire_parcellaire.1304;Provence
aire_parcellaire.1305;Provence
aire_parcellaire.1306;Corse
aire_parcellaire.1307;Languedoc
aire_parcellaire.1308;Rhône
aire_parcellaire.1309;Rhône
aire_parcellaire.1310;Languedoc
aire_parcellaire.1311;Sud-Ouest
aire_parcellaire.1312;Languedoc
aire_parcellaire.1313;Sud-Ouest
aire_parcellaire.1314;Alsace
aire_parcellaire.1315;Rhône
aire_parcellaire.1316;Sud-Ouest
aire_parcellaire.1317;Bordeaux
aire_parcellaire.1318;Sud-Ouest
aire_parcellaire.1319;Bordeaux
aire_parcellaire.1320;Languedoc
aire_parcellaire.1321;Sud-Ouest
aire_parcellaire.1322;Provence
aire_parcellaire.1323;Provence
aire_parcellaire.1324;Provence
aire_parcellaire.1325;Loire
aire_parcellaire.1326;Corse
aire_parcellaire.1327;Rhône
aire_parcellaire.1328;Bordeaux
aire_parcellaire.1329;Languedoc
aire_parcellaire.1330;Bordeaux
aire_parcellaire.1331;Bordeaux
aire_parcellaire.1332;Rhône
aire_parcellaire.1333;Bordeaux
aire_parcellaire.1334;Provence
aire_parcellaire.1335;Provence
aire_parcellaire.1336;Sud-Ouest
aire_parcellaire.1337;Provence
aire_parcellaire.1338;Sud-Ouest
aire_parcellaire.1339;Languedoc
aire_parcellaire.1340;Bourgogne
aire_parcellaire.1341;Languedoc
aire_parcellaire.1342;Sud-Ouest
aire_parcellaire.1343;Languedoc
aire_parcellaire.1344;Sud-Ouest
aire_parcellaire.1345;Languedoc
aire_parcellaire.1346;Provence
aire_parcellaire.1347;Sud-Ouest
aire_parcellaire.1348;Languedoc
aire_parcellaire.1349;Provence
aire_parcellaire.1350;Provence
aire_parcellaire.1351;Sud-Ouest
aire_parcellaire.1352;Bordeaux
aire_parcellaire.1353;Languedoc
aire_parcellaire.1354;Sud-Ouest
aire_parcellaire.1355;Corse
aire_parcellaire.1356;Sud-Ouest
aire_parcellaire.1357;Bordeaux
aire_parcellaire.1358;Bordeaux
aire_parcellaire.1359;Provence
aire_parcellaire.1360;Bordeaux
aire_parcellaire.1361;Languedoc
aire_parcellaire.1362;Rhône
aire_parcellaire.1363;Corse
aire_parcellaire.1364;Rhône
aire_parcellaire.1365;Provence
aire_parcellaire.1366;Bordeaux
aire_parcellaire.1367;Corse
aire_parcellaire.1368;Rhône
aire_parcellaire.1369;Provence
aire_parcellaire.1370;Bordeaux
aire_parcellaire.1371;Provence
aire_parcellaire.1372;Bordeaux
aire_parcellaire.1373;Languedoc
aire_parcellaire.1374;Rhône
aire_parcellaire.1375;Bordeaux
aire_parcellaire.1376;Provence
aire_parcellaire.1377;Rhône
aire_parcellaire.1378;Languedoc
aire_parcellaire.1379;Alsace
aire_parcellaire.1380;Sud-Ouest
aire_parcellaire.1381;Rhône
aire_parcellaire.1382;Provence
aire_parcellaire.1383;Sud-Ouest
aire_parcellaire.1384;Bordeaux
aire_parcellaire.1385;Provence
aire_parcellaire.1386;Bordeaux
aire_parcellaire.1387;Languedoc
aire_parcellaire.1388;Rhône
aire_parcellaire.1389;Bordeaux
aire_parcellaire.1390;Loire
aire_parcellaire.1391;Rhône
aire_parcellaire.1392;Bordeaux
aire_parcellaire.1393;Sud-Ouest
aire_parcellaire.1394;Rhône
aire_parcellaire.1395;Provence
aire_parcellaire.1396;Sud-Ouest
aire_parcellaire.1397;Corse
aire_parcellaire.1398;Provence
aire_parcellaire.1399;Bordeaux
aire_parcellaire.1400;Sud-Ouest
aire_parcellaire.1401;Rhône
aire_parcellaire.1402;Sud-Ouest
aire_parcellaire.1403;Rhône
aire_parcellaire.1404;Provence
aire_parcellaire.1405;Bordeaux
aire_parcellaire.1406;Rhône
aire_parcellaire.1407;Sud-Ouest
aire_parcellaire.1408;Provence
aire_parcellaire.1409;Bordeaux
aire_parcellaire.1410;Rhône
aire_parcellaire.1411;Rhône
aire_parcellaire.1412;Provence
aire_parcellaire.1413;Languedoc
aire_parcellaire.1414;Languedoc
aire_parcellaire.1415;Languedoc
aire_parcellaire.1416;Languedoc
aire_parcellaire.1417;Bordeaux
aire_parcellaire.1418;Bordeaux
aire_parcellaire.1419;Rhône
aire_parcellaire.1420;Languedoc
aire_parcellaire.1421;Alsace
aire_parcellaire.1422;Sud-Ouest
aire_parcellaire.1423;Languedoc
aire_parcellaire.1424;Languedoc
aire_parcellaire.1425;Rhône
aire_parcellaire.1426;Bordeaux
aire_parcellaire.1427;Bordeaux
aire_parcellaire.1428;Bordeaux
aire_parcellaire.1429;Rhône
aire_parcellaire.1430;Sud-Ouest
aire_parcellaire.1431;Corse
aire_parcellaire.1432;Provence
aire_parcellaire.1433;Jura
aire_parcellaire.1434;Rhône
aire_parcellaire.1435;Bordeaux
aire_parcellaire.1436;Rhône
aire_parcellaire.1437;Languedoc
aire_parcellaire.1438;Rhône
aire_parcellaire.1439;Sud-Ouest
aire_parcellaire.1440;Provence
aire_parcellaire.1441;Bordeaux
aire_parcellaire.1442;Rhône
aire_parcellaire.1443;Bordeaux
aire_parcellaire.1444;Rhône
aire_parcellaire.1445;Languedoc
aire_parcellaire.1446;Corse
aire_parcellaire.1447;Rhône
aire_parcellaire.1448;Bordeaux
aire_parcellaire.1449;Corse
aire_parcellaire.1450;Rhône
aire_parcellaire.1451;Provence
aire_parcellaire.1452;Provence
aire_parcellaire.1453;Alsace
aire_parcellaire.1454;Sud-Ouest
aire_parcellaire.1455;Bourgogne
aire_parcellaire.1456;Languedoc
aire_parcellaire.1457;Bordeaux
aire_parcellaire.1458;Languedoc
aire_parcellaire.1459;Bordeaux
aire_parcellaire.1460;Bordeaux
aire_parcellaire.1461;Corse
aire_parcellaire.1462;Bordeaux
aire_parcellaire.1463;Bordeaux
aire_parcellaire.1464;Provence
aire_parcellaire.1465;Bordeaux
aire_parcellaire.1466;Languedoc
aire_parcellaire.1467;Bordeaux
aire_parcellaire.1468;Rhône
aire_parcellaire.1469;Rhône
aire_parcellaire.1470;Languedoc
aire_parcellaire.1471;Bordeaux
aire_parcellaire.1472;Provence
aire_parcellaire.1473;Rhône
aire_parcellaire.1474;Provence
aire_parcellaire.1475;Rhône
aire_parcellaire.1476;Bordeaux
aire_parcellaire.1477;Languedoc
aire_parcellaire.1478;Bordeaux
aire_parcellaire.1479;Bordeaux
aire_parcellaire.1480;Sud-Ouest
aire_parcellaire.1481;Bordeaux
aire_parcellaire.1482;Languedoc
aire_parcellaire.1483;Corse
aire_parcellaire.1484;Rhône
aire_parcellaire.1485;Provence
aire_parcellaire.1486;Provence
aire_parcellaire.1487;Corse
aire_parcellaire.1488;Languedoc
aire_parcellaire.1489;Corse
aire_parcellaire.1490;Bordeaux
aire_parcellaire.1491;Sud-Ouest
aire_parcellaire.1492;Languedoc
aire_parcellaire.1493;Sud-Ouest
aire_parcellaire.1494;Languedoc
aire_parcellaire.1495;Bordeaux
aire_parcellaire.1496;Rhône
aire_parcellaire.1497;Languedoc
aire_parcellaire.1498;Bourgogne
aire_parcellaire.1499;Languedoc
aire_parcellaire.1500;Rhône
aire_parcellaire.1501;Bordeaux
aire_parcellaire.1502;Languedoc
aire_parcellaire.1503;Sud-Ouest
aire_parcellaire.1504;Provence
aire_parcellaire.1505;Rhône
aire_parcellaire.1506;Provence
aire_parcellaire.1507;Languedoc
aire_parcellaire.1508;Languedoc
aire_parcellaire.1509;Bordeaux
aire_parcellaire.1510;Languedoc
aire_parcellaire.1511;Rhône
aire_parcellaire.1512;Bordeaux
aire_parcellaire.1513;Languedoc
aire_parcellaire.1514;Languedoc
aire_parcellaire.1515;Bordeaux
aire_parcellaire.1516;Bordeaux
aire_parcellaire.1517;Provence
aire_parcellaire.1518;Provence
aire_parcellaire.1519;Provence
aire_parcellaire.1520;Bordeaux
aire_parcellaire.1521;Sud-Ouest
aire_parcellaire.1522;Provence
aire_parcellaire.1523;Alsace
aire_parcellaire.1524;Bordeaux
aire_parcellaire.1525;Bordeaux
aire_parcellaire.1526;Rhône
aire_parcellaire.1527;Bordeaux
aire_parcellaire.1528;Rhône
aire_parcellaire.1529;Rhône
aire_parcellaire.1530;Rhône
aire_parcellaire.1531;Bordeaux
aire_parcellaire.1532;Sud-Ouest
aire_parcellaire.1533;Languedoc
aire_parcellaire.1534;Bordeaux
aire_parcellaire.1535;Rhône
aire_parcellaire.1536;Rhône
aire_parcellaire.1537;Bordeaux
aire_parcellaire.1538;Rhône
aire_parcellaire.1539;Provence
aire_parcellaire.1540;Loire
aire_parcellaire.1541;Bordeaux
aire_parcellaire.1542;Languedoc
aire_parcellaire.1543;Rhône
aire_parcellaire.1544;Rhône
aire_parcellaire.1545;Provence
aire_parcellaire.1546;Sud-Ouest
aire_parcellaire.1547;Sud-Ouest
aire_parcellaire.1548;Rhône
aire_parcellaire.1549;Bordeaux
aire_parcellaire.1550;Rhône
aire_parcellaire.1551;Languedoc
aire_parcellaire.1552;Alsace
aire_parcellaire.1553;Rhône
aire_parcellaire.1554;Bordeaux
aire_parcellaire.1555;Provence
aire_parcellaire.1556;Languedoc
aire_parcellaire.1557;Languedoc
aire_parcellaire.1558;Provence
aire_parcellaire.1559;Corse
aire_parcellaire.1560;Provence
aire_parcellaire.1561;Provence
aire_parcellaire.1562;Provence
aire_parcellaire.1563;Sud-Ouest
aire_parcellaire.1564;Languedoc
aire_parcellaire.1565;Bordeaux
aire_parcellaire.1566;Bordeaux
aire_parcellaire.1567;Corse
aire_parcellaire.1568;Rhône
aire_parcellaire.1569;Bordeaux
aire_parcellaire.1570;Languedoc
aire_parcellaire.1571;Sud-Ouest
aire_parcellaire.1572;Corse
aire_parcellaire.1573;Languedoc
aire_parcellaire.1574;Sud-Ouest
aire_parcellaire.1575;Sud-Ouest
aire_parcellaire.1576;Rhône
aire_parcellaire.1577;Rhône
aire_parcellaire.1578;Bordeaux
aire_parcellaire.1579;Languedoc
aire_parcellaire.1580;Bordeaux
aire_parcellaire.1581;Rhône
aire_parcellaire.1582;Languedoc
aire_parcellaire.1583;Provence
aire_parcellaire.1584;Languedoc
aire_parcellaire.1585;Rhône
aire_parcellaire.1586;Languedoc
aire_parcellaire.1587;Provence
aire_parcellaire.1588;Jura
aire_parcellaire.1589;Corse
aire_parcellaire.1590;Bordeaux
aire_parcellaire.1591;Sud-Ouest
aire_parcellaire.1592;Rhône
aire_parcellaire.1593;Rhône
aire_parcellaire.1594;Languedoc
aire_parcellaire.1595;Languedoc
aire_parcellaire.1596;Languedoc
aire_parcellaire.1597;Sud-Ouest
aire_parcellaire.1598;Provence
aire_parcellaire.1599;Bordeaux
aire_parcellaire.1600;Provence
aire_parcellaire.1601;Languedoc
aire_parcellaire.1602;Languedoc
aire_parcellaire.1603;Beaujolais
aire_parcellaire.1604;Bordeaux
aire_parcellaire.1605;Provence
aire_parcellaire.1606;Languedoc
aire_parcellaire.1607;Sud-Ouest
aire_parcellaire.1608;Provence
aire_parcellaire.1609;Languedoc
aire_parcellaire.1610;Provence
aire_parcellaire.1611;Languedoc
aire_parcellaire.1612;Provence
aire_parcellaire.1613;Languedoc
aire_parcellaire.1614;Languedoc
aire_parcellaire.1615;Sud-Ouest
aire_parcellaire.1616;Sud-Ouest
aire_parcellaire.1617;Languedoc
aire_parcellaire.1618;Bordeaux
aire_parcellaire.1619;Provence
aire_parcellaire.1620;Bordeaux
aire_parcellaire.1621;Corse
aire_parcellaire.1622;Sud-Ouest
aire_parcellaire.1623;Provence
aire_parcellaire.1624;Bordeaux
aire_parcellaire.1625;Bordeaux
aire_parcellaire.1626;Languedoc
aire_parcellaire.1627;Corse
aire_parcellaire.1628;Rhône
aire_parcellaire.1629;Bourgogne
aire_parcellaire.1630;Corse
aire_parcellaire.1631;Sud-Ouest
aire_parcellaire.1632;Sud-Ouest
aire_parcellaire.1633;Languedoc
aire_parcellaire.1634;Loire
aire_parcellaire.1635;Alsace
aire_parcellaire.1636;Provence
aire_parcellaire.1637;Languedoc
aire_parcellaire.1638;Rhône
aire_parcellaire.1639;Bordeaux
aire_parcellaire.1640;Languedoc
aire_parcellaire.1641;Sud-Ouest
aire_parcellaire.1642;Languedoc
aire_parcellaire.1643;Rhône
aire_parcellaire.1644;Savoie
aire_parcellaire.1645;Jura
aire_parcellaire.1646;Provence
aire_parcellaire.1647;Languedoc
aire_parcellaire.1648;Sud-Ouest
aire_parcellaire.1649;Alsace
aire_parcellaire.1650;Rhône
aire_parcellaire.1651;Bordeaux
aire_parcellaire.1652;Rhône
aire_parcellaire.1653;Rhône
aire_parcellaire.1654;Sud-Ouest
aire_parcellaire.1655;Sud-Ouest
aire_parcellaire.1656;Jura
aire_parcellaire.1657;Rhône
aire_parcellaire.1658;Rhône
aire_parcellaire.1659;Sud-Ouest
aire_parcellaire.1660;Languedoc
aire_parcellaire.1661;Sud-Ouest
aire_parcellaire.1662;Languedoc
aire_parcellaire.1663;Languedoc
aire_parcellaire.1664;Sud-Ouest
aire_parcellaire.1665;Languedoc
aire_parcellaire.1666;Rhône
aire_parcellaire.1667;Provence
aire_parcellaire.1668;Corse
aire_parcellaire.1669;Bourgogne
aire_parcellaire.1670;Provence
aire_parcellaire.1671;Sud-Ouest
aire_parcellaire.1672;Rhône
aire_parcellaire.1673;Bordeaux
aire_parcellaire.1674;Provence
aire_parcellaire.1675;Rhône
aire_parcellaire.1676;Bordeaux
aire_parcellaire.1677;Bordeaux
aire_parcellaire.1678;Bordeaux
aire_parcellaire.1679;Provence
aire_parcellaire.1680;Bourgogne
aire_parcellaire.1681;Rhône
aire_parcellaire.1682;Bordeaux
aire_parcellaire.1683;Languedoc
aire_parcellaire.1684;Languedoc
aire_parcellaire.1685;Languedoc
aire_parcellaire.1686;Bordeaux
aire_parcellaire.1687;Languedoc
aire_parcellaire.1688;Rhône
aire_parcellaire.1689;Bordeaux
aire_parcellaire.1690;Bordeaux
aire_parcellaire.1691;Languedoc
aire_parcellaire.1692;Provence
aire_parcellaire.1693;Languedoc
aire_parcellaire.1694;Bordeaux
aire_parcellaire.1695;Languedoc
aire_parcellaire.1696;Languedoc
aire_parcellaire.1697;Languedoc
aire_parcellaire.1698;Bordeaux
aire_parcellaire.1699;Bordeaux
aire_parcellaire.1700;Corse
aire_parcellaire.1701;Bordeaux
aire_parcellaire.1702;Bordeaux
aire_parcellaire.1703;Rhône
aire_parcellaire.1704;Rhône
aire_parcellaire.1705;Bourgogne
aire_parcellaire.1706;Languedoc
aire_parcellaire.1707;Languedoc
aire_parcellaire.1708;Sud-Ouest
aire_parcellaire.1709;Provence
aire_parcellaire.1710;Sud-Ouest
aire_parcellaire.1711;Sud-Ouest
aire_parcellaire.1712;Bordeaux
aire_parcellaire.1713;Sud-Ouest
aire_parcellaire.1714;Languedoc
aire_parcellaire.1715;Sud-Ouest
aire_parcellaire.1716;Rhône
aire_parcellaire.1717;Sud-Ouest
aire_parcellaire.1718;Languedoc
aire_parcellaire.1719;Sud-Ouest
aire_parcellaire.1720;Sud-Ouest
aire_parcellaire.1721;Rhône
aire_parcellaire.1722;Corse
aire_parcellaire.1723;Sud-Ouest
aire_parcellaire.1724;Languedoc
aire_parcellaire.1725;Bordeaux
aire_parcellaire.1726;Languedoc
aire_parcellaire.1727;Sud-Ouest
aire_parcellaire.1728;Bordeaux
aire_parcellaire.1729;Bordeaux
aire_parcellaire.1730;Corse
aire_parcellaire.1731;Bordeaux
aire_parcellaire.1732;Languedoc
aire_parcellaire.1733;Bourgogne
aire_parcellaire.1734;Languedoc
aire_parcellaire.1735;Rhône
aire_parcellaire.1736;Bordeaux
aire_parcellaire.1737;Sud-Ouest
aire_parcellaire.1738;Languedoc
aire_parcellaire.1739;Bordeaux
aire_parcellaire.1740;Rhône
aire_parcellaire.1741;Rhône
aire_parcellaire.1742;Bordeaux
aire_parcellaire.1743;Provence
aire_parcellaire.1744;Bordeaux
aire_parcellaire.1745;Rhône
aire_parcellaire.1746;Corse
aire_parcellaire.1747;Languedoc
aire_parcellaire.1748;Rhône
aire_parcellaire.1749;Languedoc
aire_parcellaire.1750;Languedoc
aire_parcellaire.1751;Provence
aire_parcellaire.1752;Sud-Ouest
aire_parcellaire.1753;Languedoc
aire_parcellaire.1754;Provence
aire_parcellaire.1755;Alsace
aire_parcellaire.1756;Bordeaux
aire_parcellaire.1757;Bordeaux
aire_parcellaire.1758;Bordeaux
aire_parcellaire.1759;Provence
aire_parcellaire.1760;Bordeaux
aire_parcellaire.1761;Provence
aire_parcellaire.1762;Corse
aire_parcellaire.1763;Provence
aire_parcellaire.1764;Languedoc
aire_parcellaire.1765;Rhône
aire_parcellaire.1766;Rhône
aire_parcellaire.1767;Languedoc
aire_parcellaire.1768;Provence
aire_parcellaire.1769;Corse
aire_parcellaire.1770;Bordeaux
aire_parcellaire.1771;Rhône
aire_parcellaire.1772;Rhône
aire_parcellaire.1773;Provence
aire_parcellaire.1774;Provence
aire_parcellaire.1775;Languedoc
aire_parcellaire.1776;Sud-Ouest
aire_parcellaire.1777;Bordeaux
aire_parcellaire.1778;Provence
aire_parcellaire.1779;Rhône
aire_parcellaire.1780;Bordeaux
aire_parcellaire.1781;Provence
aire_parcellaire.1782;Languedoc
aire_parcellaire.1783;Bordeaux
aire_parcellaire.1784;Sud-Ouest
aire_parcellaire.1785;Provence
aire_parcellaire.1786;Provence
aire_parcellaire.1787;Provence
aire_parcellaire.1788;Provence
aire_parcellaire.1789;Bordeaux
aire_parcellaire.1790;Rhône
aire_parcellaire.1791;Sud-Ouest
aire_parcellaire.1792;Bordeaux
aire_parcellaire.1793;Languedoc
aire_parcellaire.1794;Bordeaux
aire_parcellaire.1795;Loire
aire_parcellaire.1796;Sud-Ouest
aire_parcellaire.1797;Sud-Ouest
aire_parcellaire.1798;Bordeaux
aire_parcellaire.1799;Provence
aire_parcellaire.1800;Sud-Ouest
aire_parcellaire.1801;Bordeaux
aire_parcellaire.1802;Languedoc
aire_parcellaire.1803;Bordeaux
aire_parcellaire.1804;Sud-Ouest
aire_parcellaire.1805;Languedoc
aire_parcellaire.1806;Sud-Ouest
aire_parcellaire.1807;Sud-Ouest
aire_parcellaire.1808;Provence
aire_parcellaire.1809;Rhône
aire_parcellaire.1810;Languedoc
aire_parcellaire.1811;Languedoc
aire_parcellaire.1812;Rhône
aire_parcellaire.1813;Sud-Ouest
aire_parcellaire.1814;Provence
aire_parcellaire.1815;Sud-Ouest
aire_parcellaire.1816;Bordeaux
aire_parcellaire.1817;Sud-Ouest
aire_parcellaire.1818;Languedoc
aire_parcellaire.1819;Languedoc
aire_parcellaire.1820;Bordeaux
aire_parcellaire.1821;Languedoc
aire_parcellaire.1822;Bordeaux
aire_parcellaire.1823;Bordeaux
aire_parcellaire.1824;Languedoc
aire_parcellaire.1825;Provence
aire_parcellaire.1826;Rhône
aire_parcellaire.1827;Rhône
aire_parcellaire.1828;Languedoc
aire_parcellaire.1829;Bordeaux
aire_parcellaire.1830;Loire
aire_parcellaire.1831;Rhône
aire_parcellaire.1832;Sud-Ouest
aire_parcellaire.1833;Languedoc
aire_parcellaire.1834;Provence
aire_parcellaire.1835;Languedoc
aire_parcellaire.1836;Bourgogne
aire_parcellaire.1837;Rhône
aire_parcellaire.1838;Bordeaux
aire_parcellaire.1839;Bordeaux
aire_parcellaire.1840;Provence
aire_parcellaire.1841;Bordeaux
aire_parcellaire.1842;Corse
aire_parcellaire.1843;Bordeaux
aire_parcellaire.1844;Languedoc
aire_parcellaire.1845;Provence
aire_parcellaire.1846;Rhône
aire_parcellaire.1847;Languedoc
aire_parcellaire.1848;Languedoc
aire_parcellaire.1849;Rhône
aire_parcellaire.1850;Sud-Ouest
aire_parcellaire.1851;Sud-Ouest
aire_parcellaire.1852;Rhône
aire_parcellaire.1853;Rhône
aire_parcellaire.1854;Rhône
aire_parcellaire.1855;Sud-Ouest
aire_parcellaire.1856;Jura
aire_parcellaire.1857;Provence
aire_parcellaire.1858;Bourgogne
aire_parcellaire.1859;Provence
aire_parcellaire.1860;Bordeaux
aire_parcellaire.1861;Bordeaux
aire_parcellaire.1862;Provence
aire_parcellaire.1863;Rhône
aire_parcellaire.1864;Sud-Ouest
aire_parcellaire.1865;Rhône
aire_parcellaire.1866;Bordeaux
aire_parcellaire.1867;Sud-Ouest
aire_parcellaire.1868;Languedoc
aire_parcellaire.1869;Languedoc
aire_parcellaire.1870;Sud-Ouest
aire_parcellaire.1871;Corse
aire_parcellaire.1872;Provence
aire_parcellaire.1873;Rhône
aire_parcellaire.1874;Rhône
aire_parcellaire.1875;Languedoc
aire_parcellaire.1876;Bordeaux
aire_parcellaire.1877;Bordeaux
aire_parcellaire.1878;Bordeaux
aire_parcellaire.1879;Corse
aire_parcellaire.1880;Bordeaux
aire_parcellaire.1881;Bordeaux
aire_parcellaire.1882;Languedoc
aire_parcellaire.1883;Rhône
aire_parcellaire.1884;Languedoc
aire_parcellaire.1885;Bordeaux
aire_parcellaire.1886;Languedoc
aire_parcellaire.1887;Rhône
aire_parcellaire.1888;Bordeaux
aire_parcellaire.1889;Languedoc
aire_parcellaire.1890;Languedoc
aire_parcellaire.1891;Languedoc
aire_parcellaire.1892;Rhône
aire_parcellaire.1893;Rhône
aire_parcellaire.1894;Rhône
aire_parcellaire.1895;Rhône
aire_parcellaire.1896;Provence
aire_parcellaire.1897;Languedoc
aire_parcellaire.1898;Languedoc
aire_parcellaire.1899;Sud-Ouest
aire_parcellaire.1900;Corse
aire_parcellaire.1901;Provence
aire_parcellaire.1902;Corse
aire_parcellaire.1903;Alsace
aire_parcellaire.1904;Provence
aire_parcellaire.1905;Sud-Ouest
aire_parcellaire.1906;Provence
aire_parcellaire.1907;Rhône
aire_parcellaire.1908;Rhône
aire_parcellaire.1909;Rhône
aire_parcellaire.1910;Bordeaux
aire_parcellaire.1911;Languedoc
aire_parcellaire.1912;Corse
aire_parcellaire.1913;Languedoc
aire_parcellaire.1914;Provence
aire_parcellaire.1915;Sud-Ouest
aire_parcellaire.1916;Corse
aire_parcellaire.1917;Sud-Ouest
aire_parcellaire.1918;Provence
aire_parcellaire.1919;Rhône
aire_parcellaire.1920;Sud-Ouest
aire_parcellaire.1921;Provence
aire_parcellaire.1922;Sud-Ouest
aire_parcellaire.1923;Sud-Ouest
aire_parcellaire.1924;Languedoc
aire_parcellaire.1925;Rhône
aire_parcellaire.1926;Rhône
aire_parcellaire.1927;Languedoc
aire_parcellaire.1928;Sud-Ouest
aire_parcellaire.1929;Languedoc
aire_parcellaire.1930;Sud-Ouest
aire_parcellaire.1931;Sud-Ouest
aire_parcellaire.1932;Rhône
aire_parcellaire.1933;Bordeaux
aire_parcellaire.1934;Rhône
aire_parcellaire.1935;Rhône
aire_parcellaire.1936;Languedoc
aire_parcellaire.1937;Provence
aire_parcellaire.1938;Rhône
aire_parcellaire.1939;Sud-Ouest
aire_parcellaire.1940;Rhône
aire_parcellaire.1941;Languedoc
aire_parcellaire.1942;Corse
aire_parcellaire.1943;Provence
aire_parcellaire.1944;Provence
aire_parcellaire.1945;Sud-Ouest
aire_parcellaire.1946;Languedoc
aire_parcellaire.1947;Rhône
aire_parcellaire.1948;Languedoc
aire_parcellaire.1949;Languedoc
aire_parcellaire.1950;Alsace
aire_parcellaire.1951;Jura
aire_parcellaire.1952;Bordeaux
aire_parcellaire.1953;Rhône
aire_parcellaire.1954;Rhône
aire_parcellaire.1955;Languedoc
aire_parcellaire.1956;Corse
aire_parcellaire.1957;Rhône
aire_parcellaire.1958;Languedoc
aire_parcellaire.1959;Bordeaux
aire_parcellaire.1960;Languedoc
aire_parcellaire.1961;Languedoc
aire_parcellaire.1962;Bordeaux
aire_parcellaire.1963;Rhône
aire_parcellaire.1964;Provence
aire_parcellaire.1965;Languedoc
aire_parcellaire.1966;Languedoc
aire_parcellaire.1967;Alsace
aire_parcellaire.1968;Rhône
aire_parcellaire.1969;Languedoc
aire_parcellaire.1970;Languedoc
aire_parcellaire.1971;Languedoc
aire_parcellaire.1972;Bordeaux
aire_parcellaire.1973;Provence
aire_parcellaire.1974;Rhône
aire_parcellaire.1975;Sud-Ouest
aire_parcellaire.1976;Provence
aire_parcellaire.1977;Corse
aire_parcellaire.1978;Provence
aire_parcellaire.1979;Languedoc
aire_parcellaire.1980;Sud-Ouest
aire_parcellaire.1981;Rhône
aire_parcellaire.1982;Rhône
aire_parcellaire.1983;Languedoc
aire_parcellaire.1984;Rhône
aire_parcellaire.1985;Provence
aire_parcellaire.1986;Beaujolais
aire_parcellaire.1987;Sud-Ouest
aire_parcellaire.1988;Rhône
aire_parcellaire.1989;Languedoc
aire_parcellaire.1990;Bordeaux
aire_parcellaire.1991;Languedoc
aire_parcellaire.1992;Provence
aire_parcellaire.1993;Corse
aire_parcellaire.1994;Languedoc
aire_parcellaire.1995;Languedoc
aire_parcellaire.1996;Bordeaux
aire_parcellaire.1997;Languedoc
aire_parcellaire.1998;Languedoc
aire_parcellaire.1999;Provence
aire_parcellaire.2000;Languedoc
aire_parcellaire.2001;Bordeaux
aire_parcellaire.2002;Bordeaux
aire_parcellaire.2003;Bordeaux
aire_parcellaire.2004;Bourgogne
aire_parcellaire.2005;Bordeaux
aire_parcellaire.2006;Bordeaux
aire_parcellaire.2007;Rhône
aire_parcellaire.2008;Corse
aire_parcellaire.2009;Rhône
aire_parcellaire.2010;Bordeaux
aire_parcellaire.2011;Sud-Ouest
aire_parcellaire.2012;Provence
aire_parcellaire.2013;Provence
aire_parcellaire.2014;Provence
aire_parcellaire.2015;Corse
aire_parcellaire.2016;Languedoc
aire_parcellaire.2017;Bordeaux
aire_parcellaire.2018;Provence
aire_parcellaire.2019;Provence
aire_parcellaire.2020;Alsace
aire_parcellaire.2021;Bordeaux
aire_parcellaire.2022;Bordeaux
aire_parcellaire.2023;Languedoc
aire_parcellaire.2024;Loire
aire_parcellaire.2025;Provence
aire_parcellaire.2026;Provence
aire_parcellaire.2027;Languedoc
aire_parcellaire.2028;Rhône
aire_parcellaire.2029;Provence
aire_parcellaire.2030;Bordeaux
aire_parcellaire.2031;Sud-Ouest
aire_parcellaire.2032;Beaujolais
aire_parcellaire.2033;Alsace
aire_parcellaire.2034;Loire
aire_parcellaire.2035;Rhône
aire_parcellaire.2036;Provence
aire_parcellaire.2037;Provence
aire_parcellaire.2038;Rhône
aire_parcellaire.2039;Languedoc
aire_parcellaire.2040;Languedoc
aire_parcellaire.2041;Sud-Ouest
aire_parcellaire.2042;Sud-Ouest
aire_parcellaire.2043;Languedoc
aire_parcellaire.2044;Sud-Ouest
aire_parcellaire.2045;Languedoc
aire_parcellaire.2046;Jura
aire_parcellaire.2047;Languedoc
aire_parcellaire.2048;Bordeaux
aire_parcellaire.2049;Bordeaux
aire_parcellaire.2050;Languedoc
aire_parcellaire.2051;Sud-Ouest
aire_parcellaire.2052;Languedoc
aire_parcellaire.2053;Bordeaux
aire_parcellaire.2054;Bourgogne
aire_parcellaire.2055;Languedoc
aire_parcellaire.2056;Provence
aire_parcellaire.2057;Languedoc
aire_parcellaire.2058;Bordeaux
aire_parcellaire.2059;Sud-Ouest
aire_parcellaire.2060;Languedoc
aire_parcellaire.2061;Bordeaux
aire_parcellaire.2062;Bordeaux
aire_parcellaire.2063;Corse
aire_parcellaire.2064;Sud-Ouest
aire_parcellaire.2065;Provence
aire_parcellaire.2066;Bordeaux
aire_parcellaire.2067;Provence
aire_parcellaire.2068;Rhône
aire_parcellaire.2069;Provence
aire_parcellaire.2070;Rhône
aire_parcellaire.2071;Rhône
aire_parcellaire.2072;Sud-Ouest
aire_parcellaire.2073;Languedoc
aire_parcellaire.2074;Sud-Ouest
aire_parcellaire.2075;Languedoc
aire_parcellaire.2076;Rhône
aire_parcellaire.2077;Rhône
aire_parcellaire.2078;Rhône
aire_parcellaire.2079;Rhône
aire_parcellaire.2080;Provence
aire_parcellaire.2081;Provence
aire_parcellaire.2082;Bordeaux
aire_parcellaire.2083;Languedoc
aire_parcellaire.2084;Bourgogne
aire_parcellaire.2085;Sud-Ouest
aire_parcellaire.2086;Rhône
aire_parcellaire.2087;Rhône
aire_parcellaire.2088;Bourgogne
aire_parcellaire.2089;Bourgogne
aire_parcellaire.2090;Jura
aire_parcellaire.2091;Provence
aire_parcellaire.2092;Languedoc
aire_parcellaire.2093;Rhône
aire_parcellaire.2094;Bordeaux
aire_parcellaire.2095;Jura
aire_parcellaire.2096;Provence
aire_parcellaire.2097;Languedoc
aire_parcellaire.2098;Bordeaux
aire_parcellaire.2099;Sud-Ouest
aire_parcellaire.2100;Provence
aire_parcellaire.2101;Bordeaux
aire_parcellaire.2102;Sud-Ouest
aire_parcellaire.2103;Bordeaux
aire_parcellaire.2104;Corse
aire_parcellaire.2105;Languedoc
aire_parcellaire.2106;Sud-Ouest
aire_parcellaire.2107;Alsace
aire_parcellaire.2108;Rhône
aire_parcellaire.2109;Languedoc
aire_parcellaire.2110;Alsace
aire_parcellaire.2111;Bordeaux
aire_parcellaire.2112;Provence
aire_parcellaire.2113;Bordeaux
aire_parcellaire.2114;Bordeaux
aire_parcellaire.2115;Bourgogne
aire_parcellaire.2116;Bordeaux
aire_parcellaire.2117;Bordeaux
aire_parcellaire.2118;Languedoc
aire_parcellaire.2119;Languedoc
aire_parcellaire.2120;Languedoc
aire_parcellaire.2121;Bordeaux
aire_parcellaire.2122;Rhône
aire_parcellaire.2123;Jura
aire_parcellaire.2124;Languedoc
aire_parcellaire.2125;Bordeaux
aire_parcellaire.2126;Languedoc
aire_parcellaire.2127;Bordeaux
aire_parcellaire.2128;Bordeaux
aire_parcellaire.2129;Languedoc
aire_parcellaire.2130;Rhône
aire_parcellaire.2131;Bordeaux
aire_parcellaire.2132;Bordeaux
aire_parcellaire.2133;Provence
aire_parcellaire.2134;Provence
aire_parcellaire.2135;Sud-Ouest
aire_parcellaire.2136;Sud-Ouest
aire_parcellaire.2137;Bordeaux
aire_parcellaire.2138;Bordeaux
aire_parcellaire.2139;Sud-Ouest
aire_parcellaire.2140;Languedoc
aire_parcellaire.2141;Languedoc
aire_parcellaire.2142;Rhône
aire_parcellaire.2143;Languedoc
aire_parcellaire.2144;Provence
aire_parcellaire.2145;Sud-Ouest
aire_parcellaire.2146;Languedoc
aire_parcellaire.2147;Languedoc
aire_parcellaire.2148;Rhône
aire_parcellaire.2149;Languedoc
aire_parcellaire.2150;Rhône
aire_parcellaire.2151;Sud-Ouest
aire_parcellaire.2152;Bordeaux
aire_parcellaire.2153;Sud-Ouest
aire_parcellaire.2154;Bordeaux
aire_parcellaire.2155;Languedoc
aire_parcellaire.2156;Provence
aire_parcellaire.2157;Languedoc
aire_parcellaire.2158;Provence
aire_parcellaire.2159;Provence
aire_parcellaire.2160;Loire
aire_parcellaire.2161;Languedoc
aire_parcellaire.2162;Bordeaux
aire_parcellaire.2163;Bordeaux
aire_parcellaire.2164;Languedoc
aire_parcellaire.2165;Rhône
aire_parcellaire.2166;Languedoc
aire_parcellaire.2167;Languedoc
aire_parcellaire.2168;Bordeaux
aire_parcellaire.2169;Languedoc
aire_parcellaire.2170;Provence
aire_parcellaire.2171;Bordeaux
aire_parcellaire.2172;Rhône
aire_parcellaire.2173;Bordeaux
aire_parcellaire.2174;Bordeaux
aire_parcellaire.2175;Provence
aire_parcellaire.2176;Rhône
aire_parcellaire.2177;Sud-Ouest
aire_parcellaire.2178;Sud-Ouest
aire_parcellaire.2179;Provence
aire_parcellaire.2180;Rhône
aire_parcellaire.2181;Bordeaux
aire_parcellaire.2182;Rhône
aire_parcellaire.2183;Languedoc
aire_parcellaire.2184;Rhône
aire_parcellaire.2185;Bordeaux
aire_parcellaire.2186;Rhône
aire_parcellaire.2187;Sud-Ouest
aire_parcellaire.2188;Bordeaux
aire_parcellaire.2189;Languedoc
aire_parcellaire.2190;Bordeaux
aire_parcellaire.2191;Rhône
aire_parcellaire.2192;Bordeaux
aire_parcellaire.2193;Bordeaux
aire_parcellaire.2194;Rhône
aire_parcellaire.2195;Rhône
aire_parcellaire.2196;Provence
aire_parcellaire.2197;Sud-Ouest
aire_parcellaire.2198;Provence
aire_parcellaire.2199;Sud-Ouest
aire_parcellaire.2200;Sud-Ouest
aire_parcellaire.2201;Languedoc
aire_parcellaire.2202;Rhône
aire_parcellaire.2203;Rhône
aire_parcellaire.2204;Sud-Ouest
aire_parcellaire.2205;Languedoc
aire_parcellaire.2206;Rhône
aire_parcellaire.2207;Rhône
aire_parcellaire.2208;Languedoc
aire_parcellaire.2209;Sud-Ouest
aire_parcellaire.2210;Languedoc
aire_parcellaire.2211;Sud-Ouest
aire_parcellaire.2212;Rhône
aire_parcellaire.2213;Bordeaux
aire_parcellaire.2214;Rhône
aire_parcellaire.2215;Bordeaux
aire_parcellaire.2216;Bordeaux
aire_parcellaire.2217;Languedoc
aire_parcellaire.2218;Rhône
aire_parcellaire.2219;Rhône
aire_parcellaire.2220;Languedoc
aire_parcellaire.2221;Bordeaux
aire_parcellaire.2222;Provence
aire_parcellaire.2223;Sud-Ouest
aire_parcellaire.2224;Rhône
aire_parcellaire.2225;Provence
aire_parcellaire.2226;Sud-Ouest
aire_parcellaire.2227;Provence
aire_parcellaire.2228;Bordeaux
aire_parcellaire.2229;Languedoc
aire_parcellaire.2230;Provence
aire_parcellaire.2231;Bordeaux
aire_parcellaire.2232;Provence
aire_parcellaire.2233;Rhône
aire_parcellaire.2234;Provence
aire_parcellaire.2235;Languedoc
aire_parcellaire.2236;Sud-Ouest
aire_parcellaire.2237;Languedoc
aire_parcellaire.2238;Corse
aire_parcellaire.2239;Rhône
aire_parcellaire.2240;Languedoc
aire_parcellaire.2241;Bordeaux
aire_parcellaire.2242;Bordeaux
aire_parcellaire.2243;Sud-Ouest
aire_parcellaire.2244;Languedoc
aire_parcellaire.2245;Provence
aire_parcellaire.2246;Sud-Ouest
aire_parcellaire.2247;Languedoc
aire_parcellaire.2248;Languedoc
aire_parcellaire.2249;Rhône
aire_parcellaire.2250;Provence
aire_parcellaire.2251;Languedoc
aire_parcellaire.2252;Corse
aire_parcellaire.2253;Bordeaux
aire_parcellaire.2254;Provence
aire_parcellaire.2255;Rhône
aire_parcellaire.2256;Provence
aire_parcellaire.2257;Bordeaux
aire_parcellaire.2258;Languedoc
aire_parcellaire.2259;Rhône
aire_parcellaire.2260;Rhône
aire_parcellaire.2261;Bordeaux
aire_parcellaire.2262;Loire
aire_parcellaire.2263;Rhône
aire_parcellaire.2264;Languedoc
aire_parcellaire.2265;Provence
aire_parcellaire.2266;Bordeaux
aire_parcellaire.2267;Sud-Ouest
aire_parcellaire.2268;Rhône
aire_parcellaire.2269;Sud-Ouest
aire_parcellaire.2270;Provence
aire_parcellaire.2271;Sud-Ouest
aire_parcellaire.2272;Languedoc
aire_parcellaire.2273;Languedoc
aire_parcellaire.2274;Sud-Ouest
aire_parcellaire.2275;Rhône
aire_parcellaire.2276;Beaujolais
aire_parcellaire.2277;Rhône
aire_parcellaire.2278;Provence
aire_parcellaire.2279;Rhône
aire_parcellaire.2280;Rhône
aire_parcellaire.2281;Provence
aire_parcellaire.2282;Sud-Ouest
aire_parcellaire.2283;Languedoc
aire_parcellaire.2284;Bordeaux
aire_parcellaire.2285;Loire
aire_parcellaire.2286;Provence
aire_parcellaire.2287;Sud-Ouest
aire_parcellaire.2288;Provence
aire_parcellaire.2289;Rhône
aire_parcellaire.2290;Rhône
aire_parcellaire.2291;Bordeaux
aire_parcellaire.2292;Provence
aire_parcellaire.2293;Provence
aire_parcellaire.2294;Languedoc
aire_parcellaire.2295;Rhône
aire_parcellaire.2296;Languedoc
aire_parcellaire.2297;Languedoc
aire_parcellaire.2298;Languedoc
aire_parcellaire.2299;Sud-Ouest
aire_parcellaire.2300;Provence
aire_parcellaire.2301;Sud-Ouest
aire_parcellaire.2302;Sud-Ouest
aire_parcellaire.2303;Provence
aire_parcellaire.2304;Provence
aire_parcellaire.2305;Provence
aire_parcellaire.2306;Bordeaux
aire_parcellaire.2307;Bordeaux
aire_parcellaire.2308;Rhône
aire_parcellaire.2309;Provence
aire_parcellaire.2310;Sud-Ouest
aire_parcellaire.2311;Rhône
aire_parcellaire.2312;Rhône
aire_parcellaire.2313;Languedoc
aire_parcellaire.2314;Alsace
aire_parcellaire.2315;Provence
aire_parcellaire.2316;Provence
aire_parcellaire.2317;Sud-Ouest
aire_parcellaire.2318;Rhône
aire_parcellaire.2319;Bourgogne
aire_parcellaire.2320;Bordeaux
aire_parcellaire.2321;Rhône
aire_parcellaire.2322;Provence
aire_parcellaire.2323;Corse
aire_parcellaire.2324;Languedoc
aire_parcellaire.2325;Bordeaux
aire_parcellaire.2326;Rhône
aire_parcellaire.2327;Provence
aire_parcellaire.2328;Languedoc
aire_parcellaire.2329;Languedoc
aire_parcellaire.2330;Provence
aire_parcellaire.2331;Bourgogne
aire_parcellaire.2332;Languedoc
aire_parcellaire.2333;Provence
aire_parcellaire.2334;Sud-Ouest
aire_parcellaire.2335;Provence
aire_parcellaire.2336;Languedoc
aire_parcellaire.2337;Languedoc
aire_parcellaire.2338;Sud-Ouest
aire_parcellaire.2339;Rhône
aire_parcellaire.2340;Rhône
aire_parcellaire.2341;Sud-Ouest
aire_parcellaire.2342;Sud-Ouest
aire_parcellaire.2343;Sud-Ouest
aire_parcellaire.2344;Rhône
aire_parcellaire.2345;Loire
aire_parcellaire.2346;Languedoc
aire_parcellaire.2347;Sud-Ouest
aire_parcellaire.2348;Rhône
aire_parcellaire.2349;Rhône
aire_parcellaire.2350;Sud-Ouest
aire_parcellaire.2351;Languedoc
aire_parcellaire.2352;Bordeaux
aire_parcellaire.2353;Languedoc
aire_parcellaire.2354;Languedoc
aire_parcellaire.2355;Sud-Ouest
aire_parcellaire.2356;Languedoc
aire_parcellaire.2357;Loire
aire_parcellaire.2358;Rhône
aire_parcellaire.2359;Rhône
aire_parcellaire.2360;Provence
aire_parcellaire.2361;Languedoc
aire_parcellaire.2362;Bourgogne
aire_parcellaire.2363;Languedoc
aire_parcellaire.2364;Languedoc
aire_parcellaire.2365;Sud-Ouest
aire_parcellaire.2366;Rhône
aire_parcellaire.2367;Languedoc
aire_parcellaire.2368;Rhône
aire_parcellaire.2369;Rhône
aire_parcellaire.2370;Rhône
aire_parcellaire.2371;Rhône
aire_parcellaire.2372;Bordeaux
aire_parcellaire.2373;Rhône
aire_parcellaire.2374;Languedoc
aire_parcellaire.2375;Languedoc
aire_parcellaire.2376;Bordeaux
aire_parcellaire.2377;Corse
aire_parcellaire.2378;Bordeaux
aire_parcellaire.2379;Sud-Ouest
aire_parcellaire.2380;Sud-Ouest
aire_parcellaire.2381;Sud-Ouest
aire_parcellaire.2382;Bordeaux
aire_parcellaire.2383;Languedoc
aire_parcellaire.2384;Sud-Ouest
aire_parcellaire.2385;Provence
aire_parcellaire.2386;Sud-Ouest
aire_parcellaire.2387;Provence
aire_parcellaire.2388;Bordeaux
aire_parcellaire.2389;Corse
aire_parcellaire.2390;Languedoc
aire_parcellaire.2391;Rhône
aire_parcellaire.2392;Languedoc
aire_parcellaire.2393;Languedoc
aire_parcellaire.2394;Rhône
aire_parcellaire.2395;Loire
aire_parcellaire.2396;Rhône
aire_parcellaire.2397;Sud-Ouest
aire_parcellaire.2398;Languedoc
aire_parcellaire.2399;Provence
aire_parcellaire.2400;Rhône
aire_parcellaire.2401;Bourgogne
aire_parcellaire.2402;Corse
aire_parcellaire.2403;Bordeaux
aire_parcellaire.2404;Sud-Ouest
aire_parcellaire.2405;Languedoc
aire_parcellaire.2406;Corse
aire_parcellaire.2407;Rhône
aire_parcellaire.2408;Sud-Ouest
aire_parcellaire.2409;Bordeaux
aire_parcellaire.2410;Rhône
aire_parcellaire.2411;Bordeaux
aire_parcellaire.2412;Sud-Ouest
aire_parcellaire.2413;Rhône
aire_parcellaire.2414;Languedoc
aire_parcellaire.2415;Bordeaux
aire_parcellaire.2416;Sud-Ouest
aire_parcellaire.2417;Languedoc
aire_parcellaire.2418;Languedoc
aire_parcellaire.2419;Bordeaux
aire_parcellaire.2420;Rhône
aire_parcellaire.2421;Languedoc
aire_parcellaire.2422;Sud-Ouest
aire_parcellaire.2423;Provence
aire_parcellaire.2424;Languedoc
aire_parcellaire.2425;Rhône
aire_parcellaire.2426;Languedoc
aire_parcellaire.2427;Provence
aire_parcellaire.2428;Languedoc
aire_parcellaire.2429;Languedoc
aire_parcellaire.2430;Alsace
aire_parcellaire.2431;Bourgogne
aire_parcellaire.2432;Sud-Ouest
aire_parcellaire.2433;Languedoc
aire_parcellaire.2434;Rhône
aire_parcellaire.2435;Rhône
aire_parcellaire.2436;Languedoc
aire_parcellaire.2437;Sud-Ouest
aire_parcellaire.2438;Rhône
aire_parcellaire.2439;Languedoc
aire_parcellaire.2440;Corse
aire_parcellaire.2441;Sud-Ouest
aire_parcellaire.2442;Sud-Ouest
aire_parcellaire.2443;Languedoc
aire_parcellaire.2444;Provence
aire_parcellaire.2445;Languedoc
aire_parcellaire.2446;Bordeaux
aire_parcellaire.2447;Languedoc
aire_parcellaire.2448;Bordeaux
aire_parcellaire.2449;Rhône
aire_parcellaire.2450;Languedoc
aire_parcellaire.2451;Rhône
aire_parcellaire.2452;Languedoc
aire_parcellaire.2453;Languedoc
aire_parcellaire.2454;Rhône
aire_parcellaire.2455;Loire
aire_parcellaire.2456;Rhône
aire_parcellaire.2457;Sud-Ouest
aire_parcellaire.2458;Corse
aire_parcellaire.2459;Languedoc
aire_parcellaire.2460;Provence
aire_parcellaire.2461;Provence
aire_parcellaire.2462;Rhône
aire_parcellaire.2463;Bordeaux
aire_parcellaire.2464;Languedoc
aire_parcellaire.2465;Rhône
aire_parcellaire.2466;Languedoc
aire_parcellaire.2467;Languedoc
aire_parcellaire.2468;Sud-Ouest
aire_parcellaire.2469;Languedoc
aire_parcellaire.2470;Bordeaux
aire_parcellaire.2471;Jura
aire_parcellaire.2472;Languedoc
aire_parcellaire.2473;Rhône
aire_parcellaire.2474;Sud-Ouest
aire_parcellaire.2475;Languedoc
aire_parcellaire.2476;Rhône
aire_parcellaire.2477;Provence
aire_parcellaire.2478;Provence
aire_parcellaire.2479;Bordeaux
aire_parcellaire.2480;Bordeaux
aire_parcellaire.2481;Languedoc
aire_parcellaire.2482;Rhône
aire_parcellaire.2483;Bordeaux
aire_parcellaire.2484;Languedoc
aire_parcellaire.2485;Corse
aire_parcellaire.2486;Bordeaux
aire_parcellaire.2487;Rhône
aire_parcellaire.2488;Languedoc
aire_parcellaire.2489;Rhône
aire_parcellaire.2490;Languedoc
aire_parcellaire.2491;Alsace
aire_parcellaire.2492;Sud-Ouest
aire_parcellaire.2493;Rhône
aire_parcellaire.2494;Bordeaux
aire_parcellaire.2495;Bordeaux
aire_parcellaire.2496;Provence
aire_parcellaire.2497;Corse
aire_parcellaire.2498;Provence
aire_parcellaire.2499;Languedoc
aire_parcellaire.2500;Rhône
aire_parcellaire.2501;Languedoc
aire_parcellaire.2502;Languedoc
aire_parcellaire.2503;Rhône
aire_parcellaire.2504;Rhône
aire_parcellaire.2505;Provence
aire_parcellaire.2506;Corse
aire_parcellaire.2507;Languedoc
aire_parcellaire.2508;Languedoc
aire_parcellaire.2509;Provence
aire_parcellaire.2510;Rhône
aire_parcellaire.2511;Rhône
aire_parcellaire.2512;Bordeaux
aire_parcellaire.2513;Corse
aire_parcellaire.2514;Corse
aire_parcellaire.2515;Languedoc
aire_parcellaire.2516;Languedoc
aire_parcellaire.2517;Languedoc
aire_parcellaire.2518;Languedoc
aire_parcellaire.2519;Alsace
aire_parcellaire.2520;Bourgogne
aire_parcellaire.2521;Rhône
aire_parcellaire.2522;Rhône
aire_parcellaire.2523;Languedoc
aire_parcellaire.2524;Bordeaux
aire_parcellaire.2525;Provence
aire_parcellaire.2526;Languedoc
aire_parcellaire.2527;Languedoc
aire_parcellaire.2528;Beaujolais
aire_parcellaire.2529;Bordeaux
aire_parcellaire.2530;Provence
aire_parcellaire.2531;Rhône
aire_parcellaire.2532;Bordeaux
aire_parcellaire.2533;Provence
aire_parcellaire.2534;Bordeaux
aire_parcellaire.2535;Bordeaux
aire_parcellaire.2536;Languedoc
aire_parcellaire.2537;Provence
aire_parcellaire.2538;Rhône
aire_parcellaire.2539;Sud-Ouest
aire_parcellaire.2540;Corse
aire_parcellaire.2541;Languedoc
aire_parcellaire.2542;Languedoc
aire_parcellaire.2543;Languedoc
aire_parcellaire.2544;Provence
aire_parcellaire.2545;Languedoc
aire_parcellaire.2546;Rhône
aire_parcellaire.2547;Alsace
aire_parcellaire.2548;Sud-Ouest
aire_parcellaire.2549;Bourgogne
aire_parcellaire.2550;Rhône
aire_parcellaire.2551;Languedoc
aire_parcellaire.2552;Provence
aire_parcellaire.2553;Sud-Ouest
aire_parcellaire.2554;Languedoc
aire_parcellaire.2555;Languedoc
aire_parcellaire.2556;Languedoc
aire_parcellaire.2557;Rhône
aire_parcellaire.2558;Bordeaux
aire_parcellaire.2559;Languedoc
aire_parcellaire.2560;Languedoc
aire_parcellaire.2561;Rhône
aire_parcellaire.2562;Corse
aire_parcellaire.2563;Rhône
aire_parcellaire.2564;Provence
aire_parcellaire.2565;Bordeaux
aire_parcellaire.2566;Provence
aire_parcellaire.2567;Rhône
aire_parcellaire.2568;Provence
aire_parcellaire.2569;Corse
aire_parcellaire.2570;Loire
aire_parcellaire.2571;Languedoc
aire_parcellaire.2572;Corse
aire_parcellaire.2573;Languedoc
aire_parcellaire.2574;Sud-Ouest
aire_parcellaire.2575;Rhône
aire_parcellaire.2576;Languedoc
aire_parcellaire.2577;Bourgogne
aire_parcellaire.2578;Languedoc
aire_parcellaire.2579;Rhône
aire_parcellaire.2580;Provence
aire_parcellaire.2581;Languedoc
aire_parcellaire.2582;Provence
aire_parcellaire.2583;Loire
aire_parcellaire.2584;Alsace
aire_parcellaire.2585;Rhône
aire_parcellaire.2586;Languedoc
aire_parcellaire.2587;Rhône
aire_parcellaire.2588;Alsace
aire_parcellaire.2589;Bordeaux
aire_parcellaire.2590;Rhône
aire_parcellaire.2591;Rhône
aire_parcellaire.2592;Rhône
aire_parcellaire.2593;Bordeaux
aire_parcellaire.2594;Rhône
aire_parcellaire.2595;Languedoc
aire_parcellaire.2596;Bordeaux
aire_parcellaire.2597;Corse
aire_parcellaire.2598;Sud-Ouest
aire_parcellaire.2599;Sud-Ouest
aire_parcellaire.2600;Rhône
aire_parcellaire.2601;Languedoc
aire_parcellaire.2602;Bordeaux
aire_parcellaire.2603;Rhône
aire_parcellaire.2604;Bordeaux
aire_parcellaire.2605;Languedoc
aire_parcellaire.2606;Bordeaux
aire_parcellaire.2607;Bordeaux
aire_parcellaire.2608;Corse
aire_parcellaire.2609;Languedoc
aire_parcellaire.2610;Sud-Ouest
aire_parcellaire.2611;Provence
aire_parcellaire.2612;Sud-Ouest
aire_parcellaire.2613;Bordeaux
aire_parcellaire.2614;Provence
aire_parcellaire.2615;Provence
aire_parcellaire.2616;Rhône
aire_parcellaire.2617;Languedoc
aire_parcellaire.2618;Sud-Ouest
aire_parcellaire.2619;Corse
aire_parcellaire.2620;Sud-Ouest
aire_parcellaire.2621;Provence
aire_parcellaire.2622;Sud-Ouest
aire_parcellaire.2623;Bordeaux
aire_parcellaire.2624;Provence
aire_parcellaire.2625;Rhône
aire_parcellaire.2626;Bordeaux
aire_parcellaire.2627;Alsace
aire_parcellaire.2628;Provence
aire_parcellaire.2629;Provence
aire_parcellaire.2630;Sud-Ouest
aire_parcellaire.2631;Languedoc
aire_parcellaire.2632;Rhône
aire_parcellaire.2633;Sud-Ouest
aire_parcellaire.2634;Rhône
aire_parcellaire.2635;Sud-Ouest
aire_parcellaire.2636;Bordeaux
aire_parcellaire.2637;Rhône
aire_parcellaire.2638;Rhône
aire_parcellaire.2639;Rhône
aire_parcellaire.2640;Languedoc
aire_parcellaire.2641;Alsace
aire_parcellaire.2642;Languedoc
aire_parcellaire.2643;Provence
aire_parcellaire.2644;Provence
aire_parcellaire.2645;Provence
aire_parcellaire.2646;Provence
aire_parcellaire.2647;Bordeaux
aire_parcellaire.2648;Provence
aire_parcellaire.2649;Sud-Ouest
aire_parcellaire.2650;Rhône
aire_parcellaire.2651;Rhône
aire_parcellaire.2652;Bourgogne
aire_parcellaire.2653;Rhône
aire_parcellaire.2654;Languedoc
aire_parcellaire.2655;Rhône
aire_parcellaire.2656;Languedoc
aire_parcellaire.2657;Sud-Ouest
aire_parcellaire.2658;Languedoc
aire_parcellaire.2659;Bourgogne
aire_parcellaire.2660;Rhône
aire_parcellaire.2661;Sud-Ouest
aire_parcellaire.2662;Alsace
aire_parcellaire.2663;Languedoc
aire_parcellaire.2664;Sud-Ouest
aire_parcellaire.2665;Corse
aire_parcellaire.2666;Loire
aire_parcellaire.2667;Rhône
aire_parcellaire.2668;Bordeaux
aire_parcellaire.2669;Languedoc
aire_parcellaire.2670;Corse
aire_parcellaire.2671;Provence
aire_parcellaire.2672;Bordeaux
aire_parcellaire.2673;Bourgogne
aire_parcellaire.2674;Bordeaux
aire_parcellaire.2675;Sud-Ouest
aire_parcellaire.2676;Bordeaux
aire_parcellaire.2677;Provence
aire_parcellaire.2678;Languedoc
aire_parcellaire.2679;Provence
aire_parcellaire.2680;Provence
aire_parcellaire.2681;Provence
aire_parcellaire.2682;Bordeaux
aire_parcellaire.2683;Provence
aire_parcellaire.2684;Languedoc
aire_parcellaire.2685;Languedoc
aire_parcellaire.2686;Provence
aire_parcellaire.2687;Languedoc
aire_parcellaire.2688;Languedoc
aire_parcellaire.2689;Loire
aire_parcellaire.2690;Languedoc
aire_parcellaire.2691;Provence
aire_parcellaire.2692;Sud-Ouest
aire_parcellaire.2693;Languedoc
aire_parcellaire.2694;Provence
aire_parcellaire.2695;Provence
aire_parcellaire.2696;Rhône
aire_parcellaire.2697;Loire
aire_parcellaire.2698;Bordeaux
aire_parcellaire.2699;Sud-Ouest
aire_parcellaire.2700;Provence
aire_parcellaire.2701;Provence
aire_parcellaire.2702;Languedoc
aire_parcellaire.2703;Languedoc
aire_parcellaire.2704;Languedoc
aire_parcellaire.2705;Rhône
aire_parcellaire.2706;Languedoc
aire_parcellaire.2707;Languedoc
aire_parcellaire.2708;Sud-Ouest
aire_parcellaire.2709;Corse
aire_parcellaire.2710;Languedoc
aire_parcellaire.2711;Languedoc
aire_parcellaire.2712;Sud-Ouest
aire_parcellaire.2713;Provence
aire_parcellaire.2714;Sud-Ouest
aire_parcellaire.2715;Provence
aire_parcellaire.2716;Corse
aire_parcellaire.2717;Bordeaux
aire_parcellaire.2718;Provence
aire_parcellaire.2719;Rhône
aire_parcellaire.2720;Rhône
aire_parcellaire.2721;Provence
aire_parcellaire.2722;Rhône
aire_parcellaire.2723;Languedoc
aire_parcellaire.2724;Sud-Ouest
aire_parcellaire.2725;Corse
aire_parcellaire.2726;Bourgogne
aire_parcellaire.2727;Languedoc
aire_parcellaire.2728;Corse
aire_parcellaire.2729;Bordeaux
aire_parcellaire.2730;Languedoc
aire_parcellaire.2731;Languedoc
aire_parcellaire.2732;Languedoc
aire_parcellaire.2733;Rhône
aire_parcellaire.2734;Rhône
aire_parcellaire.2735;Corse
aire_parcellaire.2736;Languedoc
aire_parcellaire.2737;Sud-Ouest
aire_parcellaire.2738;Languedoc
aire_parcellaire.2739;Loire
aire_parcellaire.2740;Languedoc
aire_parcellaire.2741;Corse
aire_parcellaire.2742;Provence
aire_parcellaire.2743;Languedoc
aire_parcellaire.2744;Bordeaux
aire_parcellaire.2745;Sud-Ouest
aire_parcellaire.2746;Rhône
aire_parcellaire.2747;Bordeaux
aire_parcellaire.2748;Rhône
aire_parcellaire.2749;Languedoc
aire_parcellaire.2750;Rhône
aire_parcellaire.2751;Provence
aire_parcellaire.2752;Sud-Ouest
aire_parcellaire.2753;Sud-Ouest
aire_parcellaire.2754;Languedoc
aire_parcellaire.2755;Languedoc
aire_parcellaire.2756;Languedoc
aire_parcellaire.2757;Provence
aire_parcellaire.2758;Provence
aire_parcellaire.2759;Languedoc
aire_parcellaire.2760;Corse
aire_parcellaire.2761;Bordeaux
aire_parcellaire.2762;Bordeaux
aire_parcellaire.2763;Sud-Ouest
aire_parcellaire.2764;Bordeaux
aire_parcellaire.2765;Provence
aire_parcellaire.2766;Languedoc
aire_parcellaire.2767;Provence
aire_parcellaire.2768;Languedoc
aire_parcellaire.2769;Rhône
aire_parcellaire.2770;Bordeaux
aire_parcellaire.2771;Bordeaux
aire_parcellaire.2772;Sud-Ouest
aire_parcellaire.2773;Bordeaux
aire_parcellaire.2774;Bordeaux
aire_parcellaire.2775;Sud-Ouest
aire_parcellaire.2776;Languedoc
aire_parcellaire.2777;Languedoc
aire_parcellaire.2778;Bordeaux
aire_parcellaire.2779;Bourgogne
aire_parcellaire.2780;Bordeaux
aire_parcellaire.2781;Bordeaux
aire_parcellaire.2782;Rhône
aire_parcellaire.2783;Bourgogne
aire_parcellaire.2784;Rhône
aire_parcellaire.2785;Languedoc
aire_parcellaire.2786;Bordeaux
aire_parcellaire.2787;Bordeaux
aire_parcellaire.2788;Rhône
aire_parcellaire.2789;Languedoc
aire_parcellaire.2790;Languedoc
aire_parcellaire.2791;Languedoc
aire_parcellaire.2792;Provence
aire_parcellaire.2793;Languedoc
aire_parcellaire.2794;Corse
aire_parcellaire.2795;Rhône
aire_parcellaire.2796;Provence
aire_parcellaire.2797;Rhône
aire_parcellaire.2798;Loire
aire_parcellaire.2799;Provence
aire_parcellaire.2800;Rhône
aire_parcellaire.2801;Languedoc
aire_parcellaire.2802;Loire
aire_parcellaire.2803;Sud-Ouest
aire_parcellaire.2804;Languedoc
aire_parcellaire.2805;Sud-Ouest
aire_parcellaire.2806;Rhône
aire_parcellaire.2807;Rhône
aire_parcellaire.2808;Rhône
aire_parcellaire.2809;Languedoc
aire_parcellaire.2810;Bordeaux
aire_parcellaire.2811;Rhône
aire_parcellaire.2812;Rhône
aire_parcellaire.2813;Rhône
aire_parcellaire.2814;Rhône
aire_parcellaire.2815;Corse
aire_parcellaire.2816;Rhône
aire_parcellaire.2817;Bordeaux
aire_parcellaire.2818;Rhône
aire_parcellaire.2819;Bordeaux
aire_parcellaire.2820;Jura
aire_parcellaire.2821;Alsace
aire_parcellaire.2822;Languedoc
aire_parcellaire.2823;Provence
aire_parcellaire.2824;Bordeaux
aire_parcellaire.2825;Provence
aire_parcellaire.2826;Rhône
aire_parcellaire.2827;Languedoc
aire_parcellaire.2828;Languedoc
aire_parcellaire.2829;Provence
aire_parcellaire.2830;Languedoc
aire_parcellaire.2831;Sud-Ouest
aire_parcellaire.2832;Bordeaux
aire_parcellaire.2833;Rhône
aire_parcellaire.2834;Rhône
aire_parcellaire.2835;Rhône
aire_parcellaire.2836;Sud-Ouest
aire_parcellaire.2837;Languedoc
aire_parcellaire.2838;Bordeaux
aire_parcellaire.2839;Rhône
aire_parcellaire.2840;Corse
aire_parcellaire.2841;Languedoc
aire_parcellaire.2842;Provence
aire_parcellaire.2843;Provence
aire_parcellaire.2844;Sud-Ouest
aire_parcellaire.2845;Rhône
aire_parcellaire.2846;Rhône
aire_parcellaire.2847;Rhône
aire_parcellaire.2848;Bordeaux
aire_parcellaire.2849;Jura
aire_parcellaire.2850;Rhône
aire_parcellaire.2851;Rhône
aire_parcellaire.2852;Rhône
aire_parcellaire.2853;Bordeaux
aire_parcellaire.2854;Rhône
aire_parcellaire.2855;Sud-Ouest
aire_parcellaire.2856;Provence
aire_parcellaire.2857;Corse
aire_parcellaire.2858;Languedoc
aire_parcellaire.2859;Provence
aire_parcellaire.2860;Bordeaux
aire_parcellaire.2861;Sud-Ouest
aire_parcellaire.2862;Provence
aire_parcellaire.2863;Rhône
aire_parcellaire.2864;Sud-Ouest
aire_parcellaire.2865;Languedoc
aire_parcellaire.2866;Languedoc
aire_parcellaire.2867;Bordeaux
aire_parcellaire.2868;Provence
aire_parcellaire.2869;Sud-Ouest
aire_parcellaire.2870;Languedoc
aire_parcellaire.2871;Bordeaux
aire_parcellaire.2872;Languedoc
aire_parcellaire.2873;Languedoc
aire_parcellaire.2874;Languedoc
aire_parcellaire.2875;Rhône
aire_parcellaire.2876;Provence
aire_parcellaire.2877;Rhône
aire_parcellaire.2878;Provence
aire_parcellaire.2879;Rhône
aire_parcellaire.2880;Languedoc
aire_parcellaire.2881;Beaujolais
aire_parcellaire.2882;Provence
aire_parcellaire.2883;Sud-Ouest
aire_parcellaire.2884;Loire
aire_parcellaire.2885;Rhône
aire_parcellaire.2886;Provence
aire_parcellaire.2887;Bordeaux
aire_parcellaire.2888;Languedoc
aire_parcellaire.2889;Bordeaux
aire_parcellaire.2890;Languedoc
aire_parcellaire.2891;Provence
aire_parcellaire.2892;Provence
aire_parcellaire.2893;Corse
aire_parcellaire.2894;Languedoc
aire_parcellaire.2895;Provence
aire_parcellaire.2896;Corse
aire_parcellaire.2897;Savoie
aire_parcellaire.2898;Rhône
aire_parcellaire.2899;Bourgogne
aire_parcellaire.2900;Languedoc
aire_parcellaire.2901;Languedoc
aire_parcellaire.2902;Rhône
aire_parcellaire.2903;Bourgogne
aire_parcellaire.2904;Rhône
aire_parcellaire.2905;Sud-Ouest
aire_parcellaire.2906;Languedoc
aire_parcellaire.2907;Languedoc
aire_parcellaire.2908;Provence
aire_parcellaire.2909;Languedoc
aire_parcellaire.2910;Languedoc
aire_parcellaire.2911;Alsace
aire_parcellaire.2912;Bordeaux
aire_parcellaire.2913;Languedoc
aire_parcellaire.2914;Loire
aire_parcellaire.2915;Rhône
aire_parcellaire.2916;Provence
aire_parcellaire.2917;Bordeaux
aire_parcellaire.2918;Rhône
aire_parcellaire.2919;Rhône
aire_parcellaire.2920;Loire
aire_parcellaire.2921;Rhône
aire_parcellaire.2922;Bordeaux
aire_parcellaire.2923;Alsace
aire_parcellaire.2924;Rhône
aire_parcellaire.2925;Bordeaux
aire_parcellaire.2926;Provence
aire_parcellaire.2927;Rhône
aire_parcellaire.2928;Rhône
aire_parcellaire.2929;Rhône
aire_parcellaire.2930;Languedoc
aire_parcellaire.2931;Rhône
aire_parcellaire.2932;Languedoc
aire_parcellaire.2933;Alsace
aire_parcellaire.2934;Rhône
aire_parcellaire.2935;Rhône
aire_parcellaire.2936;Languedoc
aire_parcellaire.2937;Provence
aire_parcellaire.2938;Languedoc
aire_parcellaire.2939;Languedoc
aire_parcellaire.2940;Languedoc
aire_parcellaire.2941;Bordeaux
aire_parcellaire.2942;Rhône
aire_parcellaire.2943;Rhône
aire_parcellaire.2944;Languedoc
aire_parcellaire.2945;Sud-Ouest
aire_parcellaire.2946;Rhône
aire_parcellaire.2947;Bordeaux
aire_parcellaire.2948;Languedoc
aire_parcellaire.2949;Rhône
aire_parcellaire.2950;Provence
aire_parcellaire.2951;Bordeaux
aire_parcellaire.2952;Rhône
aire_parcellaire.2953;Rhône
aire_parcellaire.2954;Provence
aire_parcellaire.2955;Languedoc
aire_parcellaire.2956;Provence
aire_parcellaire.2957;Rhône
aire_parcellaire.2958;Bourgogne
aire_parcellaire.2959;Rhône
aire_parcellaire.2960;Sud-Ouest
aire_parcellaire.2961;Rhône
aire_parcellaire.2962;Corse
aire_parcellaire.2963;Rhône
aire_parcellaire.2964;Rhône
aire_parcellaire.2965;Bordeaux
aire_parcellaire.2966;Corse
aire_parcellaire.2967;Sud-Ouest
aire_parcellaire.2968;Corse
aire_parcellaire.2969;Loire
aire_parcellaire.2970;Bordeaux
aire_parcellaire.2971;Rhône
aire_parcellaire.2972;Sud-Ouest
aire_parcellaire.2973;Sud-Ouest
aire_parcellaire.2974;Rhône
aire_parcellaire.2975;Languedoc
aire_parcellaire.2976;Sud-Ouest
aire_parcellaire.2977;Rhône
aire_parcellaire.2978;Provence
aire_parcellaire.2979;Languedoc
aire_parcellaire.2980;Rhône
aire_parcellaire.2981;Rhône
aire_parcellaire.2982;Languedoc
aire_parcellaire.2983;Rhône
aire_parcellaire.2984;Languedoc
aire_parcellaire.2985;Provence
aire_parcellaire.2986;Languedoc
aire_parcellaire.2987;Bordeaux
aire_parcellaire.2988;Bourgogne
aire_parcellaire.2989;Sud-Ouest
aire_parcellaire.2990;Rhône
aire_parcellaire.2991;Languedoc
aire_parcellaire.2992;Bordeaux
aire_parcellaire.2993;Languedoc
aire_parcellaire.2994;Sud-Ouest
aire_parcellaire.2995;Languedoc
aire_parcellaire.2996;Sud-Ouest
aire_parcellaire.2997;Provence
aire_parcellaire.2998;Provence
aire_parcellaire.2999;Languedoc
aire_parcellaire.3000;Sud-Ouest
aire_parcellaire.3001;Languedoc
aire_parcellaire.3002;Languedoc
aire_parcellaire.3003;Sud-Ouest
aire_parcellaire.3004;Languedoc
aire_parcellaire.3005;Rhône
aire_parcellaire.3006;Languedoc
aire_parcellaire.3007;Provence
aire_parcellaire.3008;Rhône
aire_parcellaire.3009;Languedoc
aire_parcellaire.3010;Bourgogne
aire_parcellaire.3011;Rhône
aire_parcellaire.3012;Bordeaux
aire_parcellaire.3013;Languedoc
aire_parcellaire.3014;Rhône
aire_parcellaire.3015;Bordeaux
aire_parcellaire.3016;Sud-Ouest
aire_parcellaire.3017;Bordeaux
aire_parcellaire.3018;Rhône
aire_parcellaire.3019;Languedoc
aire_parcellaire.3020;Sud-Ouest
aire_parcellaire.3021;Rhône
aire_parcellaire.3022;Rhône
aire_parcellaire.3023;Rhône
aire_parcellaire.3024;Rhône
aire_parcellaire.3025;Languedoc
aire_parcellaire.3026;Languedoc
aire_parcellaire.3027;Rhône
aire_parcellaire.3028;Sud-Ouest
aire_parcellaire.3029;Rhône
aire_parcellaire.3030;Corse
aire_parcellaire.3031;Languedoc
aire_parcellaire.3032;Alsace
aire_parcellaire.3033;Provence
aire_parcellaire.3034;Provence
aire_parcellaire.3035;Provence
aire_parcellaire.3036;Bourgogne
aire_parcellaire.3037;Sud-Ouest
aire_parcellaire.3038;Rhône
aire_parcellaire.3039;Rhône
aire_parcellaire.3040;Languedoc
aire_parcellaire.3041;Sud-Ouest
aire_parcellaire.3042;Rhône
aire_parcellaire.3043;Languedoc
aire_parcellaire.3044;Languedoc
aire_parcellaire.3045;Languedoc
aire_parcellaire.3046;Rhône
aire_parcellaire.3047;Sud-Ouest
aire_parcellaire.3048;Languedoc
aire_parcellaire.3049;Rhône
aire_parcellaire.3050;Languedoc
aire_parcellaire.3051;Rhône
aire_parcellaire.3052;Rhône
aire_parcellaire.3053;Languedoc
aire_parcellaire.3054;Provence
aire_parcellaire.3055;Loire
aire_parcellaire.3056;Bourgogne
aire_parcellaire.3057;Bourgogne
aire_parcellaire.3058;Rhône
aire_parcellaire.3059;Sud-Ouest
aire_parcellaire.3060;Rhône
aire_parcellaire.3061;Sud-Ouest
aire_parcellaire.3062;Alsace
aire_parcellaire.3063;Provence
aire_parcellaire.3064;Bordeaux
aire_parcellaire.3065;Sud-Ouest
aire_parcellaire.3066;Languedoc
aire_parcellaire.3067;Bourgogne
aire_parcellaire.3068;Rhône
aire_parcellaire.3069;Languedoc
aire_parcellaire.3070;Bordeaux
aire_parcellaire.3071;Rhône
aire_parcellaire.3072;Corse
aire_parcellaire.3073;Languedoc
aire_parcellaire.3074;Provence
aire_parcellaire.3075;Sud-Ouest
aire_parcellaire.3076;Rhône
aire_parcellaire.3077;Languedoc
aire_parcellaire.3078;Bordeaux
aire_parcellaire.3079;Languedoc
aire_parcellaire.3080;Provence
aire_parcellaire.3081;Languedoc
aire_parcellaire.3082;Rhône
aire_parcellaire.3083;Languedoc
aire_parcellaire.3084;Languedoc
aire_parcellaire.3085;Alsace
aire_parcellaire.3086;Languedoc
aire_parcellaire.3087;Bordeaux
aire_parcellaire.3088;Rhône
aire_parcellaire.3089;Languedoc
aire_parcellaire.3090;Rhône
aire_parcellaire.3091;Rhône
aire_parcellaire.3092;Bordeaux
aire_parcellaire.3093;Languedoc
aire_parcellaire.3094;Languedoc
aire_parcellaire.3095;Rhône
aire_parcellaire.3096;Bordeaux
aire_parcellaire.3097;Rhône
aire_parcellaire.3098;Corse
aire_parcellaire.3099;Sud-Ouest
aire_parcellaire.3100;Rhône
aire_parcellaire.3101;Languedoc
aire_parcellaire.3102;Rhône
aire_parcellaire.3103;Languedoc
aire_parcellaire.3104;Provence
aire_parcellaire.3105;Rhône
aire_parcellaire.3106;Rhône
aire_parcellaire.3107;Rhône
aire_parcellaire.3108;Bordeaux
aire_parcellaire.3109;Bordeaux
aire_parcellaire.3110;Bordeaux
aire_parcellaire.3111;Provence
aire_parcellaire.3112;Sud-Ouest
aire_parcellaire.3113;Alsace
aire_parcellaire.3114;Alsace
aire_parcellaire.3115;Languedoc
aire_parcellaire.3116;Rhône
aire_parcellaire.3117;Rhône
aire_parcellaire.3118;Provence
aire_parcellaire.3119;Bourgogne
aire_parcellaire.3120;Languedoc
aire_parcellaire.3121;Rhône
aire_parcellaire.3122;Loire
aire_parcellaire.3123;Languedoc
aire_parcellaire.3124;Languedoc
aire_parcellaire.3125;Rhône
aire_parcellaire.3126;Sud-Ouest
aire_parcellaire.3127;Corse
aire_parcellaire.3128;Languedoc
aire_parcellaire.3129;Rhône
aire_parcellaire.3130;Bordeaux
aire_parcellaire.3131;Provence
aire_parcellaire.3132;Sud-Ouest
aire_parcellaire.3133;Languedoc
aire_parcellaire.3134;Rhône
aire_parcellaire.3135;Rhône
aire_parcellaire.3136;Provence
aire_parcellaire.3137;Jura
aire_parcellaire.3138;Corse
aire_parcellaire.3139;Languedoc
aire_parcellaire.3140;Languedoc
aire_parcellaire.3141;Rhône
aire_parcellaire.3142;Languedoc
aire_parcellaire.3143;Rhône
aire_parcellaire.3144;Rhône
aire_parcellaire.3145;Provence
aire_parcellaire.3146;Rhône
aire_parcellaire.3147;Languedoc
aire_parcellaire.3148;Languedoc
aire_parcellaire.3149;Languedoc
aire_parcellaire.3150;Sud-Ouest
aire_parcellaire.3151;Sud-Ouest
aire_parcellaire.3152;Sud-Ouest
aire_parcellaire.3153;Rhône
aire_parcellaire.3154;Provence
aire_parcellaire.3155;Sud-Ouest
aire_parcellaire.3156;Provence
aire_parcellaire.3157;Provence
aire_parcellaire.3158;Bordeaux
aire_parcellaire.3159;Sud-Ouest
aire_parcellaire.3160;Bourgogne
aire_parcellaire.3161;Languedoc
aire_parcellaire.3162;Sud-Ouest
aire_parcellaire.3163;Bordeaux
aire_parcellaire.3164;Bordeaux
aire_parcellaire.3165;Sud-Ouest
aire_parcellaire.3166;Sud-Ouest
aire_parcellaire.3167;Languedoc
aire_parcellaire.3168;Sud-Ouest
aire_parcellaire.3169;Beaujolais
aire_parcellaire.3170;Languedoc
aire_parcellaire.3171;Sud-Ouest
aire_parcellaire.3172;Rhône
aire_parcellaire.3173;Loire
aire_parcellaire.3174;Sud-Ouest
aire_parcellaire.3175;Sud-Ouest
aire_parcellaire.3176;Languedoc
aire_parcellaire.3177;Languedoc
aire_parcellaire.3178;Rhône
aire_parcellaire.3179;Rhône
aire_parcellaire.3180;Sud-Ouest
aire_parcellaire.3181;Provence
aire_parcellaire.3182;Rhône
aire_parcellaire.3183;Alsace
aire_parcellaire.3184;Bourgogne
aire_parcellaire.3185;Loire
aire_parcellaire.3186;Bourgogne
aire_parcellaire.3187;Bordeaux
aire_parcellaire.3188;Rhône
aire_parcellaire.3189;Rhône
aire_parcellaire.3190;Rhône
aire_parcellaire.3191;Beaujolais
aire_parcellaire.3192;Bordeaux
aire_parcellaire.3193;Languedoc
aire_parcellaire.3194;Bordeaux
aire_parcellaire.3195;Alsace
aire_parcellaire.3196;Languedoc
aire_parcellaire.3197;Rhône
aire_parcellaire.3198;Bordeaux
aire_parcellaire.3199;Provence
aire_parcellaire.3200;Provence
aire_parcellaire.3201;Sud-Ouest
aire_parcellaire.3202;Rhône
aire_parcellaire.3203;Languedoc
aire_parcellaire.3204;Provence
aire_parcellaire.3205;Corse
aire_parcellaire.3206;Provence
aire_parcellaire.3207;Sud-Ouest
aire_parcellaire.3208;Loire
aire_parcellaire.3209;Alsace
aire_parcellaire.3210;Rhône
aire_parcellaire.3211;Provence
aire_parcellaire.3212;Sud-Ouest
aire_parcellaire.3213;Languedoc
aire_parcellaire.3214;Beaujolais
aire_parcellaire.3215;Rhône
aire_parcellaire.3216;Rhône
aire_parcellaire.3217;Languedoc
aire_parcellaire.3218;Provence
aire_parcellaire.3219;Languedoc
aire_parcellaire.3220;Languedoc
aire_parcellaire.3221;Rhône
aire_parcellaire.3222;Languedoc
aire_parcellaire.3223;Rhône
aire_parcellaire.3224;Loire
aire_parcellaire.3225;Sud-Ouest
aire_parcellaire.3226;Loire
aire_parcellaire.3227;Sud-Ouest
aire_parcellaire.3228;Provence
aire_parcellaire.3229;Alsace
aire_parcellaire.3230;Rhône
aire_parcellaire.3231;Languedoc
aire_parcellaire.3232;Provence
aire_parcellaire.3233;Alsace
aire_parcellaire.3234;Provence
aire_parcellaire.3235;Alsace
aire_parcellaire.3236;Corse
aire_parcellaire.3237;Languedoc
aire_parcellaire.3238;Rhône
aire_parcellaire.3239;Rhône
aire_parcellaire.3240;Bourgogne
aire_parcellaire.3241;Sud-Ouest
aire_parcellaire.3242;Rhône
aire_parcellaire.3243;Rhône
aire_parcellaire.3244;Sud-Ouest
aire_parcellaire.3245;Corse
aire_parcellaire.3246;Languedoc
aire_parcellaire.3247;Rhône
aire_parcellaire.3248;Bordeaux
aire_parcellaire.3249;Loire
aire_parcellaire.3250;Rhône
aire_parcellaire.3251;Languedoc
aire_parcellaire.3252;Languedoc
aire_parcellaire.3253;Provence
aire_parcellaire.3254;Alsace
aire_parcellaire.3255;Rhône
aire_parcellaire.3256;Rhône
aire_parcellaire.3257;Languedoc
aire_parcellaire.3258;Languedoc
aire_parcellaire.3259;Alsace
aire_parcellaire.3260;Rhône
aire_parcellaire.3261;Provence
aire_parcellaire.3262;Rhône
aire_parcellaire.3263;Languedoc
aire_parcellaire.3264;Loire
aire_parcellaire.3265;Languedoc
aire_parcellaire.3266;Corse
aire_parcellaire.3267;Rhône
aire_parcellaire.3268;Rhône
aire_parcellaire.3269;Bordeaux
aire_parcellaire.3270;Languedoc
aire_parcellaire.3271;Sud-Ouest
aire_parcellaire.3272;Rhône
aire_parcellaire.3273;Bordeaux
aire_parcellaire.3274;Languedoc
aire_parcellaire.3275;Corse
aire_parcellaire.3276;Sud-Ouest
aire_parcellaire.3277;Provence
aire_parcellaire.3278;Rhône
aire_parcellaire.3279;Sud-Ouest
aire_parcellaire.3280;Provence
aire_parcellaire.3281;Rhône
aire_parcellaire.3282;Provence
aire_parcellaire.3283;Beaujolais
aire_parcellaire.3284;Languedoc
aire_parcellaire.3285;Sud-Ouest
aire_parcellaire.3286;Sud-Ouest
aire_parcellaire.3287;Bordeaux
aire_parcellaire.3288;Languedoc
aire_parcellaire.3289;Bordeaux
aire_parcellaire.3290;Languedoc
aire_parcellaire.3291;Rhône
aire_parcellaire.3292;Languedoc
aire_parcellaire.3293;Sud-Ouest
aire_parcellaire.3294;Languedoc
aire_parcellaire.3295;Rhône
aire_parcellaire.3296;Rhône
aire_parcellaire.3297;Sud-Ouest
aire_parcellaire.3298;Provence
aire_parcellaire.3299;Languedoc
aire_parcellaire.3300;Corse
aire_parcellaire.3301;Rhône
aire_parcellaire.3302;Sud-Ouest
aire_parcellaire.3303;Corse
aire_parcellaire.3304;Bordeaux
aire_parcellaire.3305;Languedoc
aire_parcellaire.3306;Rhône
aire_parcellaire.3307;Languedoc
aire_parcellaire.3308;Languedoc
aire_parcellaire.3309;Sud-Ouest
aire_parcellaire.3310;Sud-Ouest
aire_parcellaire.3311;Bordeaux
aire_parcellaire.3312;Rhône
aire_parcellaire.3313;Languedoc
aire_parcellaire.3314;Provence
aire_parcellaire.3315;Rhône
aire_parcellaire.3316;Languedoc
aire_parcellaire.3317;Rhône
aire_parcellaire.3318;Bourgogne
aire_parcellaire.3319;Provence
aire_parcellaire.3320;Alsace
aire_parcellaire.3321;Provence
aire_parcellaire.3322;Bordeaux
aire_parcellaire.3323;Rhône
aire_parcellaire.3324;Jura
aire_parcellaire.3325;Bordeaux
aire_parcellaire.3326;Provence
aire_parcellaire.3327;Languedoc
aire_parcellaire.3328;Sud-Ouest
aire_parcellaire.3329;Bordeaux
aire_parcellaire.3330;Languedoc
aire_parcellaire.3331;Rhône
aire_parcellaire.3332;Languedoc
aire_parcellaire.3333;Sud-Ouest
aire_parcellaire.3334;Provence
aire_parcellaire.3335;Provence
aire_parcellaire.3336;Languedoc
aire_parcellaire.3337;Bordeaux
aire_parcellaire.3338;Languedoc
aire_parcellaire.3339;Rhône
aire_parcellaire.3340;Rhône
aire_parcellaire.3341;Provence
aire_parcellaire.3342;Rhône
aire_parcellaire.3343;Provence
aire_parcellaire.3344;Rhône
aire_parcellaire.3345;Sud-Ouest
aire_parcellaire.3346;Sud-Ouest
aire_parcellaire.3347;Languedoc
aire_parcellaire.3348;Sud-Ouest
aire_parcellaire.3349;Rhône
aire_parcellaire.3350;Rhône
aire_parcellaire.3351;Sud-Ouest
aire_parcellaire.3352;Languedoc
aire_parcellaire.3353;Rhône
aire_parcellaire.3354;Languedoc
aire_parcellaire.3355;Provence
aire_parcellaire.3356;Languedoc
aire_parcellaire.3357;Corse
aire_parcellaire.3358;Languedoc
aire_parcellaire.3359;Rhône
aire_parcellaire.3360;Rhône
aire_parcellaire.3361;Rhône
aire_parcellaire.3362;Loire
aire_parcellaire.3363;Provence
aire_parcellaire.3364;Sud-Ouest
aire_parcellaire.3365;Bordeaux
aire_parcellaire.3366;Bourgogne
aire_parcellaire.3367;Rhône
aire_parcellaire.3368;Languedoc
aire_parcellaire.3369;Provence
aire_parcellaire.3370;Sud-Ouest
aire_parcellaire.3371;Rhône
aire_parcellaire.3372;Sud-Ouest
aire_parcellaire.3373;Languedoc
aire_parcellaire.3374;Provence
aire_parcellaire.3375;Sud-Ouest
aire_parcellaire.3376;Provence
aire_parcellaire.3377;Languedoc
aire_parcellaire.3378;Loire
aire_parcellaire.3379;Languedoc
aire_parcellaire.3380;Rhône
aire_parcellaire.3381;Rhône
aire_parcellaire.3382;Languedoc
aire_parcellaire.3383;Rhône
aire_parcellaire.3384;Provence
aire_parcellaire.3385;Rhône
aire_parcellaire.3386;Languedoc
aire_parcellaire.3387;Languedoc
aire_parcellaire.3388;Rhône
aire_parcellaire.3389;Bordeaux
aire_parcellaire.3390;Rhône
aire_parcellaire.3391;Rhône
aire_parcellaire.3392;Provence
aire_parcellaire.3393;Sud-Ouest
aire_parcellaire.3394;Languedoc
aire_parcellaire.3395;Provence
aire_parcellaire.3396;Sud-Ouest
aire_parcellaire.3397;Sud-Ouest
aire_parcellaire.3398;Provence
aire_parcellaire.3399;Bordeaux
aire_parcellaire.3400;Languedoc
aire_parcellaire.3401;Rhône
aire_parcellaire.3402;Bordeaux
aire_parcellaire.3403;Languedoc
aire_parcellaire.3404;Languedoc
aire_parcellaire.3405;Rhône
aire_parcellaire.3406;Provence
aire_parcellaire.3407;Alsace
aire_parcellaire.3408;Provence
aire_parcellaire.3409;Rhône
aire_parcellaire.3410;Provence
aire_parcellaire.3411;Rhône
aire_parcellaire.3412;Languedoc
aire_parcellaire.3413;Rhône
aire_parcellaire.3414;Provence
aire_parcellaire.3415;Rhône
aire_parcellaire.3416;Languedoc
aire_parcellaire.3417;Beaujolais
aire_parcellaire.3418;Rhône
aire_parcellaire.3419;Rhône
aire_parcellaire.3420;Sud-Ouest
aire_parcellaire.3421;Provence
aire_parcellaire.3422;Rhône
aire_parcellaire.3423;Languedoc
aire_parcellaire.3424;Sud-Ouest
aire_parcellaire.3425;Bordeaux
aire_parcellaire.3426;Provence
aire_parcellaire.3427;Bordeaux
aire_parcellaire.3428;Languedoc
aire_parcellaire.3429;Corse
aire_parcellaire.3430;Bordeaux
aire_parcellaire.3431;Bordeaux
aire_parcellaire.3432;Sud-Ouest
aire_parcellaire.3433;Rhône
aire_parcellaire.3434;Provence
aire_parcellaire.3435;Bordeaux
aire_parcellaire.3436;Provence
aire_parcellaire.3437;Bordeaux
aire_parcellaire.3438;Languedoc
aire_parcellaire.3439;Languedoc
aire_parcellaire.3440;Languedoc
aire_parcellaire.3441;Rhône
aire_parcellaire.3442;Languedoc
aire_parcellaire.3443;Rhône
aire_parcellaire.3444;Languedoc
aire_parcellaire.3445;Sud-Ouest
aire_parcellaire.3446;Rhône
aire_parcellaire.3447;Languedoc
aire_parcellaire.3448;Bordeaux
aire_parcellaire.3449;Sud-Ouest
aire_parcellaire.3450;Languedoc
aire_parcellaire.3451;Rhône
aire_parcellaire.3452;Provence
aire_parcellaire.3453;Sud-Ouest
aire_parcellaire.3454;Provence
aire_parcellaire.3455;Bordeaux
aire_parcellaire.3456;Provence
aire_parcellaire.3457;Languedoc
aire_parcellaire.3458;Rhône
aire_parcellaire.3459;Rhône
aire_parcellaire.3460;Bordeaux
aire_parcellaire.3461;Rhône
aire_parcellaire.3462;Languedoc
aire_parcellaire.3463;Sud-Ouest
aire_parcellaire.3464;Rhône
aire_parcellaire.3465;Languedoc
aire_parcellaire.3466;Rhône
aire_parcellaire.3467;Provence
aire_parcellaire.3468;Provence
aire_parcellaire.3469;Languedoc
aire_parcellaire.3470;Provence
aire_parcellaire.3471;Rhône
aire_parcellaire.3472;Rhône
aire_parcellaire.3473;Bordeaux
aire_parcellaire.3474;Rhône
aire_parcellaire.3475;Corse
aire_parcellaire.3476;Loire
aire_parcellaire.3477;Languedoc
aire_parcellaire.3478;Rhône
aire_parcellaire.3479;Languedoc
aire_parcellaire.3480;Provence
aire_parcellaire.3481;Corse
aire_parcellaire.3482;Rhône
aire_parcellaire.3483;Languedoc
aire_parcellaire.3484;Bordeaux
aire_parcellaire.3485;Languedoc
aire_parcellaire.3486;Rhône
aire_parcellaire.3487;Bordeaux
aire_parcellaire.3488;Languedoc
aire_parcellaire.3489;Bourgogne
aire_parcellaire.3490;Bordeaux
aire_parcellaire.3491;Provence
aire_parcellaire.3492;Languedoc
aire_parcellaire.3493;Languedoc
aire_parcellaire.3494;Languedoc
aire_parcellaire.3495;Languedoc
aire_parcellaire.3496;Sud-Ouest
aire_parcellaire.3497;Bordeaux
aire_parcellaire.3498;Beaujolais
aire_parcellaire.3499;Languedoc
aire_parcellaire.3500;Languedoc
aire_parcellaire.3501;Bordeaux
aire_parcellaire.3502;Provence
aire_parcellaire.3503;Languedoc
aire_parcellaire.3504;Sud-Ouest
aire_parcellaire.3505;Languedoc
aire_parcellaire.3506;Rhône
aire_parcellaire.3507;Languedoc
aire_parcellaire.3508;Languedoc
aire_parcellaire.3509;Rhône
aire_parcellaire.3510;Rhône
aire_parcellaire.3511;Loire
aire_parcellaire.3512;Rhône
aire_parcellaire.3513;Languedoc
aire_parcellaire.3514;Bordeaux
aire_parcellaire.3515;Rhône
aire_parcellaire.3516;Sud-Ouest
aire_parcellaire.3517;Languedoc
aire_parcellaire.3518;Rhône
aire_parcellaire.3519;Rhône
aire_parcellaire.3520;Languedoc
aire_parcellaire.3521;Bordeaux
aire_parcellaire.3522;Rhône
aire_parcellaire.3523;Corse
aire_parcellaire.3524;Rhône
aire_parcellaire.3525;Bordeaux
aire_parcellaire.3526;Sud-Ouest
aire_parcellaire.3527;Beaujolais
aire_parcellaire.3528;Bordeaux
aire_parcellaire.3529;Languedoc
aire_parcellaire.3530;Bordeaux
aire_parcellaire.3531;Alsace
aire_parcellaire.3532;Provence
aire_parcellaire.3533;Corse
aire_parcellaire.3534;Beaujolais
aire_parcellaire.3535;Rhône
aire_parcellaire.3536;Bordeaux
aire_parcellaire.3537;Rhône
aire_parcellaire.3538;Languedoc
aire_parcellaire.3539;Alsace
aire_parcellaire.3540;Rhône
aire_parcellaire.3541;Languedoc
aire_parcellaire.3542;Sud-Ouest
aire_parcellaire.3543;Languedoc
aire_parcellaire.3544;Rhône
aire_parcellaire.3545;Rhône
aire_parcellaire.3546;Loire
aire_parcellaire.3547;Provence
aire_parcellaire.3548;Bordeaux
aire_parcellaire.3549;Rhône
aire_parcellaire.3550;Corse
aire_parcellaire.3551;Languedoc
aire_parcellaire.3552;Sud-Ouest
aire_parcellaire.3553;Languedoc
aire_parcellaire.3554;Languedoc
aire_parcellaire.3555;Sud-Ouest
aire_parcellaire.3556;Languedoc
aire_parcellaire.3557;Languedoc
aire_parcellaire.3558;Rhône
aire_parcellaire.3559;Corse
aire_parcellaire.3560;Provence
aire_parcellaire.3561;Rhône
aire_parcellaire.3562;Languedoc
aire_parcellaire.3563;Bordeaux
aire_parcellaire.3564;Sud-Ouest
aire_parcellaire.3565;Languedoc
aire_parcellaire.3566;Languedoc
aire_parcellaire.3567;Bordeaux
aire_parcellaire.3568;Sud-Ouest
aire_parcellaire.3569;Languedoc
aire_parcellaire.3570;Rhône
aire_parcellaire.3571;Languedoc
aire_parcellaire.3572;Languedoc
aire_parcellaire.3573;Rhône
aire_parcellaire.3574;Corse
aire_parcellaire.3575;Rhône
aire_parcellaire.3576;Bordeaux
aire_parcellaire.3577;Sud-Ouest
aire_parcellaire.3578;Alsace
aire_parcellaire.3579;Provence
aire_parcellaire.3580;Bourgogne
aire_parcellaire.3581;Bordeaux
aire_parcellaire.3582;Provence
aire_parcellaire.3583;Languedoc
aire_parcellaire.3584;Languedoc
aire_parcellaire.3585;Rhône
aire_parcellaire.3586;Beaujolais
aire_parcellaire.3587;Rhône
aire_parcellaire.3588;Provence
aire_parcellaire.3589;Rhône
aire_parcellaire.3590;Rhône
aire_parcellaire.3591;Corse
aire_parcellaire.3592;Provence
aire_parcellaire.3593;Languedoc
aire_parcellaire.3594;Rhône
aire_parcellaire.3595;Provence
aire_parcellaire.3596;Loire
aire_parcellaire.3597;Bordeaux
aire_parcellaire.3598;Bordeaux
aire_parcellaire.3599;Rhône
aire_parcellaire.3600;Rhône
aire_parcellaire.3601;Rhône
aire_parcellaire.3602;Languedoc
aire_parcellaire.3603;Corse
aire_parcellaire.3604;Languedoc
aire_parcellaire.3605;Provence
aire_parcellaire.3606;Rhône
aire_parcellaire.3607;Bordeaux
aire_parcellaire.3608;Provence
aire_parcellaire.3609;Languedoc
aire_parcellaire.3610;Languedoc
aire_parcellaire.3611;Sud-Ouest
aire_parcellaire.3612;Provence
aire_parcellaire.3613;Sud-Ouest
aire_parcellaire.3614;Provence
aire_parcellaire.3615;Sud-Ouest
aire_parcellaire.3616;Rhône
aire_parcellaire.3617;Corse
aire_parcellaire.3618;Languedoc
aire_parcellaire.3619;Languedoc
aire_parcellaire.3620;Corse
aire_parcellaire.3621;Languedoc
aire_parcellaire.3622;Bordeaux
aire_parcellaire.3623;Alsace
aire_parcellaire.3624;Sud-Ouest
aire_parcellaire.3625;Languedoc
aire_parcellaire.3626;Sud-Ouest
aire_parcellaire.3627;Languedoc
aire_parcellaire.3628;Rhône
aire_parcellaire.3629;Languedoc
aire_parcellaire.3630;Corse
aire_parcellaire.3631;Languedoc
aire_parcellaire.3632;Bordeaux
aire_parcellaire.3633;Languedoc
aire_parcellaire.3634;Provence
aire_parcellaire.3635;Languedoc
aire_parcellaire.3636;Languedoc
aire_parcellaire.3637;Bourgogne
aire_parcellaire.3638;Languedoc
aire_parcellaire.3639;Provence
aire_parcellaire.3640;Languedoc
aire_parcellaire.3641;Bordeaux
aire_parcellaire.3642;Bourgogne
aire_parcellaire.3643;Languedoc
aire_parcellaire.3644;Sud-Ouest
aire_parcellaire.3645;Rhône
aire_parcellaire.3646;Rhône
aire_parcellaire.3647;Rhône
aire_parcellaire.3648;Languedoc
aire_parcellaire.3649;Rhône
aire_parcellaire.3650;Rhône
aire_parcellaire.3651;Rhône
aire_parcellaire.3652;Languedoc
aire_parcellaire.3653;Languedoc
aire_parcellaire.3654;Corse
aire_parcellaire.3655;Languedoc
aire_parcellaire.3656;Rhône
aire_parcellaire.3657;Rhône
aire_parcellaire.3658;Sud-Ouest
aire_parcellaire.3659;Rhône
aire_parcellaire.3660;Bordeaux
aire_parcellaire.3661;Languedoc
aire_parcellaire.3662;Provence
aire_parcellaire.3663;Bordeaux
aire_parcellaire.3664;Beaujolais
aire_parcellaire.3665;Languedoc
aire_parcellaire.3666;Sud-Ouest
aire_parcellaire.3667;Languedoc
aire_parcellaire.3668;Rhône
aire_parcellaire.3669;Savoie
aire_parcellaire.3670;Bordeaux
aire_parcellaire.3671;Sud-Ouest
aire_parcellaire.3672;Bourgogne
aire_parcellaire.3673;Provence
aire_parcellaire.3674;Sud-Ouest
aire_parcellaire.3675;Languedoc
aire_parcellaire.3676;Rhône
aire_parcellaire.3677;Languedoc
aire_parcellaire.3678;Rhône
aire_parcellaire.3679;Sud-Ouest
aire_parcellaire.3680;Languedoc
aire_parcellaire.3681;Sud-Ouest
aire_parcellaire.3682;Sud-Ouest
aire_parcellaire.3683;Loire
aire_parcellaire.3684;Languedoc
aire_parcellaire.3685;Bordeaux
aire_parcellaire.3686;Rhône
aire_parcellaire.3687;Provence
aire_parcellaire.3688;Provence
aire_parcellaire.3689;Bordeaux
aire_parcellaire.3690;Languedoc
aire_parcellaire.3691;Provence
aire_parcellaire.3692;Rhône
aire_parcellaire.3693;Provence
aire_parcellaire.3694;Languedoc
aire_parcellaire.3695;Languedoc
aire_parcellaire.3696;Sud-Ouest
aire_parcellaire.3697;Sud-Ouest
aire_parcellaire.3698;Languedoc
aire_parcellaire.3699;Rhône
aire_parcellaire.3700;Sud-Ouest
aire_parcellaire.3701;Provence
aire_parcellaire.3702;Languedoc
aire_parcellaire.3703;Alsace
aire_parcellaire.3704;Sud-Ouest
aire_parcellaire.3705;Loire
aire_parcellaire.3706;Rhône
aire_parcellaire.3707;Rhône
aire_parcellaire.3708;Languedoc
aire_parcellaire.3709;Rhône
aire_parcellaire.3710;Sud-Ouest
aire_parcellaire.3711;Sud-Ouest
aire_parcellaire.3712;Rhône
aire_parcellaire.3713;Rhône
aire_parcellaire.3714;Sud-Ouest
aire_parcellaire.3715;Rhône
aire_parcellaire.3716;Languedoc
aire_parcellaire.3717;Corse
aire_parcellaire.3718;Languedoc
aire_parcellaire.3719;Sud-Ouest
aire_parcellaire.3720;Rhône
aire_parcellaire.3721;Sud-Ouest
aire_parcellaire.3722;Beaujolais
aire_parcellaire.3723;Alsace
aire_parcellaire.3724;Provence
aire_parcellaire.3725;Rhône
aire_parcellaire.3726;Sud-Ouest
aire_parcellaire.3727;Languedoc
aire_parcellaire.3728;Beaujolais
aire_parcellaire.3729;Sud-Ouest
aire_parcellaire.3730;Sud-Ouest
aire_parcellaire.3731;Bordeaux
aire_parcellaire.3732;Rhône
aire_parcellaire.3733;Languedoc
aire_parcellaire.3734;Rhône
aire_parcellaire.3735;Rhône
aire_parcellaire.3736;Provence
aire_parcellaire.3737;Bordeaux
aire_parcellaire.3738;Rhône
aire_parcellaire.3739;Rhône
aire_parcellaire.3740;Rhône
aire_parcellaire.3741;Languedoc
aire_parcellaire.3742;Rhône
aire_parcellaire.3743;Rhône
aire_parcellaire.3744;Provence
aire_parcellaire.3745;Languedoc
aire_parcellaire.3746;Rhône
aire_parcellaire.3747;Bourgogne
aire_parcellaire.3748;Languedoc
aire_parcellaire.3749;Sud-Ouest
aire_parcellaire.3750;Loire
aire_parcellaire.3751;Sud-Ouest
aire_parcellaire.3752;Corse
aire_parcellaire.3753;Corse
aire_parcellaire.3754;Bordeaux
aire_parcellaire.3755;Loire
aire_parcellaire.3756;Rhône
aire_parcellaire.3757;Corse
aire_parcellaire.3758;Corse
aire_parcellaire.3759;Provence
aire_parcellaire.3760;Provence
aire_parcellaire.3761;Rhône
aire_parcellaire.3762;Languedoc
aire_parcellaire.3763;Corse
aire_parcellaire.3764;Rhône
aire_parcellaire.3765;Rhône
aire_parcellaire.3766;Rhône
aire_parcellaire.3767;Provence
aire_parcellaire.3768;Provence
aire_parcellaire.3769;Provence
aire_parcellaire.3770;Sud-Ouest
aire_parcellaire.3771;Languedoc
aire_parcellaire.3772;Beaujolais
aire_parcellaire.3773;Languedoc
aire_parcellaire.3774;Bourgogne
aire_parcellaire.3775;Bordeaux
aire_parcellaire.3776;Beaujolais
aire_parcellaire.3777;Rhône
aire_parcellaire.3778;Languedoc
aire_parcellaire.3779;Rhône
aire_parcellaire.3780;Bordeaux
aire_parcellaire.3781;Provence
aire_parcellaire.3782;Sud-Ouest
aire_parcellaire.3783;Sud-Ouest
aire_parcellaire.3784;Rhône
aire_parcellaire.3785;Loire
aire_parcellaire.3786;Sud-Ouest
aire_parcellaire.3787;Bordeaux
aire_parcellaire.3788;Rhône
aire_parcellaire.3789;Rhône
aire_parcellaire.3790;Sud-Ouest
aire_parcellaire.3791;Rhône
aire_parcellaire.3792;Alsace
aire_parcellaire.3793;Corse
aire_parcellaire.3794;Rhône
aire_parcellaire.3795;Provence
aire_parcellaire.3796;Sud-Ouest
aire_parcellaire.3797;Bourgogne
aire_parcellaire.3798;Languedoc
aire_parcellaire.3799;Sud-Ouest
aire_parcellaire.3800;Loire
aire_parcellaire.3801;Bordeaux
aire_parcellaire.3802;Beaujolais
aire_parcellaire.3803;Languedoc
aire_parcellaire.3804;Bordeaux
aire_parcellaire.3805;Bordeaux
aire_parcellaire.3806;Bordeaux
aire_parcellaire.3807;Languedoc
aire_parcellaire.3808;Corse
aire_parcellaire.3809;Provence
aire_parcellaire.3810;Sud-Ouest
aire_parcellaire.3811;Rhône
aire_parcellaire.3812;Sud-Ouest
aire_parcellaire.3813;Languedoc
aire_parcellaire.3814;Rhône
aire_parcellaire.3815;Sud-Ouest
aire_parcellaire.3816;Provence
aire_parcellaire.3817;Sud-Ouest
aire_parcellaire.3818;Alsace
aire_parcellaire.3819;Corse
aire_parcellaire.3820;Provence
aire_parcellaire.3821;Provence
aire_parcellaire.3822;Sud-Ouest
aire_parcellaire.3823;Bordeaux
aire_parcellaire.3824;Sud-Ouest
aire_parcellaire.3825;Languedoc
aire_parcellaire.3826;Rhône
aire_parcellaire.3827;Loire
aire_parcellaire.3828;Rhône
aire_parcellaire.3829;Rhône
aire_parcellaire.3830;Corse
aire_parcellaire.3831;Languedoc
aire_parcellaire.3832;Languedoc
aire_parcellaire.3833;Languedoc
aire_parcellaire.3834;Sud-Ouest
aire_parcellaire.3835;Provence
aire_parcellaire.3836;Languedoc
aire_parcellaire.3837;Jura
aire_parcellaire.3838;Bordeaux
aire_parcellaire.3839;Provence
aire_parcellaire.3840;Provence
aire_parcellaire.3841;Corse
aire_parcellaire.3842;Languedoc
aire_parcellaire.3843;Languedoc
aire_parcellaire.3844;Languedoc
aire_parcellaire.3845;Bourgogne
aire_parcellaire.3846;Sud-Ouest
aire_parcellaire.3847;Rhône
aire_parcellaire.3848;Rhône
aire_parcellaire.3849;Bordeaux
aire_parcellaire.3850;Provence
aire_parcellaire.3851;Bordeaux
aire_parcellaire.3852;Corse
aire_parcellaire.3853;Rhône
aire_parcellaire.3854;Rhône
aire_parcellaire.3855;Languedoc
aire_parcellaire.3856;Languedoc
aire_parcellaire.3857;Provence
aire_parcellaire.3858;Languedoc
aire_parcellaire.3859;Languedoc
aire_parcellaire.3860;Beaujolais
aire_parcellaire.3861;Rhône
aire_parcellaire.3862;Savoie
aire_parcellaire.3863;Rhône
aire_parcellaire.3864;Provence
aire_parcellaire.3865;Provence
aire_parcellaire.3866;Bordeaux
aire_parcellaire.3867;Languedoc
aire_parcellaire.3868;Provence
aire_parcellaire.3869;Sud-Ouest
aire_parcellaire.3870;Rhône
aire_parcellaire.3871;Languedoc
aire_parcellaire.3872;Languedoc
aire_parcellaire.3873;Sud-Ouest
aire_parcellaire.3874;Provence
aire_parcellaire.3875;Provence
aire_parcellaire.3876;Beaujolais
aire_parcellaire.3877;Languedoc
aire_parcellaire.3878;Bordeaux
aire_parcellaire.3879;Rhône
aire_parcellaire.3880;Provence
aire_parcellaire.3881;Provence
aire_parcellaire.3882;Sud-Ouest
aire_parcellaire.3883;Languedoc
aire_parcellaire.3884;Rhône
aire_parcellaire.3885;Sud-Ouest
aire_parcellaire.3886;Bourgogne
aire_parcellaire.3887;Rhône
aire_parcellaire.3888;Languedoc
aire_parcellaire.3889;Sud-Ouest
aire_parcellaire.3890;Languedoc
aire_parcellaire.3891;Languedoc
aire_parcellaire.3892;Provence
aire_parcellaire.3893;Languedoc
aire_parcellaire.3894;Sud-Ouest
aire_parcellaire.3895;Languedoc
aire_parcellaire.3896;Languedoc
aire_parcellaire.3897;Languedoc
aire_parcellaire.3898;Loire
aire_parcellaire.3899;Rhône
aire_parcellaire.3900;Alsace
aire_parcellaire.3901;Languedoc
aire_parcellaire.3902;Rhône
aire_parcellaire.3903;Languedoc
aire_parcellaire.3904;Languedoc
aire_parcellaire.3905;Languedoc
aire_parcellaire.3906;Rhône
aire_parcellaire.3907;Corse
aire_parcellaire.3908;Languedoc
aire_parcellaire.3909;Provence
aire_parcellaire.3910;Rhône
aire_parcellaire.3911;Sud-Ouest
aire_parcellaire.3912;Languedoc
aire_parcellaire.3913;Rhône
aire_parcellaire.3914;Bordeaux
aire_parcellaire.3915;Languedoc
aire_parcellaire.3916;Sud-Ouest
aire_parcellaire.3917;Provence
aire_parcellaire.3918;Provence
aire_parcellaire.3919;Rhône
aire_parcellaire.3920;Corse
aire_parcellaire.3921;Rhône
aire_parcellaire.3922;Languedoc
aire_parcellaire.3923;Rhône
aire_parcellaire.3924;Bordeaux
aire_parcellaire.3925;Rhône
aire_parcellaire.3926;Languedoc
aire_parcellaire.3927;Languedoc
aire_parcellaire.3928;Rhône
aire_parcellaire.3929;Rhône
aire_parcellaire.3930;Rhône
aire_parcellaire.3931;Languedoc
aire_parcellaire.3932;Rhône
aire_parcellaire.3933;Rhône
aire_parcellaire.3934;Rhône
aire_parcellaire.3935;Provence
aire_parcellaire.3936;Bordeaux
aire_parcellaire.3937;Sud-Ouest
aire_parcellaire.3938;Languedoc
aire_parcellaire.3939;Languedoc
aire_parcellaire.3940;Rhône
aire_parcellaire.3941;Languedoc
aire_parcellaire.3942;Bordeaux
aire_parcellaire.3943;Rhône
aire_parcellaire.3944;Rhône
aire_parcellaire.3945;Rhône
aire_parcellaire.3946;Bordeaux
aire_parcellaire.3947;Rhône
aire_parcellaire.3948;Sud-Ouest
aire_parcellaire.3949;Rhône
aire_parcellaire.3950;Rhône
aire_parcellaire.3951;Sud-Ouest
aire_parcellaire.3952;Provence
aire_parcellaire.3953;Sud-Ouest
aire_parcellaire.3954;Languedoc
aire_parcellaire.3955;Languedoc
aire_parcellaire.3956;Sud-Ouest
aire_parcellaire.3957;Sud-Ouest
aire_parcellaire.3958;Sud-Ouest
aire_parcellaire.3959;Sud-Ouest
aire_parcellaire.3960;Sud-Ouest
aire_parcellaire.3961;Loire
aire_parcellaire.3962;Provence
aire_parcellaire.3963;Rhône
aire_parcellaire.3964;Bordeaux
aire_parcellaire.3965;Languedoc
aire_parcellaire.3966;Rhône
aire_parcellaire.3967;Sud-Ouest
aire_parcellaire.3968;Bordeaux
aire_parcellaire.3969;Beaujolais
aire_parcellaire.3970;Languedoc
aire_parcellaire.3971;Corse
aire_parcellaire.3972;Corse
aire_parcellaire.3973;Rhône
aire_parcellaire.3974;Provence
aire_parcellaire.3975;Rhône
aire_parcellaire.3976;Bordeaux
aire_parcellaire.3977;Provence
aire_parcellaire.3978;Sud-Ouest
aire_parcellaire.3979;Alsace
aire_parcellaire.3980;Rhône
aire_parcellaire.3981;Rhône
aire_parcellaire.3982;Rhône
aire_parcellaire.3983;Rhône
aire_parcellaire.3984;Bourgogne
aire_parcellaire.3985;Beaujolais
aire_parcellaire.3986;Rhône
aire_parcellaire.3987;Languedoc
aire_parcellaire.3988;Rhône
aire_parcellaire.3989;Bordeaux
aire_parcellaire.3990;Bordeaux
aire_parcellaire.3991;Rhône
aire_parcellaire.3992;Bordeaux
aire_parcellaire.3993;Rhône
aire_parcellaire.3994;Bourgogne
aire_parcellaire.3995;Languedoc
aire_parcellaire.3996;Loire
aire_parcellaire.3997;Rhône
aire_parcellaire.3998;Languedoc
aire_parcellaire.3999;Rhône
aire_parcellaire.4000;Languedoc
aire_parcellaire.4001;Provence
aire_parcellaire.4002;Rhône
aire_parcellaire.4003;Corse
aire_parcellaire.4004;Provence
aire_parcellaire.4005;Alsace
aire_parcellaire.4006;Languedoc
aire_parcellaire.4007;Beaujolais
aire_parcellaire.4008;Languedoc
aire_parcellaire.4009;Alsace
aire_parcellaire.4010;Rhône
aire_parcellaire.4011;Rhône
aire_parcellaire.4012;Provence
aire_parcellaire.4013;Provence
aire_parcellaire.4014;Provence
aire_parcellaire.4015;Loire
aire_parcellaire.4016;Languedoc
aire_parcellaire.4017;Languedoc
aire_parcellaire.4018;Languedoc
aire_parcellaire.4019;Rhône
aire_parcellaire.4020;Bordeaux
aire_parcellaire.4021;Bordeaux
aire_parcellaire.4022;Languedoc
aire_parcellaire.4023;Rhône
aire_parcellaire.4024;Languedoc
aire_parcellaire.4025;Provence
aire_parcellaire.4026;Languedoc
aire_parcellaire.4027;Languedoc
aire_parcellaire.4028;Languedoc
aire_parcellaire.4029;Provence
aire_parcellaire.4030;Rhône
aire_parcellaire.4031;Provence
aire_parcellaire.4032;Rhône
aire_parcellaire.4033;Corse
aire_parcellaire.4034;Rhône
aire_parcellaire.4035;Sud-Ouest
aire_parcellaire.4036;Sud-Ouest
aire_parcellaire.4037;Sud-Ouest
aire_parcellaire.4038;Rhône
aire_parcellaire.4039;Rhône
aire_parcellaire.4040;Sud-Ouest
aire_parcellaire.4041;Languedoc
aire_parcellaire.4042;Sud-Ouest
aire_parcellaire.4043;Languedoc
aire_parcellaire.4044;Bordeaux
aire_parcellaire.4045;Sud-Ouest
aire_parcellaire.4046;Languedoc
aire_parcellaire.4047;Rhône
aire_parcellaire.4048;Loire
aire_parcellaire.4049;Languedoc
aire_parcellaire.4050;Languedoc
aire_parcellaire.4051;Sud-Ouest
aire_parcellaire.4052;Provence
aire_parcellaire.4053;Provence
aire_parcellaire.4054;Bordeaux
aire_parcellaire.4055;Rhône
aire_parcellaire.4056;Bordeaux
aire_parcellaire.4057;Languedoc
aire_parcellaire.4058;Languedoc
aire_parcellaire.4059;Languedoc
aire_parcellaire.4060;Languedoc
aire_parcellaire.4061;Rhône
aire_parcellaire.4062;Sud-Ouest
aire_parcellaire.4063;Sud-Ouest
aire_parcellaire.4064;Provence
aire_parcellaire.4065;Languedoc
aire_parcellaire.4066;Languedoc
aire_parcellaire.4067;Rhône
aire_parcellaire.4068;Provence
aire_parcellaire.4069;Bourgogne
aire_parcellaire.4070;Bordeaux
aire_parcellaire.4071;Beaujolais
aire_parcellaire.4072;Alsace
aire_parcellaire.4073;Corse
aire_parcellaire.4074;Rhône
aire_parcellaire.4075;Provence
aire_parcellaire.4076;Rhône
aire_parcellaire.4077;Provence
aire_parcellaire.4078;Rhône
aire_parcellaire.4079;Sud-Ouest
aire_parcellaire.4080;Provence
aire_parcellaire.4081;Languedoc
aire_parcellaire.4082;Sud-Ouest
aire_parcellaire.4083;Bourgogne
aire_parcellaire.4084;Rhône
aire_parcellaire.4085;Rhône
aire_parcellaire.4086;Provence
aire_parcellaire.4087;Languedoc
aire_parcellaire.4088;Sud-Ouest
aire_parcellaire.4089;Rhône
aire_parcellaire.4090;Rhône
aire_parcellaire.4091;Languedoc
aire_parcellaire.4092;Rhône
aire_parcellaire.4093;Provence
aire_parcellaire.4094;Alsace
aire_parcellaire.4095;Loire
aire_parcellaire.4096;Loire
aire_parcellaire.4097;Rhône
aire_parcellaire.4098;Bordeaux
aire_parcellaire.4099;Corse
aire_parcellaire.4100;Provence
aire_parcellaire.4101;Languedoc
aire_parcellaire.4102;Languedoc
aire_parcellaire.4103;Provence
aire_parcellaire.4104;Bordeaux
aire_parcellaire.4105;Rhône
aire_parcellaire.4106;Sud-Ouest
aire_parcellaire.4107;Rhône
aire_parcellaire.4108;Languedoc
aire_parcellaire.4109;Provence
aire_parcellaire.4110;Languedoc
aire_parcellaire.4111;Rhône
aire_parcellaire.4112;Sud-Ouest
aire_parcellaire.4113;Bordeaux
aire_parcellaire.4114;Bordeaux
aire_parcellaire.4115;Provence
aire_parcellaire.4116;Languedoc
aire_parcellaire.4117;Sud-Ouest
aire_parcellaire.4118;Languedoc
aire_parcellaire.4119;Languedoc
aire_parcellaire.4120;Languedoc
aire_parcellaire.4121;Bordeaux
aire_parcellaire.4122;Languedoc
aire_parcellaire.4123;Jura
aire_parcellaire.4124;Rhône
aire_parcellaire.4125;Rhône
aire_parcellaire.4126;Corse
aire_parcellaire.4127;Rhône
aire_parcellaire.4128;Loire
aire_parcellaire.4129;Rhône
aire_parcellaire.4130;Rhône
aire_parcellaire.4131;Alsace
aire_parcellaire.4132;Bourgogne
aire_parcellaire.4133;Languedoc
aire_parcellaire.4134;Languedoc
aire_parcellaire.4135;Bourgogne
aire_parcellaire.4136;Rhône
aire_parcellaire.4137;Languedoc
aire_parcellaire.4138;Languedoc
aire_parcellaire.4139;Rhône
aire_parcellaire.4140;Provence
aire_parcellaire.4141;Corse
aire_parcellaire.4142;Bordeaux
aire_parcellaire.4143;Languedoc
aire_parcellaire.4144;Sud-Ouest
aire_parcellaire.4145;Alsace
aire_parcellaire.4146;Languedoc
aire_parcellaire.4147;Provence
aire_parcellaire.4148;Rhône
aire_parcellaire.4149;Provence
aire_parcellaire.4150;Loire
aire_parcellaire.4151;Rhône
aire_parcellaire.4152;Languedoc
aire_parcellaire.4153;Rhône
aire_parcellaire.4154;Languedoc
aire_parcellaire.4155;Provence
aire_parcellaire.4156;Bourgogne
aire_parcellaire.4157;Languedoc
aire_parcellaire.4158;Savoie
aire_parcellaire.4159;Bordeaux
aire_parcellaire.4160;Sud-Ouest
aire_parcellaire.4161;Rhône
aire_parcellaire.4162;Bordeaux
aire_parcellaire.4163;Provence
aire_parcellaire.4164;Provence
aire_parcellaire.4165;Provence
aire_parcellaire.4166;Bordeaux
aire_parcellaire.4167;Rhône
aire_parcellaire.4168;Loire
aire_parcellaire.4169;Sud-Ouest
aire_parcellaire.4170;Languedoc
aire_parcellaire.4171;Alsace
aire_parcellaire.4172;Rhône
aire_parcellaire.4173;Sud-Ouest
aire_parcellaire.4174;Languedoc
aire_parcellaire.4175;Rhône
aire_parcellaire.4176;Provence
aire_parcellaire.4177;Bordeaux
aire_parcellaire.4178;Sud-Ouest
aire_parcellaire.4179;Provence
aire_parcellaire.4180;Languedoc
aire_parcellaire.4181;Beaujolais
aire_parcellaire.4182;Languedoc
aire_parcellaire.4183;Languedoc
aire_parcellaire.4184;Loire
aire_parcellaire.4185;Languedoc
aire_parcellaire.4186;Languedoc
aire_parcellaire.4187;Bordeaux
aire_parcellaire.4188;Corse
aire_parcellaire.4189;Languedoc
aire_parcellaire.4190;Rhône
aire_parcellaire.4191;Corse
aire_parcellaire.4192;Provence
aire_parcellaire.4193;Rhône
aire_parcellaire.4194;Languedoc
aire_parcellaire.4195;Rhône
aire_parcellaire.4196;Sud-Ouest
aire_parcellaire.4197;Languedoc
aire_parcellaire.4198;Languedoc
aire_parcellaire.4199;Bordeaux
aire_parcellaire.4200;Languedoc
aire_parcellaire.4201;Languedoc
aire_parcellaire.4202;Languedoc
aire_parcellaire.4203;Languedoc
aire_parcellaire.4204;Sud-Ouest
aire_parcellaire.4205;Languedoc
aire_parcellaire.4206;Languedoc
aire_parcellaire.4207;Languedoc
aire_parcellaire.4208;Bordeaux
aire_parcellaire.4209;Sud-Ouest
aire_parcellaire.4210;Languedoc
aire_parcellaire.4211;Languedoc
aire_parcellaire.4212;Languedoc
aire_parcellaire.4213;Languedoc
aire_parcellaire.4214;Bordeaux
aire_parcellaire.4215;Languedoc
aire_parcellaire.4216;Rhône
aire_parcellaire.4217;Rhône
aire_parcellaire.4218;Sud-Ouest
aire_parcellaire.4219;Sud-Ouest
aire_parcellaire.4220;Rhône
aire_parcellaire.4221;Languedoc
aire_parcellaire.4222;Languedoc
aire_parcellaire.4223;Corse
aire_parcellaire.4224;Sud-Ouest
aire_parcellaire.4225;Languedoc
aire_parcellaire.4226;Sud-Ouest
aire_parcellaire.4227;Bordeaux
aire_parcellaire.4228;Languedoc
aire_parcellaire.4229;Loire
aire_parcellaire.4230;Languedoc
aire_parcellaire.4231;Sud-Ouest
aire_parcellaire.4232;Rhône
aire_parcellaire.4233;Bourgogne
aire_parcellaire.4234;Languedoc
aire_parcellaire.4235;Alsace
aire_parcellaire.4236;Sud-Ouest
aire_parcellaire.4237;Provence
aire_parcellaire.4238;Rhône
aire_parcellaire.4239;Bordeaux
aire_parcellaire.4240;Rhône
aire_parcellaire.4241;Corse
aire_parcellaire.4242;Provence
aire_parcellaire.4243;Languedoc
aire_parcellaire.4244;Jura
aire_parcellaire.4245;Bordeaux
aire_parcellaire.4246;Savoie
aire_parcellaire.4247;Rhône
aire_parcellaire.4248;Languedoc
aire_parcellaire.4249;Languedoc
aire_parcellaire.4250;Jura
aire_parcellaire.4251;Bordeaux
aire_parcellaire.4252;Languedoc
aire_parcellaire.4253;Rhône
aire_parcellaire.4254;Provence
aire_parcellaire.4255;Sud-Ouest
aire_parcellaire.4256;Languedoc
aire_parcellaire.4257;Bordeaux
aire_parcellaire.4258;Sud-Ouest
aire_parcellaire.4259;Sud-Ouest
aire_parcellaire.4260;Rhône
aire_parcellaire.4261;Corse
aire_parcellaire.4262;Beaujolais
aire_parcellaire.4263;Rhône
aire_parcellaire.4264;Rhône
aire_parcellaire.4265;Languedoc
aire_parcellaire.4266;Alsace
aire_parcellaire.4267;Sud-Ouest
aire_parcellaire.4268;Sud-Ouest
aire_parcellaire.4269;Languedoc
aire_parcellaire.4270;Rhône
aire_parcellaire.4271;Sud-Ouest
aire_parcellaire.4272;Languedoc
aire_parcellaire.4273;Bordeaux
aire_parcellaire.4274;Bourgogne
aire_parcellaire.4275;Provence
aire_parcellaire.4276;Rhône
aire_parcellaire.4277;Bourgogne
aire_parcellaire.4278;Bordeaux
aire_parcellaire.4279;Languedoc
aire_parcellaire.4280;Rhône
aire_parcellaire.4281;Rhône
aire_parcellaire.4282;Languedoc
aire_parcellaire.4283;Languedoc
aire_parcellaire.4284;Languedoc
aire_parcellaire.4285;Sud-Ouest
aire_parcellaire.4286;Sud-Ouest
aire_parcellaire.4287;Beaujolais
aire_parcellaire.4288;Rhône
aire_parcellaire.4289;Rhône
aire_parcellaire.4290;Languedoc
aire_parcellaire.4291;Rhône
aire_parcellaire.4292;Rhône
aire_parcellaire.4293;Sud-Ouest
aire_parcellaire.4294;Jura
aire_parcellaire.4295;Languedoc
aire_parcellaire.4296;Sud-Ouest
aire_parcellaire.4297;Bourgogne
aire_parcellaire.4298;Bordeaux
aire_parcellaire.4299;Provence
aire_parcellaire.4300;Provence
aire_parcellaire.4301;Provence
aire_parcellaire.4302;Bordeaux
aire_parcellaire.4303;Rhône
aire_parcellaire.4304;Bordeaux
aire_parcellaire.4305;Languedoc
aire_parcellaire.4306;Rhône
aire_parcellaire.4307;Bourgogne
aire_parcellaire.4308;Rhône
aire_parcellaire.4309;Rhône
aire_parcellaire.4310;Languedoc
aire_parcellaire.4311;Jura
aire_parcellaire.4312;Bourgogne
aire_parcellaire.4313;Rhône
aire_parcellaire.4314;Rhône
aire_parcellaire.4315;Rhône
aire_parcellaire.4316;Languedoc
aire_parcellaire.4317;Beaujolais
aire_parcellaire.4318;Languedoc
aire_parcellaire.4319;Languedoc
aire_parcellaire.4320;Rhône
aire_parcellaire.4321;Sud-Ouest
aire_parcellaire.4322;Rhône
aire_parcellaire.4323;Languedoc
aire_parcellaire.4324;Rhône
aire_parcellaire.4325;Provence
aire_parcellaire.4326;Sud-Ouest
aire_parcellaire.4327;Rhône
aire_parcellaire.4328;Sud-Ouest
aire_parcellaire.4329;Languedoc
aire_parcellaire.4330;Languedoc
aire_parcellaire.4331;Corse
aire_parcellaire.4332;Provence
aire_parcellaire.4333;Rhône
aire_parcellaire.4334;Languedoc
aire_parcellaire.4335;Rhône
aire_parcellaire.4336;Languedoc
aire_parcellaire.4337;Bordeaux
aire_parcellaire.4338;Rhône
aire_parcellaire.4339;Bordeaux
aire_parcellaire.4340;Languedoc
aire_parcellaire.4341;Languedoc
aire_parcellaire.4342;Languedoc
aire_parcellaire.4343;Rhône
aire_parcellaire.4344;Languedoc
aire_parcellaire.4345;Rhône
aire_parcellaire.4346;Bordeaux
aire_parcellaire.4347;Provence
aire_parcellaire.4348;Provence
aire_parcellaire.4349;Languedoc
aire_parcellaire.4350;Languedoc
aire_parcellaire.4351;Rhône
aire_parcellaire.4352;Rhône
aire_parcellaire.4353;Corse
aire_parcellaire.4354;Corse
aire_parcellaire.4355;Beaujolais
aire_parcellaire.4356;Bourgogne
aire_parcellaire.4357;Loire
aire_parcellaire.4358;Languedoc
aire_parcellaire.4359;Sud-Ouest
aire_parcellaire.4360;Rhône
aire_parcellaire.4361;Languedoc
aire_parcellaire.4362;Rhône
aire_parcellaire.4363;Languedoc
aire_parcellaire.4364;Languedoc
aire_parcellaire.4365;Corse
aire_parcellaire.4366;Corse
aire_parcellaire.4367;Sud-Ouest
aire_parcellaire.4368;Sud-Ouest
aire_parcellaire.4369;Languedoc
aire_parcellaire.4370;Sud-Ouest
aire_parcellaire.4371;Loire
aire_parcellaire.4372;Sud-Ouest
aire_parcellaire.4373;Bordeaux
aire_parcellaire.4374;Beaujolais
aire_parcellaire.4375;Rhône
aire_parcellaire.4376;Bordeaux
aire_parcellaire.4377;Rhône
aire_parcellaire.4378;Corse
aire_parcellaire.4379;Languedoc
aire_parcellaire.4380;Sud-Ouest
aire_parcellaire.4381;Loire
aire_parcellaire.4382;Sud-Ouest
aire_parcellaire.4383;Languedoc
aire_parcellaire.4384;Sud-Ouest
aire_parcellaire.4385;Languedoc
aire_parcellaire.4386;Sud-Ouest
aire_parcellaire.4387;Languedoc
aire_parcellaire.4388;Languedoc
aire_parcellaire.4389;Beaujolais
aire_parcellaire.4390;Rhône
aire_parcellaire.4391;Sud-Ouest
aire_parcellaire.4392;Rhône
aire_parcellaire.4393;Bourgogne
aire_parcellaire.4394;Sud-Ouest
aire_parcellaire.4395;Provence
aire_parcellaire.4396;Sud-Ouest
aire_parcellaire.4397;Languedoc
aire_parcellaire.4398;Rhône
aire_parcellaire.4399;Rhône
aire_parcellaire.4400;Languedoc
aire_parcellaire.4401;Languedoc
aire_parcellaire.4402;Rhône
aire_parcellaire.4403;Rhône
aire_parcellaire.4404;Sud-Ouest
aire_parcellaire.4405;Jura
aire_parcellaire.4406;Languedoc
aire_parcellaire.4407;Provence
aire_parcellaire.4408;Rhône
aire_parcellaire.4409;Provence
aire_parcellaire.4410;Bordeaux
aire_parcellaire.4411;Provence
aire_parcellaire.4412;Sud-Ouest
aire_parcellaire.4413;Rhône
aire_parcellaire.4414;Languedoc
aire_parcellaire.4415;Languedoc
aire_parcellaire.4416;Jura
aire_parcellaire.4417;Provence
aire_parcellaire.4418;Rhône
aire_parcellaire.4419;Rhône
aire_parcellaire.4420;Sud-Ouest
aire_parcellaire.4421;Alsace
aire_parcellaire.4422;Sud-Ouest
aire_parcellaire.4423;Rhône
aire_parcellaire.4424;Languedoc
aire_parcellaire.4425;Beaujolais
aire_parcellaire.4426;Rhône
aire_parcellaire.4427;Languedoc
aire_parcellaire.4428;Provence
aire_parcellaire.4429;Languedoc
aire_parcellaire.4430;Languedoc
aire_parcellaire.4431;Rhône
aire_parcellaire.4432;Provence
aire_parcellaire.4433;Provence
aire_parcellaire.4434;Provence
aire_parcellaire.4435;Languedoc
aire_parcellaire.4436;Languedoc
aire_parcellaire.4437;Rhône
aire_parcellaire.4438;Provence
aire_parcellaire.4439;Rhône
aire_parcellaire.4440;Provence
aire_parcellaire.4441;Provence
aire_parcellaire.4442;Sud-Ouest
aire_parcellaire.4443;Bordeaux
aire_parcellaire.4444;Rhône
aire_parcellaire.4445;Bordeaux
aire_parcellaire.4446;Rhône
aire_parcellaire.4447;Sud-Ouest
aire_parcellaire.4448;Bordeaux
aire_parcellaire.4449;Corse
aire_parcellaire.4450;Languedoc
aire_parcellaire.4451;Bordeaux
aire_parcellaire.4452;Sud-Ouest
aire_parcellaire.4453;Sud-Ouest
aire_parcellaire.4454;Bourgogne
aire_parcellaire.4455;Rhône
aire_parcellaire.4456;Provence
aire_parcellaire.4457;Provence
aire_parcellaire.4458;Corse
aire_parcellaire.4459;Bordeaux
aire_parcellaire.4460;Languedoc
aire_parcellaire.4461;Languedoc
aire_parcellaire.4462;Rhône
aire_parcellaire.4463;Languedoc
aire_parcellaire.4464;Languedoc
aire_parcellaire.4465;Sud-Ouest
aire_parcellaire.4466;Sud-Ouest
aire_parcellaire.4467;Sud-Ouest
aire_parcellaire.4468;Sud-Ouest
aire_parcellaire.4469;Sud-Ouest
aire_parcellaire.4470;Bordeaux
aire_parcellaire.4471;Languedoc
aire_parcellaire.4472;Languedoc
aire_parcellaire.4473;Languedoc
aire_parcellaire.4474;Languedoc
aire_parcellaire.4475;Bordeaux
aire_parcellaire.4476;Beaujolais
aire_parcellaire.4477;Rhône
aire_parcellaire.4478;Languedoc
aire_parcellaire.4479;Provence
aire_parcellaire.4480;Languedoc
aire_parcellaire.4481;Provence
aire_parcellaire.4482;Sud-Ouest
aire_parcellaire.4483;Rhône
aire_parcellaire.4484;Corse
aire_parcellaire.4485;Bordeaux
aire_parcellaire.4486;Alsace
aire_parcellaire.4487;Languedoc
aire_parcellaire.4488;Loire
aire_parcellaire.4489;Bordeaux
aire_parcellaire.4490;Rhône
aire_parcellaire.4491;Corse
aire_parcellaire.4492;Provence
aire_parcellaire.4493;Bordeaux
aire_parcellaire.4494;Bordeaux
aire_parcellaire.4495;Rhône
aire_parcellaire.4496;Languedoc
aire_parcellaire.4497;Rhône
aire_parcellaire.4498;Provence
aire_parcellaire.4499;Rhône
aire_parcellaire.4500;Rhône
aire_parcellaire.4501;Rhône
aire_parcellaire.4502;Languedoc
aire_parcellaire.4503;Provence
aire_parcellaire.4504;Bordeaux
aire_parcellaire.4505;Rhône
aire_parcellaire.4506;Rhône
aire_parcellaire.4507;Bourgogne
aire_parcellaire.4508;Bordeaux
aire_parcellaire.4509;Bordeaux
aire_parcellaire.4510;Bordeaux
aire_parcellaire.4511;Languedoc
aire_parcellaire.4512;Languedoc
aire_parcellaire.4513;Bordeaux
aire_parcellaire.4514;Sud-Ouest
aire_parcellaire.4515;Bordeaux
aire_parcellaire.4516;Bourgogne
aire_parcellaire.4517;Rhône
aire_parcellaire.4518;Rhône
aire_parcellaire.4519;Provence
aire_parcellaire.4520;Rhône
aire_parcellaire.4521;Provence
aire_parcellaire.4522;Sud-Ouest
aire_parcellaire.4523;Languedoc
aire_parcellaire.4524;Languedoc
aire_parcellaire.4525;Rhône
aire_parcellaire.4526;Bordeaux
aire_parcellaire.4527;Languedoc
aire_parcellaire.4528;Corse
aire_parcellaire.4529;Languedoc
aire_parcellaire.4530;Bourgogne
aire_parcellaire.4531;Languedoc
aire_parcellaire.4532;Corse
aire_parcellaire.4533;Sud-Ouest
aire_parcellaire.4534;Languedoc
aire_parcellaire.4535;Sud-Ouest
aire_parcellaire.4536;Rhône
aire_parcellaire.4537;Provence
aire_parcellaire.4538;Rhône
aire_parcellaire.4539;Bordeaux
aire_parcellaire.4540;Bordeaux
aire_parcellaire.4541;Sud-Ouest
aire_parcellaire.4542;Provence
aire_parcellaire.4543;Bourgogne
aire_parcellaire.4544;Languedoc
aire_parcellaire.4545;Rhône
aire_parcellaire.4546;Provence
aire_parcellaire.4547;Rhône
aire_parcellaire.4548;Rhône
aire_parcellaire.4549;Loire
aire_parcellaire.4550;Bourgogne
aire_parcellaire.4551;Sud-Ouest
aire_parcellaire.4552;Provence
aire_parcellaire.4553;Rhône
aire_parcellaire.4554;Rhône
aire_parcellaire.4555;Corse
aire_parcellaire.4556;Sud-Ouest
aire_parcellaire.4557;Provence
aire_parcellaire.4558;Languedoc
aire_parcellaire.4559;Bordeaux
aire_parcellaire.4560;Languedoc
aire_parcellaire.4561;Languedoc
aire_parcellaire.4562;Languedoc
aire_parcellaire.4563;Languedoc
aire_parcellaire.4564;Languedoc
aire_parcellaire.4565;Rhône
aire_parcellaire.4566;Languedoc
aire_parcellaire.4567;Languedoc
aire_parcellaire.4568;Provence
aire_parcellaire.4569;Languedoc
aire_parcellaire.4570;Sud-Ouest
aire_parcellaire.4571;Rhône
aire_parcellaire.4572;Rhône
aire_parcellaire.4573;Bourgogne
aire_parcellaire.4574;Provence
aire_parcellaire.4575;Loire
aire_parcellaire.4576;Languedoc
aire_parcellaire.4577;Languedoc
aire_parcellaire.4578;Languedoc
aire_parcellaire.4579;Provence
aire_parcellaire.4580;Languedoc
aire_parcellaire.4581;Languedoc
aire_parcellaire.4582;Rhône
aire_parcellaire.4583;Jura
aire_parcellaire.4584;Languedoc
aire_parcellaire.4585;Languedoc
aire_parcellaire.4586;Bordeaux
aire_parcellaire.4587;Savoie
aire_parcellaire.4588;Languedoc
aire_parcellaire.4589;Loire
aire_parcellaire.4590;Languedoc
aire_parcellaire.4591;Languedoc
aire_parcellaire.4592;Languedoc
aire_parcellaire.4593;Corse
aire_parcellaire.4594;Rhône
aire_parcellaire.4595;Bordeaux
aire_parcellaire.4596;Provence
aire_parcellaire.4597;Sud-Ouest
aire_parcellaire.4598;Sud-Ouest
aire_parcellaire.4599;Alsace
aire_parcellaire.4600;Languedoc
aire_parcellaire.4601;Rhône
aire_parcellaire.4602;Languedoc
aire_parcellaire.4603;Bordeaux
aire_parcellaire.4604;Provence
aire_parcellaire.4605;Bordeaux
aire_parcellaire.4606;Bordeaux
aire_parcellaire.4607;Languedoc
aire_parcellaire.4608;Rhône
aire_parcellaire.4609;Loire
aire_parcellaire.4610;Rhône
aire_parcellaire.4611;Sud-Ouest
aire_parcellaire.4612;Languedoc
aire_parcellaire.4613;Rhône
aire_parcellaire.4614;Languedoc
aire_parcellaire.4615;Rhône
aire_parcellaire.4616;Rhône
aire_parcellaire.4617;Bourgogne
aire_parcellaire.4618;Alsace
aire_parcellaire.4619;Languedoc
aire_parcellaire.4620;Languedoc
aire_parcellaire.4621;Rhône
aire_parcellaire.4622;Rhône
aire_parcellaire.4623;Jura
aire_parcellaire.4624;Bordeaux
aire_parcellaire.4625;Languedoc
aire_parcellaire.4626;Provence
aire_parcellaire.4627;Sud-Ouest
aire_parcellaire.4628;Provence
aire_parcellaire.4629;Loire
aire_parcellaire.4630;Languedoc
aire_parcellaire.4631;Provence
aire_parcellaire.4632;Rhône
aire_parcellaire.4633;Rhône
aire_parcellaire.4634;Bordeaux
aire_parcellaire.4635;Sud-Ouest
aire_parcellaire.4636;Rhône
aire_parcellaire.4637;Rhône
aire_parcellaire.4638;Languedoc
aire_parcellaire.4639;Languedoc
aire_parcellaire.4640;Rhône
aire_parcellaire.4641;Rhône
aire_parcellaire.4642;Languedoc
aire_parcellaire.4643;Bordeaux
aire_parcellaire.4644;Rhône
aire_parcellaire.4645;Sud-Ouest
aire_parcellaire.4646;Rhône
aire_parcellaire.4647;Provence
aire_parcellaire.4648;Languedoc
aire_parcellaire.4649;Rhône
aire_parcellaire.4650;Languedoc
aire_parcellaire.4651;Languedoc
aire_parcellaire.4652;Jura
aire_parcellaire.4653;Languedoc
aire_parcellaire.4654;Rhône
aire_parcellaire.4655;Sud-Ouest
aire_parcellaire.4656;Languedoc
aire_parcellaire.4657;Corse
aire_parcellaire.4658;Sud-Ouest
aire_parcellaire.4659;Provence
aire_parcellaire.4660;Sud-Ouest
aire_parcellaire.4661;Jura
aire_parcellaire.4662;Languedoc
aire_parcellaire.4663;Rhône
aire_parcellaire.4664;Rhône
aire_parcellaire.4665;Rhône
aire_parcellaire.4666;Rhône
aire_parcellaire.4667;Provence
aire_parcellaire.4668;Sud-Ouest
aire_parcellaire.4669;Languedoc
aire_parcellaire.4670;Provence
aire_parcellaire.4671;Alsace
aire_parcellaire.4672;Bourgogne
aire_parcellaire.4673;Rhône
aire_parcellaire.4674;Provence
aire_parcellaire.4675;Savoie
aire_parcellaire.4676;Languedoc
aire_parcellaire.4677;Loire
aire_parcellaire.4678;Provence
aire_parcellaire.4679;Provence
aire_parcellaire.4680;Bordeaux
aire_parcellaire.4681;Sud-Ouest
aire_parcellaire.4682;Bourgogne
aire_parcellaire.4683;Provence
aire_parcellaire.4684;Bordeaux
aire_parcellaire.4685;Languedoc
aire_parcellaire.4686;Languedoc
aire_parcellaire.4687;Bordeaux
aire_parcellaire.4688;Languedoc
aire_parcellaire.4689;Rhône
aire_parcellaire.4690;Rhône
aire_parcellaire.4691;Languedoc
aire_parcellaire.4692;Rhône
aire_parcellaire.4693;Alsace
aire_parcellaire.4694;Provence
aire_parcellaire.4695;Rhône
aire_parcellaire.4696;Languedoc
aire_parcellaire.4697;Rhône
aire_parcellaire.4698;Rhône
aire_parcellaire.4699;Sud-Ouest
aire_parcellaire.4700;Bordeaux
aire_parcellaire.4701;Bourgogne
aire_parcellaire.4702;Rhône
aire_parcellaire.4703;Beaujolais
aire_parcellaire.4704;Languedoc
aire_parcellaire.4705;Provence
aire_parcellaire.4706;Rhône
aire_parcellaire.4707;Corse
aire_parcellaire.4708;Languedoc
aire_parcellaire.4709;Bordeaux
aire_parcellaire.4710;Bordeaux
aire_parcellaire.4711;Beaujolais
aire_parcellaire.4712;Bordeaux
aire_parcellaire.4713;Rhône
aire_parcellaire.4714;Languedoc
aire_parcellaire.4715;Corse
aire_parcellaire.4716;Languedoc
aire_parcellaire.4717;Provence
aire_parcellaire.4718;Beaujolais
aire_parcellaire.4719;Provence
aire_parcellaire.4720;Sud-Ouest
aire_parcellaire.4721;Loire
aire_parcellaire.4722;Sud-Ouest
aire_parcellaire.4723;Loire
aire_parcellaire.4724;Languedoc
aire_parcellaire.4725;Rhône
aire_parcellaire.4726;Sud-Ouest
aire_parcellaire.4727;Languedoc
aire_parcellaire.4728;Rhône
aire_parcellaire.4729;Languedoc
aire_parcellaire.4730;Rhône
aire_parcellaire.4731;Sud-Ouest
aire_parcellaire.4732;Rhône
aire_parcellaire.4733;Languedoc
aire_parcellaire.4734;Rhône
aire_parcellaire.4735;Languedoc
aire_parcellaire.4736;Rhône
aire_parcellaire.4737;Loire
aire_parcellaire.4738;Rhône
aire_parcellaire.4739;Bordeaux
aire_parcellaire.4740;Provence
aire_parcellaire.4741;Bordeaux
aire_parcellaire.4742;Bourgogne
aire_parcellaire.4743;Bordeaux
aire_parcellaire.4744;Loire
aire_parcellaire.4745;Sud-Ouest
aire_parcellaire.4746;Sud-Ouest
aire_parcellaire.4747;Provence
aire_parcellaire.4748;Rhône
aire_parcellaire.4749;Rhône
aire_parcellaire.4750;Provence
aire_parcellaire.4751;Rhône
aire_parcellaire.4752;Bordeaux
aire_parcellaire.4753;Rhône
aire_parcellaire.4754;Bordeaux
aire_parcellaire.4755;Languedoc
aire_parcellaire.4756;Alsace
aire_parcellaire.4757;Languedoc
aire_parcellaire.4758;Rhône
aire_parcellaire.4759;Provence
aire_parcellaire.4760;Languedoc
aire_parcellaire.4761;Rhône
aire_parcellaire.4762;Rhône
aire_parcellaire.4763;Sud-Ouest
aire_parcellaire.4764;Bourgogne
aire_parcellaire.4765;Sud-Ouest
aire_parcellaire.4766;Bordeaux
aire_parcellaire.4767;Provence
aire_parcellaire.4768;Rhône
aire_parcellaire.4769;Provence
aire_parcellaire.4770;Languedoc
aire_parcellaire.4771;Rhône
aire_parcellaire.4772;Rhône
aire_parcellaire.4773;Loire
aire_parcellaire.4774;Rhône
aire_parcellaire.4775;Languedoc
aire_parcellaire.4776;Rhône
aire_parcellaire.4777;Languedoc
aire_parcellaire.4778;Provence
aire_parcellaire.4779;Alsace
aire_parcellaire.4780;Rhône
aire_parcellaire.4781;Loire
aire_parcellaire.4782;Languedoc
aire_parcellaire.4783;Provence
aire_parcellaire.4784;Languedoc
aire_parcellaire.4785;Sud-Ouest
aire_parcellaire.4786;Rhône
aire_parcellaire.4787;Bourgogne
aire_parcellaire.4788;Bordeaux
aire_parcellaire.4789;Rhône
aire_parcellaire.4790;Languedoc
aire_parcellaire.4791;Languedoc
aire_parcellaire.4792;Rhône
aire_parcellaire.4793;Languedoc
aire_parcellaire.4794;Languedoc
aire_parcellaire.4795;Languedoc
aire_parcellaire.4796;Languedoc
aire_parcellaire.4797;Sud-Ouest
aire_parcellaire.4798;Languedoc
aire_parcellaire.4799;Languedoc
aire_parcellaire.4800;Rhône
aire_parcellaire.4801;Rhône
aire_parcellaire.4802;Rhône
aire_parcellaire.4803;Loire
aire_parcellaire.4804;Languedoc
aire_parcellaire.4805;Rhône
aire_parcellaire.4806;Rhône
aire_parcellaire.4807;Languedoc
aire_parcellaire.4808;Rhône
aire_parcellaire.4809;Languedoc
aire_parcellaire.4810;Rhône
aire_parcellaire.4811;Alsace
aire_parcellaire.4812;Languedoc
aire_parcellaire.4813;Languedoc
aire_parcellaire.4814;Rhône
aire_parcellaire.4815;Languedoc
aire_parcellaire.4816;Bourgogne
aire_parcellaire.4817;Rhône
aire_parcellaire.4818;Bordeaux
aire_parcellaire.4819;Sud-Ouest
aire_parcellaire.4820;Rhône
aire_parcellaire.4821;Provence
aire_parcellaire.4822;Rhône
aire_parcellaire.4823;Rhône
aire_parcellaire.4824;Rhône
aire_parcellaire.4825;Provence
aire_parcellaire.4826;Provence
aire_parcellaire.4827;Languedoc
aire_parcellaire.4828;Rhône
aire_parcellaire.4829;Provence
aire_parcellaire.4830;Languedoc
aire_parcellaire.4831;Languedoc
aire_parcellaire.4832;Sud-Ouest
aire_parcellaire.4833;Languedoc
aire_parcellaire.4834;Rhône
aire_parcellaire.4835;Languedoc
aire_parcellaire.4836;Provence
aire_parcellaire.4837;Rhône
aire_parcellaire.4838;Provence
aire_parcellaire.4839;Savoie
aire_parcellaire.4840;Rhône
aire_parcellaire.4841;Rhône
aire_parcellaire.4842;Rhône
aire_parcellaire.4843;Rhône
aire_parcellaire.4844;Provence
aire_parcellaire.4845;Languedoc
aire_parcellaire.4846;Rhône
aire_parcellaire.4847;Beaujolais
aire_parcellaire.4848;Languedoc
aire_parcellaire.4849;Sud-Ouest
aire_parcellaire.4850;Bourgogne
aire_parcellaire.4851;Languedoc
aire_parcellaire.4852;Loire
aire_parcellaire.4853;Sud-Ouest
aire_parcellaire.4854;Loire
aire_parcellaire.4855;Languedoc
aire_parcellaire.4856;Sud-Ouest
aire_parcellaire.4857;Rhône
aire_parcellaire.4858;Languedoc
aire_parcellaire.4859;Rhône
aire_parcellaire.4860;Languedoc
aire_parcellaire.4861;Loire
aire_parcellaire.4862;Provence
aire_parcellaire.4863;Corse
aire_parcellaire.4864;Bordeaux
aire_parcellaire.4865;Bordeaux
aire_parcellaire.4866;Rhône
aire_parcellaire.4867;Languedoc
aire_parcellaire.4868;Sud-Ouest
aire_parcellaire.4869;Languedoc
aire_parcellaire.4870;Sud-Ouest
aire_parcellaire.4871;Rhône
aire_parcellaire.4872;Corse
aire_parcellaire.4873;Corse
aire_parcellaire.4874;Sud-Ouest
aire_parcellaire.4875;Rhône
aire_parcellaire.4876;Rhône
aire_parcellaire.4877;Languedoc
aire_parcellaire.4878;Rhône
aire_parcellaire.4879;Rhône
aire_parcellaire.4880;Bordeaux
aire_parcellaire.4881;Languedoc
aire_parcellaire.4882;Bourgogne
aire_parcellaire.4883;Rhône
aire_parcellaire.4884;Bordeaux
aire_parcellaire.4885;Languedoc
aire_parcellaire.4886;Rhône
aire_parcellaire.4887;Provence
aire_parcellaire.4888;Languedoc
aire_parcellaire.4889;Rhône
aire_parcellaire.4890;Languedoc
aire_parcellaire.4891;Languedoc
aire_parcellaire.4892;Languedoc
aire_parcellaire.4893;Sud-Ouest
aire_parcellaire.4894;Languedoc
aire_parcellaire.4895;Provence
aire_parcellaire.4896;Sud-Ouest
aire_parcellaire.4897;Languedoc
aire_parcellaire.4898;Languedoc
aire_parcellaire.4899;Bordeaux
aire_parcellaire.4900;Loire
aire_parcellaire.4901;Languedoc
aire_parcellaire.4902;Alsace
aire_parcellaire.4903;Rhône
aire_parcellaire.4904;Rhône
aire_parcellaire.4905;Rhône
aire_parcellaire.4906;Languedoc
aire_parcellaire.4907;Loire
aire_parcellaire.4908;Languedoc
aire_parcellaire.4909;Rhône
aire_parcellaire.4910;Sud-Ouest
aire_parcellaire.4911;Sud-Ouest
aire_parcellaire.4912;Rhône
aire_parcellaire.4913;Languedoc
aire_parcellaire.4914;Rhône
aire_parcellaire.4915;Languedoc
aire_parcellaire.4916;Alsace
aire_parcellaire.4917;Languedoc
aire_parcellaire.4918;Provence
aire_parcellaire.4919;Sud-Ouest
aire_parcellaire.4920;Languedoc
aire_parcellaire.4921;Languedoc
aire_parcellaire.4922;Sud-Ouest
aire_parcellaire.4923;Provence
aire_parcellaire.4924;Rhône
aire_parcellaire.4925;Languedoc
aire_parcellaire.4926;Languedoc
aire_parcellaire.4927;Languedoc
aire_parcellaire.4928;Languedoc
aire_parcellaire.4929;Provence
aire_parcellaire.4930;Sud-Ouest
aire_parcellaire.4931;Languedoc
aire_parcellaire.4932;Languedoc
aire_parcellaire.4933;Languedoc
aire_parcellaire.4934;Provence
aire_parcellaire.4935;Provence
aire_parcellaire.4936;Languedoc
aire_parcellaire.4937;Corse
aire_parcellaire.4938;Languedoc
aire_parcellaire.4939;Beaujolais
aire_parcellaire.4940;Languedoc
aire_parcellaire.4941;Rhône
aire_parcellaire.4942;Bordeaux
aire_parcellaire.4943;Sud-Ouest
aire_parcellaire.4944;Rhône
aire_parcellaire.4945;Provence
aire_parcellaire.4946;Beaujolais
aire_parcellaire.4947;Languedoc
aire_parcellaire.4948;Languedoc
aire_parcellaire.4949;Languedoc
aire_parcellaire.4950;Languedoc
aire_parcellaire.4951;Provence
aire_parcellaire.4952;Rhône
aire_parcellaire.4953;Sud-Ouest
aire_parcellaire.4954;Languedoc
aire_parcellaire.4955;Languedoc
aire_parcellaire.4956;Languedoc
aire_parcellaire.4957;Sud-Ouest
aire_parcellaire.4958;Loire
aire_parcellaire.4959;Languedoc
aire_parcellaire.4960;Sud-Ouest
aire_parcellaire.4961;Languedoc
aire_parcellaire.4962;Corse
aire_parcellaire.4963;Rhône
aire_parcellaire.4964;Alsace
aire_parcellaire.4965;Rhône
aire_parcellaire.4966;Languedoc
aire_parcellaire.4967;Provence
aire_parcellaire.4968;Sud-Ouest
aire_parcellaire.4969;Languedoc
aire_parcellaire.4970;Languedoc
aire_parcellaire.4971;Rhône
aire_parcellaire.4972;Languedoc
aire_parcellaire.4973;Sud-Ouest
aire_parcellaire.4974;Provence
aire_parcellaire.4975;Rhône
aire_parcellaire.4976;Bourgogne
aire_parcellaire.4977;Loire
aire_parcellaire.4978;Rhône
aire_parcellaire.4979;Corse
aire_parcellaire.4980;Languedoc
aire_parcellaire.4981;Bourgogne
aire_parcellaire.4982;Loire
aire_parcellaire.4983;Languedoc
aire_parcellaire.4984;Sud-Ouest
aire_parcellaire.4985;Provence
aire_parcellaire.4986;Languedoc
aire_parcellaire.4987;Provence
aire_parcellaire.4988;Languedoc
aire_parcellaire.4989;Rhône
aire_parcellaire.4990;Loire
aire_parcellaire.4991;Languedoc
aire_parcellaire.4992;Sud-Ouest
aire_parcellaire.4993;Beaujolais
aire_parcellaire.4994;Rhône
aire_parcellaire.4995;Bourgogne
aire_parcellaire.4996;Languedoc
aire_parcellaire.4997;Rhône
aire_parcellaire.4998;Bordeaux
aire_parcellaire.4999;Languedoc
aire_parcellaire.5000;Languedoc
