id;denom
aire_parcellaire.1;Côtes du Rhône
aire_parcellaire.2;Bordeaux,Bordeaux supérieur,Crémant de Bordeaux,Saint-Emilion,Saint-Emilion grand cru
aire_parcellaire.3;Bordeaux,Bordeaux supérieur,Crémant de Bordeaux,Montagne-Saint-Emilion
aire_parcellaire.4;Bergerac,Côtes de Bergerac,Monbazillac
aire_parcellaire.5;Bordeaux,Bordeaux supérieur,Crémant de Bordeaux
aire_parcellaire.6;Bordeaux,Bordeaux supérieur,Crémant de Bordeaux,Lussac-Saint-Emilion
aire_parcellaire.7;Bordeaux,Bordeaux supérieur,Crémant de Bordeaux,Haut-Médoc,Médoc,Saint-Estèphe
aire_parcellaire.8;Bergerac,Côtes de Bergerac,Monbazillac
aire_parcellaire.9;Buzet
aire_parcellaire.10;Bergerac,Côtes de Bergerac
aire_parcellaire.11;Côtes du Rhône
aire_parcellaire.12;Bordeaux,Bordeaux supérieur,Crémant de Bordeaux,Entre-deux-Mers
aire_parcellaire.13;Bordeaux,Bordeaux supérieur,Crémant de Bordeaux,Médoc
aire_parcellaire.14;Bordeaux,Bordeaux supérieur,Crémant de Bordeaux,Entre-deux-Mers
aire_parcellaire.15;Côtes du Rhône
aire_parcellaire.16;Côtes du Roussillon,Côtes du Roussillon Villages,Languedoc
aire_parcellaire.17;Bordeaux,Bordeaux supérieur,Crémant de Bordeaux,Entre-deux-Mers
aire_parcellaire.18;Grand Roussillon,Muscat de Rivesaltes,Rivesaltes
aire_parcellaire.19;Buzet
aire_parcellaire.20;Bordeaux,Bordeaux supérieur,Crémant de Bordeaux,Haut-Médoc,Médoc,Saint-Julien
aire_parcellaire.21;Bordeaux,Bordeaux supérieur,Crémant de Bordeaux,Saint-Emilion,Saint-Emilion grand cru
aire_parcellaire.22;Bordeaux,Bordeaux supérieur,Crémant de Bordeaux,Haut-Médoc,Médoc
aire_parcellaire.23;Bordeaux,Bordeaux Haut-Benauge,Bordeaux supérieur,Crémant de Bordeaux,Entre-deux-Mers,Entre-deux-Mers Haut-Benauge
aire_parcellaire.24;Bordeaux,Bordeaux supérieur,Crémant de Bordeaux,Entre-deux-Mers
aire_parcellaire.25;Bordeaux,Bordeaux supérieur,Crémant de Bordeaux
aire_parcellaire.26;Bordeaux,Bordeaux supérieur,Crémant de Bordeaux,Entre-deux-Mers
aire_parcellaire.27;Bordeaux,Bordeaux supérieur,Crémant de Bordeaux,Graves,Graves supérieures
aire_parcellaire.28;Bordeaux,Bordeaux supérieur,Crémant de Bordeaux,Haut-Médoc,Médoc
aire_parcellaire.29;Bordeaux,Bordeaux Haut-Benauge,Bordeaux supérieur,Crémant de Bordeaux,Entre-deux-Mers,Entre-deux-Mers Haut-Benauge
aire_parcellaire.30;Bordeaux,Bordeaux supérieur,Crémant de Bordeaux
aire_parcellaire.31;Buzet
aire_parcellaire.32;Bordeaux,Bordeaux supérieur,Crémant de Bordeaux,Entre-deux-Mers
aire_parcellaire.33;Bordeaux,Bordeaux supérieur,Crémant de Bordeaux,Côtes de Bourg, Bourg et Bourgeais
aire_parcellaire.34;Bordeaux,Bordeaux supérieur,Crémant de Bordeaux,Haut-Médoc,Médoc
aire_parcellaire.35;Bordeaux,Bordeaux supérieur,Crémant de Bordeaux
aire_parcellaire.36;Bergerac,Côtes de Bergerac
aire_parcellaire.37;Buzet
aire_parcellaire.38;Bordeaux,Bordeaux supérieur,Crémant de Bordeaux
aire_parcellaire.39;Bordeaux,Bordeaux Haut-Benauge,Bordeaux supérieur,Crémant de Bordeaux,Entre-deux-Mers,Entre-deux-Mers Haut-Benauge
aire_parcellaire.40;Coteaux d'Aix-en-Provence
aire_parcellaire.41;Bordeaux,Bordeaux supérieur,Crémant de Bordeaux,Haut-Médoc,Médoc,Pauillac
aire_parcellaire.42;Côtes du Rhône
aire_parcellaire.43;Bordeaux,Bordeaux supérieur,Crémant de Bordeaux,Côtes de Bordeaux,Côtes de Bordeaux Castillon
aire_parcellaire.44;Bordeaux,Bordeaux supérieur,Crémant de Bordeaux
aire_parcellaire.45;Bordeaux,Bordeaux supérieur,Crémant de Bordeaux,Entre-deux-Mers
aire_parcellaire.46;Bordeaux,Bordeaux supérieur,Crémant de Bordeaux,Côtes de Bordeaux,Côtes de Bordeaux Castillon
aire_parcellaire.47;Bordeaux,Bordeaux supérieur,Crémant de Bordeaux
aire_parcellaire.48;Bordeaux,Bordeaux supérieur,Crémant de Bordeaux
aire_parcellaire.49;Côtes du Rhône
aire_parcellaire.50;Côtes de Duras
aire_parcellaire.51;Bordeaux,Bordeaux supérieur,Crémant de Bordeaux
aire_parcellaire.52;Bordeaux,Bordeaux supérieur,Crémant de Bordeaux
aire_parcellaire.53;Bordeaux,Bordeaux supérieur,Crémant de Bordeaux,Saint-Emilion,Saint-Emilion grand cru
aire_parcellaire.54;Bordeaux,Bordeaux supérieur,Crémant de Bordeaux,Côtes de Bourg, Bourg et Bourgeais
aire_parcellaire.55;Bordeaux,Bordeaux Haut-Benauge,Bordeaux supérieur,Crémant de Bordeaux,Entre-deux-Mers,Entre-deux-Mers Haut-Benauge
aire_parcellaire.56;Bordeaux,Bordeaux supérieur,Crémant de Bordeaux,Entre-deux-Mers
aire_parcellaire.57;Bordeaux,Bordeaux supérieur,Crémant de Bordeaux,Haut-Médoc,Médoc
aire_parcellaire.58;Bordeaux,Bordeaux supérieur,Crémant de Bordeaux
aire_parcellaire.59;Bordeaux,Bordeaux supérieur,Crémant de Bordeaux,Médoc
aire_parcellaire.60;Barsac,Bordeaux,Bordeaux supérieur,Crémant de Bordeaux,Sauternes
aire_parcellaire.61;Bordeaux,Bordeaux supérieur,Crémant de Bordeaux,Saint-Emilion,Saint-Emilion grand cru
aire_parcellaire.62;Bordeaux,Bordeaux supérieur,Crémant de Bordeaux
aire_parcellaire.63;Bordeaux,Bordeaux supérieur,Crémant de Bordeaux,Haut-Médoc,Médoc,Pauillac
aire_parcellaire.64;Bordeaux,Bordeaux supérieur,Crémant de Bordeaux,Médoc
aire_parcellaire.65;Côtes du Rhône
aire_parcellaire.66;Bordeaux,Bordeaux supérieur,Crémant de Bordeaux,Entre-deux-Mers
aire_parcellaire.67;Bordeaux,Bordeaux supérieur,Crémant de Bordeaux,Médoc
aire_parcellaire.68;Bordeaux,Bordeaux supérieur,Crémant de Bordeaux,Entre-deux-Mers
aire_parcellaire.69;Bordeaux,Bordeaux supérieur,Crémant de Bordeaux,Médoc
aire_parcellaire.70;Ajaccio,Vin de Corse ou Corse
aire_parcellaire.71;Bordeaux,Bordeaux supérieur,Cadillac,Crémant de Bordeaux,Côtes de Bordeaux,Côtes de Bordeaux Cadillac,Premières Côtes de Bordeaux
aire_parcellaire.72;Côtes du Marmandais
aire_parcellaire.73;Bordeaux,Bordeaux supérieur,Crémant de Bordeaux,Lalande-de-Pomerol
aire_parcellaire.74;Bordeaux,Bordeaux supérieur,Crémant de Bordeaux,Entre-deux-Mers
aire_parcellaire.75;Bordeaux,Bordeaux supérieur,Crémant de Bordeaux,Entre-deux-Mers
aire_parcellaire.76;Bordeaux,Bordeaux supérieur,Crémant de Bordeaux,Côtes de Bordeaux,Côtes de Bordeaux Cadillac,Premières Côtes de Bordeaux,Sainte-Croix-du-Mont
aire_parcellaire.77;Bordeaux,Bordeaux supérieur,Crémant de Bordeaux,Côtes de Bourg, Bourg et Bourgeais
aire_parcellaire.78;Bordeaux,Bordeaux supérieur,Crémant de Bordeaux
aire_parcellaire.79;Bordeaux,Bordeaux supérieur,Crémant de Bordeaux,Entre-deux-Mers
aire_parcellaire.80;Bordeaux,Bordeaux supérieur,Crémant de Bordeaux,Médoc
aire_parcellaire.81;Côtes du Rhône,Côtes du Rhône Villages,Côtes du Rhône Villages Saint-Maurice
aire_parcellaire.82;Bordeaux,Bordeaux supérieur,Crémant de Bordeaux,Entre-deux-Mers
aire_parcellaire.83;Bordeaux,Bordeaux supérieur,Crémant de Bordeaux,Cérons,Graves,Graves supérieures
aire_parcellaire.84;Bergerac,Côtes de Bergerac
aire_parcellaire.85;Bordeaux,Bordeaux supérieur,Crémant de Bordeaux,Graves,Graves supérieures
aire_parcellaire.86;Bandol
aire_parcellaire.87;Ajaccio,Vin de Corse ou Corse
aire_parcellaire.88;Bordeaux,Bordeaux supérieur,Crémant de Bordeaux,Cérons,Graves,Graves supérieures
aire_parcellaire.89;Bordeaux,Bordeaux supérieur,Crémant de Bordeaux,Entre-deux-Mers
aire_parcellaire.90;Bergerac,Côtes de Bergerac
aire_parcellaire.91;Bordeaux,Bordeaux supérieur,Crémant de Bordeaux,Entre-deux-Mers
aire_parcellaire.92;Bergerac,Côtes de Bergerac
aire_parcellaire.93;Côtes du Marmandais
aire_parcellaire.94;Bordeaux,Bordeaux supérieur,Crémant de Bordeaux,Entre-deux-Mers
aire_parcellaire.95;Côtes du Marmandais
aire_parcellaire.96;Bergerac,Côtes de Bergerac
aire_parcellaire.97;Bordeaux,Bordeaux supérieur,Crémant de Bordeaux
aire_parcellaire.98;Bordeaux,Bordeaux supérieur,Crémant de Bordeaux,Graves,Graves supérieures
aire_parcellaire.99;Ventoux
aire_parcellaire.100;Bordeaux,Bordeaux supérieur,Crémant de Bordeaux,Côtes de Bourg, Bourg et Bourgeais
aire_parcellaire.101;Bordeaux,Bordeaux supérieur,Crémant de Bordeaux,Pomerol
aire_parcellaire.102;Bordeaux,Bordeaux supérieur,Crémant de Bordeaux
aire_parcellaire.103;Bordeaux,Bordeaux supérieur,Crémant de Bordeaux,Graves,Graves supérieures
aire_parcellaire.104;Bordeaux,Bordeaux supérieur,Crémant de Bordeaux
aire_parcellaire.105;Bordeaux,Bordeaux supérieur,Crémant de Bordeaux,Entre-deux-Mers
aire_parcellaire.106;Bordeaux,Bordeaux supérieur,Crémant de Bordeaux,Côtes de Bordeaux,Côtes de Bordeaux Castillon
aire_parcellaire.107;Côtes du Roussillon,Côtes du Roussillon Villages,Côtes du Roussillon Villages Caramany,Languedoc
aire_parcellaire.108;Bordeaux,Bordeaux Haut-Benauge,Bordeaux supérieur,Crémant de Bordeaux,Entre-deux-Mers,Entre-deux-Mers Haut-Benauge
aire_parcellaire.109;Côtes du Roussillon,Languedoc
aire_parcellaire.110;Bordeaux,Bordeaux supérieur,Crémant de Bordeaux
aire_parcellaire.111;Bordeaux,Bordeaux supérieur,Crémant de Bordeaux,Entre-deux-Mers
aire_parcellaire.112;Bordeaux,Bordeaux supérieur,Crémant de Bordeaux,Entre-deux-Mers
aire_parcellaire.113;Côtes du Marmandais
aire_parcellaire.114;Bordeaux,Bordeaux supérieur,Crémant de Bordeaux,Côtes de Bordeaux-Saint-Macaire
aire_parcellaire.115;Bordeaux,Bordeaux supérieur,Crémant de Bordeaux,Haut-Médoc,Médoc
aire_parcellaire.116;Ajaccio,Vin de Corse ou Corse
aire_parcellaire.117;Blaye,Bordeaux,Bordeaux supérieur,Crémant de Bordeaux,Côtes de Blaye,Côtes de Bordeaux,Côtes de Bordeaux Blaye
aire_parcellaire.118;Blaye,Bordeaux,Bordeaux supérieur,Crémant de Bordeaux,Côtes de Blaye,Côtes de Bordeaux,Côtes de Bordeaux Blaye
aire_parcellaire.119;Buzet
aire_parcellaire.120;Côtes du Rhône
aire_parcellaire.121;Buzet
aire_parcellaire.122;Coteaux d'Aix-en-Provence
aire_parcellaire.123;Buzet
aire_parcellaire.124;Bergerac,Côtes de Bergerac,Monbazillac
aire_parcellaire.125;Côtes de Duras
aire_parcellaire.126;Bordeaux,Bordeaux supérieur,Crémant de Bordeaux,Entre-deux-Mers
aire_parcellaire.127;Costières de Nîmes
aire_parcellaire.128;Blaye,Bordeaux,Bordeaux supérieur,Crémant de Bordeaux,Côtes de Blaye,Côtes de Bordeaux,Côtes de Bordeaux Blaye
aire_parcellaire.129;Costières de Nîmes
aire_parcellaire.130;Bordeaux,Bordeaux supérieur,Crémant de Bordeaux,Entre-deux-Mers
aire_parcellaire.131;Corbières,Languedoc
aire_parcellaire.132;Côtes du Rhône
aire_parcellaire.133;Blaye,Bordeaux,Bordeaux supérieur,Crémant de Bordeaux,Côtes de Blaye,Côtes de Bordeaux,Côtes de Bordeaux Blaye
aire_parcellaire.134;Bordeaux,Bordeaux supérieur,Crémant de Bordeaux,Côtes de Bordeaux,Côtes de Bordeaux Cadillac,Loupiac,Premières Côtes de Bordeaux
aire_parcellaire.135;Bordeaux,Bordeaux supérieur,Crémant de Bordeaux,Entre-deux-Mers
aire_parcellaire.136;Gaillac
aire_parcellaire.137;Bordeaux,Bordeaux supérieur,Crémant de Bordeaux
aire_parcellaire.138;Bordeaux,Bordeaux supérieur,Crémant de Bordeaux,Sauternes
aire_parcellaire.139;Grignan-les-Adhémar
aire_parcellaire.140;Bergerac,Côtes de Bergerac,Monbazillac
aire_parcellaire.141;Bordeaux,Bordeaux supérieur,Crémant de Bordeaux
aire_parcellaire.142;Bandol
aire_parcellaire.143;Bordeaux,Bordeaux supérieur,Crémant de Bordeaux,Côtes de Bordeaux,Côtes de Bordeaux Castillon
aire_parcellaire.144;Bordeaux,Bordeaux supérieur,Crémant de Bordeaux,Côtes de Bourg, Bourg et Bourgeais
aire_parcellaire.145;Bergerac,Côtes de Bergerac
aire_parcellaire.146;Buzet
aire_parcellaire.147;Bordeaux,Bordeaux supérieur,Crémant de Bordeaux,Entre-deux-Mers
aire_parcellaire.148;Bordeaux,Bordeaux supérieur,Crémant de Bordeaux
aire_parcellaire.149;Blaye,Bordeaux,Bordeaux supérieur,Crémant de Bordeaux,Côtes de Blaye,Côtes de Bordeaux,Côtes de Bordeaux Blaye
aire_parcellaire.150;Bordeaux,Bordeaux supérieur,Crémant de Bordeaux,Côtes de Bordeaux-Saint-Macaire
aire_parcellaire.151;Bordeaux,Bordeaux supérieur,Crémant de Bordeaux,Graves de Vayres
aire_parcellaire.152;Bordeaux,Bordeaux supérieur,Crémant de Bordeaux,Entre-deux-Mers
aire_parcellaire.153;Bergerac,Côtes de Bergerac,Rosette
aire_parcellaire.154;Buzet
aire_parcellaire.155;Bordeaux,Bordeaux supérieur,Crémant de Bordeaux
aire_parcellaire.156;Buzet
aire_parcellaire.157;Bordeaux,Bordeaux supérieur,Cadillac,Crémant de Bordeaux,Côtes de Bordeaux,Côtes de Bordeaux Cadillac,Premières Côtes de Bordeaux
aire_parcellaire.158;Bordeaux,Bordeaux supérieur,Crémant de Bordeaux,Médoc
aire_parcellaire.159;Bordeaux,Bordeaux supérieur,Crémant de Bordeaux,Sauternes
aire_parcellaire.160;Bordeaux,Bordeaux supérieur,Crémant de Bordeaux,Graves,Graves supérieures
aire_parcellaire.161;Alsace,Alsace suivi d'un nom de lieu-dit,Crémant d’Alsace
aire_parcellaire.162;Bordeaux,Bordeaux supérieur,Crémant de Bordeaux,Haut-Médoc,Médoc
aire_parcellaire.163;Bordeaux,Bordeaux supérieur,Crémant de Bordeaux,Entre-deux-Mers
aire_parcellaire.164;Bordeaux,Bordeaux supérieur,Crémant de Bordeaux,Côtes de Bordeaux,Côtes de Bordeaux Castillon
aire_parcellaire.165;Blaye,Bordeaux,Bordeaux supérieur,Crémant de Bordeaux,Côtes de Blaye,Côtes de Bordeaux,Côtes de Bordeaux Blaye
aire_parcellaire.166;Bordeaux,Bordeaux supérieur,Crémant de Bordeaux,Côtes de Bordeaux,Côtes de Bordeaux Castillon
aire_parcellaire.167;Côtes du Roussillon,Côtes du Roussillon Villages,Languedoc
aire_parcellaire.168;Bordeaux,Bordeaux supérieur,Crémant de Bordeaux,Entre-deux-Mers
aire_parcellaire.169;Bordeaux,Bordeaux supérieur,Crémant de Bordeaux
aire_parcellaire.170;Blaye,Bordeaux,Bordeaux supérieur,Crémant de Bordeaux,Côtes de Blaye,Côtes de Bordeaux,Côtes de Bordeaux Blaye
aire_parcellaire.171;Bordeaux,Bordeaux supérieur,Cadillac,Crémant de Bordeaux,Côtes de Bordeaux,Côtes de Bordeaux Cadillac,Premières Côtes de Bordeaux
aire_parcellaire.172;Bordeaux,Bordeaux supérieur,Crémant de Bordeaux
aire_parcellaire.173;Bordeaux,Bordeaux supérieur,Crémant de Bordeaux
aire_parcellaire.174;Bordeaux,Bordeaux supérieur,Crémant de Bordeaux
aire_parcellaire.175;Bordeaux,Bordeaux supérieur,Crémant de Bordeaux,Haut-Médoc,Listrac-Médoc,Médoc
aire_parcellaire.176;Bordeaux,Bordeaux supérieur,Crémant de Bordeaux
aire_parcellaire.177;Bordeaux,Bordeaux supérieur,Crémant de Bordeaux,Haut-Médoc,Médoc
aire_parcellaire.178;Coteaux d'Aix-en-Provence
aire_parcellaire.179;Bordeaux,Bordeaux supérieur,Crémant de Bordeaux,Entre-deux-Mers
aire_parcellaire.180;Bergerac,Côtes de Bergerac
aire_parcellaire.181;Bordeaux,Bordeaux supérieur,Crémant de Bordeaux
aire_parcellaire.182;Côtes du Roussillon,Languedoc
aire_parcellaire.183;Bordeaux,Bordeaux supérieur,Crémant de Bordeaux,Saint-Emilion,Saint-Emilion grand cru
aire_parcellaire.184;Bordeaux,Bordeaux supérieur,Crémant de Bordeaux,Entre-deux-Mers
aire_parcellaire.185;Bergerac,Côtes de Bergerac,Monbazillac
aire_parcellaire.186;Vin de Corse ou Corse
aire_parcellaire.187;Côtes de Provence
aire_parcellaire.188;Bordeaux,Bordeaux supérieur,Crémant de Bordeaux,Entre-deux-Mers
aire_parcellaire.189;Bordeaux,Bordeaux supérieur,Crémant de Bordeaux,Médoc
aire_parcellaire.190;Bergerac,Côtes de Bergerac,Saussignac
aire_parcellaire.191;Grignan-les-Adhémar
aire_parcellaire.192;Bordeaux,Bordeaux supérieur,Cadillac,Crémant de Bordeaux,Côtes de Bordeaux,Côtes de Bordeaux Cadillac,Premières Côtes de Bordeaux
aire_parcellaire.193;Muscat du Cap Corse,Patrimonio
aire_parcellaire.194;Bordeaux,Bordeaux supérieur,Crémant de Bordeaux,Entre-deux-Mers
aire_parcellaire.195;Ajaccio,Vin de Corse ou Corse
aire_parcellaire.196;Bordeaux,Bordeaux supérieur,Crémant de Bordeaux,Entre-deux-Mers
aire_parcellaire.197;Corbières,Languedoc
aire_parcellaire.198;Buzet
aire_parcellaire.199;Bordeaux,Bordeaux supérieur,Crémant de Bordeaux,Saint-Emilion,Saint-Emilion grand cru
aire_parcellaire.200;Bordeaux,Bordeaux supérieur,Crémant de Bordeaux,Graves,Graves supérieures
aire_parcellaire.201;Bordeaux,Bordeaux supérieur,Crémant de Bordeaux,Entre-deux-Mers
aire_parcellaire.202;Côtes de Duras
aire_parcellaire.203;Grand Roussillon,Muscat de Rivesaltes,Rivesaltes
aire_parcellaire.204;Ventoux
aire_parcellaire.205;Bordeaux,Bordeaux supérieur,Crémant de Bordeaux
aire_parcellaire.206;Côtes de Duras
aire_parcellaire.207;Blaye,Bordeaux,Bordeaux supérieur,Crémant de Bordeaux,Côtes de Blaye,Côtes de Bordeaux,Côtes de Bordeaux Blaye
aire_parcellaire.208;Bordeaux,Bordeaux Haut-Benauge,Bordeaux supérieur,Crémant de Bordeaux,Entre-deux-Mers,Entre-deux-Mers Haut-Benauge
aire_parcellaire.209;Buzet
aire_parcellaire.210;Corbières,Languedoc
aire_parcellaire.211;Bordeaux,Bordeaux supérieur,Crémant de Bordeaux,Côtes de Bordeaux,Côtes de Bordeaux Castillon
aire_parcellaire.212;Bordeaux,Bordeaux supérieur,Crémant de Bordeaux,Médoc
aire_parcellaire.213;Côtes du Roussillon,Languedoc
aire_parcellaire.214;Côtes du Rhône
aire_parcellaire.215;Côtes du Rhône
aire_parcellaire.216;Buzet
aire_parcellaire.217;Corbières,Grand Roussillon,Languedoc,Muscat de Rivesaltes,Rivesaltes
aire_parcellaire.218;Côtes du Roussillon,Languedoc
aire_parcellaire.219;Bordeaux,Bordeaux supérieur,Crémant de Bordeaux,Côtes de Bourg, Bourg et Bourgeais
aire_parcellaire.220;Bergerac,Côtes de Bergerac
aire_parcellaire.221;Bordeaux,Bordeaux supérieur,Crémant de Bordeaux,Côtes de Bordeaux,Côtes de Bordeaux Castillon
aire_parcellaire.222;Corbières,Languedoc
aire_parcellaire.223;Bergerac,Côtes de Bergerac
aire_parcellaire.224;Bordeaux,Bordeaux supérieur,Crémant de Bordeaux,Saint-Emilion,Saint-Emilion grand cru
aire_parcellaire.225;Bordeaux,Bordeaux supérieur,Crémant de Bordeaux,Graves,Graves supérieures
aire_parcellaire.226;Bordeaux,Bordeaux supérieur,Crémant de Bordeaux
aire_parcellaire.227;Côtes de Provence
aire_parcellaire.228;Bordeaux,Bordeaux supérieur,Cadillac,Crémant de Bordeaux,Côtes de Bordeaux,Côtes de Bordeaux Cadillac,Premières Côtes de Bordeaux
aire_parcellaire.229;Coteaux d'Aix-en-Provence
aire_parcellaire.230;Palette
aire_parcellaire.231;Côtes du Marmandais
aire_parcellaire.232;Bordeaux,Bordeaux supérieur,Crémant de Bordeaux,Entre-deux-Mers
aire_parcellaire.233;Côtes du Marmandais
aire_parcellaire.234;Blaye,Bordeaux,Bordeaux supérieur,Crémant de Bordeaux,Côtes de Blaye,Côtes de Bordeaux,Côtes de Bordeaux Blaye
aire_parcellaire.235;Bordeaux,Bordeaux supérieur,Crémant de Bordeaux,Côtes de Bourg, Bourg et Bourgeais
aire_parcellaire.236;Bordeaux,Bordeaux supérieur,Crémant de Bordeaux
aire_parcellaire.237;Vin de Corse ou Corse
aire_parcellaire.238;Côtes de Duras
aire_parcellaire.239;Côtes du Marmandais
aire_parcellaire.240;Bergerac,Côtes de Bergerac,Saussignac
aire_parcellaire.241;Bordeaux,Bordeaux supérieur,Cadillac,Crémant de Bordeaux,Côtes de Bordeaux,Côtes de Bordeaux Cadillac,Premières Côtes de Bordeaux
aire_parcellaire.242;Bordeaux,Bordeaux supérieur,Crémant de Bordeaux,Saint-Emilion,Saint-Emilion grand cru
aire_parcellaire.243;Bordeaux,Bordeaux supérieur,Crémant de Bordeaux,Côtes de Bordeaux,Côtes de Bordeaux Castillon
aire_parcellaire.244;Corbières,Grand Roussillon,Languedoc,Muscat de Rivesaltes,Rivesaltes
aire_parcellaire.245;Bordeaux,Bordeaux supérieur,Crémant de Bordeaux
aire_parcellaire.246;Bordeaux,Bordeaux supérieur,Cadillac,Crémant de Bordeaux,Côtes de Bordeaux,Côtes de Bordeaux Cadillac,Premières Côtes de Bordeaux
aire_parcellaire.247;Bordeaux,Bordeaux supérieur,Crémant de Bordeaux,Côtes de Bordeaux-Saint-Macaire
aire_parcellaire.248;Blaye,Bordeaux,Bordeaux supérieur,Crémant de Bordeaux,Côtes de Blaye,Côtes de Bordeaux,Côtes de Bordeaux Blaye
aire_parcellaire.249;Bordeaux,Bordeaux supérieur,Crémant de Bordeaux,Entre-deux-Mers
aire_parcellaire.250;Bordeaux,Bordeaux supérieur,Crémant de Bordeaux,Haut-Médoc,Moulis ou Moulis-en-Médoc,Médoc
aire_parcellaire.251;Coteaux d'Aix-en-Provence
aire_parcellaire.252;Bordeaux,Bordeaux supérieur,Crémant de Bordeaux,Côtes de Bordeaux,Côtes de Bordeaux Castillon
aire_parcellaire.253;Bordeaux,Bordeaux supérieur,Crémant de Bordeaux,Graves,Graves supérieures
aire_parcellaire.254;Bordeaux,Bordeaux supérieur,Crémant de Bordeaux,Côtes de Bordeaux-Saint-Macaire
aire_parcellaire.255;Ajaccio,Vin de Corse ou Corse
aire_parcellaire.256;Bordeaux,Bordeaux supérieur,Crémant de Bordeaux,Haut-Médoc,Médoc
aire_parcellaire.257;Bordeaux,Bordeaux supérieur,Crémant de Bordeaux
aire_parcellaire.258;Bordeaux,Bordeaux supérieur,Crémant de Bordeaux,Entre-deux-Mers
aire_parcellaire.259;Vin de Corse ou Corse,Vin de Corse ou Corse Figari
aire_parcellaire.260;Vin de Corse Sartène ou Corse Sartène,Vin de Corse ou Corse
aire_parcellaire.261;Ajaccio,Vin de Corse ou Corse
aire_parcellaire.262;Bergerac,Côtes de Bergerac
aire_parcellaire.263;Coteaux d'Aix-en-Provence
aire_parcellaire.264;Clairette de Die,Coteaux de Die,Crémant de Die
aire_parcellaire.265;Côtes du Rhône
aire_parcellaire.266;Patrimonio
aire_parcellaire.267;Bergerac,Côtes de Bergerac
aire_parcellaire.268;Bordeaux,Bordeaux supérieur,Crémant de Bordeaux,Sauternes
aire_parcellaire.269;Bordeaux,Bordeaux supérieur,Crémant de Bordeaux,Côtes de Bordeaux-Saint-Macaire
aire_parcellaire.270;Ventoux
aire_parcellaire.271;Grignan-les-Adhémar
aire_parcellaire.272;Blaye,Bordeaux,Bordeaux supérieur,Crémant de Bordeaux,Côtes de Blaye,Côtes de Bordeaux,Côtes de Bordeaux Blaye
aire_parcellaire.273;Bordeaux,Bordeaux supérieur,Crémant de Bordeaux,Fronsac
aire_parcellaire.274;Bordeaux,Bordeaux supérieur,Cadillac,Crémant de Bordeaux,Côtes de Bordeaux,Côtes de Bordeaux Cadillac,Premières Côtes de Bordeaux
aire_parcellaire.275;Bordeaux,Bordeaux supérieur,Crémant de Bordeaux,Cérons,Graves,Graves supérieures
aire_parcellaire.276;Bergerac,Côtes de Bergerac
aire_parcellaire.277;Côtes de Provence
aire_parcellaire.278;Ajaccio,Vin de Corse ou Corse
aire_parcellaire.279;Bordeaux,Bordeaux supérieur,Crémant de Bordeaux,Graves,Graves supérieures,Pessac-Léognan
aire_parcellaire.280;Corbières,Languedoc
aire_parcellaire.281;Côtes du Marmandais
aire_parcellaire.282;Blaye,Bordeaux,Bordeaux supérieur,Crémant de Bordeaux,Côtes de Blaye,Côtes de Bordeaux,Côtes de Bordeaux Blaye
aire_parcellaire.283;Bordeaux,Bordeaux supérieur,Cadillac,Crémant de Bordeaux,Côtes de Bordeaux,Côtes de Bordeaux Cadillac,Premières Côtes de Bordeaux
aire_parcellaire.284;Bordeaux,Bordeaux supérieur,Crémant de Bordeaux,Médoc
aire_parcellaire.285;Bordeaux,Bordeaux supérieur,Crémant de Bordeaux
aire_parcellaire.286;Côtes de Provence
aire_parcellaire.287;Bergerac,Côtes de Bergerac
aire_parcellaire.288;Vin de Corse ou Corse
aire_parcellaire.289;Bandol
aire_parcellaire.290;Bordeaux,Bordeaux supérieur,Crémant de Bordeaux,Côtes de Bourg, Bourg et Bourgeais
aire_parcellaire.291;Luberon
aire_parcellaire.292;Bordeaux,Bordeaux supérieur,Crémant de Bordeaux,Entre-deux-Mers
aire_parcellaire.293;Bordeaux,Bordeaux supérieur,Crémant de Bordeaux,Graves,Graves supérieures
aire_parcellaire.294;Côtes du Roussillon,Côtes du Roussillon Villages,Grand Roussillon,Languedoc,Muscat de Rivesaltes,Rivesaltes
aire_parcellaire.295;Costières de Nîmes
aire_parcellaire.296;Côtes du Rhône,Côtes du Rhône Villages,Côtes du Rhône Villages Saint-Gervais
aire_parcellaire.297;Bordeaux,Bordeaux supérieur,Crémant de Bordeaux,Haut-Médoc,Listrac-Médoc,Médoc
aire_parcellaire.298;Côtes du Rhône
aire_parcellaire.299;Bergerac,Côtes de Bergerac,Saussignac
aire_parcellaire.300;Bordeaux,Bordeaux supérieur,Crémant de Bordeaux,Graves,Graves supérieures,Pessac-Léognan
aire_parcellaire.301;Côtes du Marmandais
aire_parcellaire.302;Buzet
aire_parcellaire.303;Coteaux d'Aix-en-Provence
aire_parcellaire.304;Bordeaux,Bordeaux supérieur,Crémant de Bordeaux,Entre-deux-Mers
aire_parcellaire.305;Bordeaux,Bordeaux supérieur,Crémant de Bordeaux
aire_parcellaire.306;Bordeaux,Bordeaux supérieur,Crémant de Bordeaux,Entre-deux-Mers
aire_parcellaire.307;Bordeaux,Bordeaux supérieur,Crémant de Bordeaux,Entre-deux-Mers
aire_parcellaire.308;Bordeaux,Bordeaux supérieur,Crémant de Bordeaux,Entre-deux-Mers
aire_parcellaire.309;Côtes du Marmandais
aire_parcellaire.310;Grand Roussillon,Muscat de Rivesaltes,Rivesaltes
aire_parcellaire.311;Bordeaux,Bordeaux supérieur,Crémant de Bordeaux,Entre-deux-Mers
aire_parcellaire.312;Côtes du Marmandais
aire_parcellaire.313;Bordeaux,Bordeaux supérieur,Crémant de Bordeaux
aire_parcellaire.314;Vin de Corse ou Corse
aire_parcellaire.315;Vin de Corse Calvi ou Corse Calvi,Vin de Corse ou Corse
aire_parcellaire.316;Luberon
aire_parcellaire.317;Bordeaux,Bordeaux supérieur,Crémant de Bordeaux
aire_parcellaire.318;Coteaux d'Aix-en-Provence
aire_parcellaire.319;Bordeaux,Bordeaux supérieur,Crémant de Bordeaux,Entre-deux-Mers
aire_parcellaire.320;Clairette de Bellegarde
aire_parcellaire.321;Bordeaux,Bordeaux supérieur,Crémant de Bordeaux,Entre-deux-Mers
aire_parcellaire.322;Buzet
aire_parcellaire.323;Grignan-les-Adhémar
aire_parcellaire.324;Bordeaux,Bordeaux supérieur,Crémant de Bordeaux,Entre-deux-Mers
aire_parcellaire.325;Côtes du Marmandais
aire_parcellaire.326;Grignan-les-Adhémar
aire_parcellaire.327;Bordeaux,Bordeaux supérieur,Crémant de Bordeaux,Entre-deux-Mers
aire_parcellaire.328;Patrimonio
aire_parcellaire.329;Blaye,Bordeaux,Bordeaux supérieur,Crémant de Bordeaux,Côtes de Blaye,Côtes de Bordeaux,Côtes de Bordeaux Blaye
aire_parcellaire.330;Clairette de Die,Coteaux de Die,Crémant de Die
aire_parcellaire.331;Vin de Corse ou Corse
aire_parcellaire.332;Bordeaux,Bordeaux supérieur,Crémant de Bordeaux,Entre-deux-Mers
aire_parcellaire.333;Bordeaux,Bordeaux supérieur,Crémant de Bordeaux,Haut-Médoc,Moulis ou Moulis-en-Médoc,Médoc
aire_parcellaire.334;Bordeaux,Bordeaux supérieur,Crémant de Bordeaux
aire_parcellaire.335;Buzet
aire_parcellaire.336;Côtes du Rhône
aire_parcellaire.337;Bordeaux,Bordeaux supérieur,Crémant de Bordeaux,Entre-deux-Mers
aire_parcellaire.338;Bordeaux,Bordeaux supérieur,Crémant de Bordeaux,Graves,Graves supérieures
aire_parcellaire.339;Côtes du Rhône
aire_parcellaire.340;Côtes de Duras
aire_parcellaire.341;Côtes du Rhône
aire_parcellaire.342;Bordeaux,Bordeaux supérieur,Crémant de Bordeaux,Côtes de Bordeaux,Côtes de Bordeaux Francs
aire_parcellaire.343;Bordeaux,Bordeaux Haut-Benauge,Bordeaux supérieur,Crémant de Bordeaux,Entre-deux-Mers,Entre-deux-Mers Haut-Benauge
aire_parcellaire.344;Bordeaux,Bordeaux supérieur,Crémant de Bordeaux
aire_parcellaire.345;Côtes du Rhône
aire_parcellaire.346;Bordeaux,Bordeaux supérieur,Crémant de Bordeaux
aire_parcellaire.347;Bordeaux,Bordeaux Haut-Benauge,Bordeaux supérieur,Crémant de Bordeaux,Entre-deux-Mers,Entre-deux-Mers Haut-Benauge
aire_parcellaire.348;Bordeaux,Bordeaux supérieur,Crémant de Bordeaux
aire_parcellaire.349;Coteaux d'Aix-en-Provence
aire_parcellaire.350;Bordeaux,Bordeaux supérieur,Crémant de Bordeaux,Entre-deux-Mers
aire_parcellaire.351;Côtes du Roussillon,Côtes du Roussillon Villages,Languedoc
aire_parcellaire.352;Blaye,Bordeaux,Bordeaux supérieur,Crémant de Bordeaux,Côtes de Blaye,Côtes de Bordeaux,Côtes de Bordeaux Blaye
aire_parcellaire.353;Fronton
aire_parcellaire.354;Bergerac,Côtes de Bergerac,Saussignac
aire_parcellaire.355;Bordeaux,Bordeaux supérieur,Crémant de Bordeaux
aire_parcellaire.356;Côtes du Rhône
aire_parcellaire.357;Bergerac,Côtes de Bergerac
aire_parcellaire.358;Ventoux
aire_parcellaire.359;Bordeaux,Bordeaux supérieur,Crémant de Bordeaux
aire_parcellaire.360;Bordeaux,Bordeaux supérieur,Crémant de Bordeaux
aire_parcellaire.361;Coteaux d'Aix-en-Provence,Les Baux de Provence
aire_parcellaire.362;Côtes du Roussillon,Languedoc
aire_parcellaire.363;Ajaccio,Vin de Corse ou Corse
aire_parcellaire.364;Blaye,Bordeaux,Bordeaux supérieur,Crémant de Bordeaux,Côtes de Blaye,Côtes de Bordeaux,Côtes de Bordeaux Blaye
aire_parcellaire.365;Bergerac,Côtes de Bergerac
aire_parcellaire.366;Coteaux d'Aix-en-Provence
aire_parcellaire.367;Bandol
aire_parcellaire.368;Bordeaux,Bordeaux supérieur,Crémant de Bordeaux,Haut-Médoc,Margaux,Médoc
aire_parcellaire.369;Bordeaux,Bordeaux supérieur,Crémant de Bordeaux
aire_parcellaire.370;Bordeaux,Bordeaux supérieur,Crémant de Bordeaux,Haut-Médoc,Moulis ou Moulis-en-Médoc,Médoc
aire_parcellaire.371;Palette
aire_parcellaire.372;Vin de Corse ou Corse,Vin de Corse ou Corse Figari
aire_parcellaire.373;Buzet
aire_parcellaire.374;Ventoux
aire_parcellaire.375;Côtes de Provence
aire_parcellaire.376;Coteaux d'Aix-en-Provence
aire_parcellaire.377;Côtes du Roussillon,Languedoc
aire_parcellaire.378;Bordeaux,Bordeaux supérieur,Crémant de Bordeaux,Entre-deux-Mers
aire_parcellaire.379;Côtes de Provence
aire_parcellaire.380;Bordeaux,Bordeaux supérieur,Crémant de Bordeaux,Entre-deux-Mers
aire_parcellaire.381;Coteaux d'Aix-en-Provence
aire_parcellaire.382;Bergerac,Côtes de Bergerac
aire_parcellaire.383;Bandol
aire_parcellaire.384;Bordeaux,Bordeaux supérieur,Crémant de Bordeaux,Haut-Médoc,Médoc
aire_parcellaire.385;Blaye,Bordeaux,Bordeaux supérieur,Crémant de Bordeaux,Côtes de Blaye,Côtes de Bordeaux,Côtes de Bordeaux Blaye
aire_parcellaire.386;Bordeaux,Bordeaux supérieur,Crémant de Bordeaux,Entre-deux-Mers
aire_parcellaire.387;Bordeaux,Bordeaux supérieur,Crémant de Bordeaux,Montagne-Saint-Emilion,Saint-Georges-Saint-Emilion
aire_parcellaire.388;Bordeaux,Bordeaux Haut-Benauge,Bordeaux supérieur,Crémant de Bordeaux,Entre-deux-Mers,Entre-deux-Mers Haut-Benauge
aire_parcellaire.389;Bordeaux,Bordeaux supérieur,Cadillac,Crémant de Bordeaux,Côtes de Bordeaux,Côtes de Bordeaux Cadillac,Premières Côtes de Bordeaux
aire_parcellaire.390;Côtes du Rhône,Côtes du Rhône Villages,Côtes du Rhône Villages Signargues
aire_parcellaire.391;Bordeaux,Bordeaux supérieur,Crémant de Bordeaux,Entre-deux-Mers
aire_parcellaire.392;Bordeaux,Bordeaux supérieur,Crémant de Bordeaux,Cérons,Graves,Graves supérieures
aire_parcellaire.393;Côtes du Rhône
aire_parcellaire.394;Bordeaux,Bordeaux supérieur,Crémant de Bordeaux,Médoc
aire_parcellaire.395;Buzet
aire_parcellaire.396;Bordeaux,Bordeaux supérieur,Crémant de Bordeaux,Côtes de Bourg, Bourg et Bourgeais
aire_parcellaire.397;Ajaccio,Vin de Corse ou Corse
aire_parcellaire.398;Bordeaux,Bordeaux supérieur,Crémant de Bordeaux
aire_parcellaire.399;Bordeaux,Bordeaux supérieur,Crémant de Bordeaux
aire_parcellaire.400;Côtes de Duras
aire_parcellaire.401;Bordeaux,Bordeaux supérieur,Crémant de Bordeaux
aire_parcellaire.402;Côtes du Rhône
aire_parcellaire.403;Côtes de Duras
aire_parcellaire.404;Coteaux d'Aix-en-Provence
aire_parcellaire.405;Vin de Corse Sartène ou Corse Sartène,Vin de Corse ou Corse
aire_parcellaire.406;Bergerac,Côtes de Bergerac
aire_parcellaire.407;Fronton
aire_parcellaire.408;Bordeaux,Bordeaux supérieur,Crémant de Bordeaux
aire_parcellaire.409;Bordeaux,Bordeaux supérieur,Crémant de Bordeaux,Haut-Médoc,Médoc
aire_parcellaire.410;Bordeaux,Bordeaux supérieur,Crémant de Bordeaux
aire_parcellaire.411;Bergerac,Côtes de Bergerac
aire_parcellaire.412;Corbières,Languedoc
aire_parcellaire.413;Bordeaux,Bordeaux supérieur,Crémant de Bordeaux
aire_parcellaire.414;Côtes de Duras
aire_parcellaire.415;Côtes du Rhône
aire_parcellaire.416;Côtes du Rhône
aire_parcellaire.417;Bordeaux,Bordeaux Haut-Benauge,Bordeaux supérieur,Crémant de Bordeaux,Entre-deux-Mers,Entre-deux-Mers Haut-Benauge
aire_parcellaire.418;Côtes du Roussillon,Côtes du Roussillon Villages,Grand Roussillon,Languedoc,Muscat de Rivesaltes,Rivesaltes
aire_parcellaire.419;Clairette du Languedoc,Clairette du Languedoc Cabrières
aire_parcellaire.420;Fronton
aire_parcellaire.421;Côtes du Roussillon,Languedoc
aire_parcellaire.422;Côtes du Rhône
aire_parcellaire.423;Buzet
aire_parcellaire.424;Coteaux d'Aix-en-Provence
aire_parcellaire.425;Grignan-les-Adhémar
aire_parcellaire.426;Vin de Corse ou Corse
aire_parcellaire.427;Coteaux d'Aix-en-Provence
aire_parcellaire.428;Chablis,Crémant de Bourgogne,Petit Chablis
aire_parcellaire.429;Bordeaux,Bordeaux supérieur,Crémant de Bordeaux,Entre-deux-Mers
aire_parcellaire.430;Buzet
aire_parcellaire.431;Côtes de Duras
aire_parcellaire.432;Bordeaux,Bordeaux supérieur,Crémant de Bordeaux
aire_parcellaire.433;Bordeaux,Bordeaux supérieur,Crémant de Bordeaux,Côtes de Bourg, Bourg et Bourgeais
aire_parcellaire.434;Bergerac,Côtes de Bergerac,Monbazillac
aire_parcellaire.435;Côtes de Duras
aire_parcellaire.436;Coteaux d'Aix-en-Provence
aire_parcellaire.437;Languedoc
aire_parcellaire.438;Muscat du Cap Corse,Patrimonio
aire_parcellaire.439;Bordeaux,Bordeaux supérieur,Crémant de Bordeaux
aire_parcellaire.440;Bordeaux,Bordeaux supérieur,Crémant de Bordeaux
aire_parcellaire.441;Crémant de Limoux,Limoux
aire_parcellaire.442;Bordeaux,Bordeaux supérieur,Crémant de Bordeaux,Côtes de Bourg, Bourg et Bourgeais
aire_parcellaire.443;Buzet
aire_parcellaire.444;Bordeaux,Bordeaux supérieur,Crémant de Bordeaux,Entre-deux-Mers
aire_parcellaire.445;Bordeaux,Bordeaux supérieur,Crémant de Bordeaux,Graves,Graves supérieures,Pessac-Léognan
aire_parcellaire.446;Bordeaux,Bordeaux supérieur,Crémant de Bordeaux,Entre-deux-Mers
aire_parcellaire.447;Bergerac,Côtes de Bergerac
aire_parcellaire.448;Blaye,Bordeaux,Bordeaux supérieur,Crémant de Bordeaux,Côtes de Blaye,Côtes de Bordeaux,Côtes de Bordeaux Blaye
aire_parcellaire.449;Bordeaux,Bordeaux supérieur,Crémant de Bordeaux,Côtes de Bordeaux,Côtes de Bordeaux Cadillac,Premières Côtes de Bordeaux
aire_parcellaire.450;Bordeaux,Bordeaux supérieur,Crémant de Bordeaux,Graves,Graves supérieures
aire_parcellaire.451;Bordeaux,Bordeaux supérieur,Crémant de Bordeaux,Graves,Graves supérieures
aire_parcellaire.452;Bordeaux,Bordeaux supérieur,Crémant de Bordeaux,Entre-deux-Mers
aire_parcellaire.453;Bordeaux,Bordeaux supérieur,Crémant de Bordeaux
aire_parcellaire.454;Ajaccio,Vin de Corse ou Corse
aire_parcellaire.455;Bordeaux,Bordeaux supérieur,Crémant de Bordeaux
aire_parcellaire.456;Bordeaux,Bordeaux supérieur,Crémant de Bordeaux,Graves,Graves supérieures
aire_parcellaire.457;Côtes du Rhône
aire_parcellaire.458;Bergerac,Côtes de Bergerac,Saussignac
aire_parcellaire.459;Bordeaux,Bordeaux supérieur,Crémant de Bordeaux,Côtes de Bourg, Bourg et Bourgeais
aire_parcellaire.460;Buzet
aire_parcellaire.461;Bergerac,Côtes de Bergerac
aire_parcellaire.462;Côtes du Roussillon,Côtes du Roussillon Villages,Grand Roussillon,Languedoc,Muscat de Rivesaltes,Rivesaltes
aire_parcellaire.463;Vin de Corse ou Corse,Vin de Corse ou Corse Figari
aire_parcellaire.464;Bordeaux,Bordeaux supérieur,Crémant de Bordeaux
aire_parcellaire.465;Corbières,Languedoc
aire_parcellaire.466;Côtes du Rhône,Côtes du Rhône Villages,Côtes du Rhône Villages Laudun
aire_parcellaire.467;Palette
aire_parcellaire.468;Bergerac,Côtes de Bergerac
aire_parcellaire.469;Bordeaux,Bordeaux supérieur,Crémant de Bordeaux,Entre-deux-Mers
aire_parcellaire.470;Coteaux d'Aix-en-Provence
aire_parcellaire.471;Bordeaux,Bordeaux supérieur,Crémant de Bordeaux
aire_parcellaire.472;Blaye,Bordeaux,Bordeaux supérieur,Crémant de Bordeaux,Côtes de Blaye,Côtes de Bordeaux,Côtes de Bordeaux Blaye
aire_parcellaire.473;Bordeaux,Bordeaux supérieur,Crémant de Bordeaux,Entre-deux-Mers
aire_parcellaire.474;Côtes de Provence
aire_parcellaire.475;Bordeaux,Bordeaux supérieur,Crémant de Bordeaux,Entre-deux-Mers
aire_parcellaire.476;Bordeaux,Bordeaux supérieur,Crémant de Bordeaux,Entre-deux-Mers
aire_parcellaire.477;Bergerac,Côtes de Bergerac
aire_parcellaire.478;Côtes de Duras
aire_parcellaire.479;Coteaux d'Aix-en-Provence
aire_parcellaire.480;Bergerac,Côtes de Bergerac
aire_parcellaire.481;Côtes du Marmandais
aire_parcellaire.482;Muscat du Cap Corse,Patrimonio
aire_parcellaire.483;Bergerac,Côtes de Bergerac,Saussignac
aire_parcellaire.484;Bordeaux,Bordeaux supérieur,Crémant de Bordeaux,Haut-Médoc,Médoc
aire_parcellaire.485;Vin de Corse ou Corse
aire_parcellaire.486;Coteaux d'Aix-en-Provence
aire_parcellaire.487;Bordeaux,Bordeaux supérieur,Crémant de Bordeaux,Graves,Graves supérieures
aire_parcellaire.488;Côtes du Rhône
aire_parcellaire.489;Côtes du Roussillon,Côtes du Roussillon Villages,Languedoc
aire_parcellaire.490;Bordeaux,Bordeaux supérieur,Cadillac,Crémant de Bordeaux,Côtes de Bordeaux,Côtes de Bordeaux Cadillac,Premières Côtes de Bordeaux
aire_parcellaire.491;Corbières,Languedoc
aire_parcellaire.492;Bordeaux,Bordeaux supérieur,Cadillac,Crémant de Bordeaux,Côtes de Bordeaux,Côtes de Bordeaux Cadillac,Premières Côtes de Bordeaux
aire_parcellaire.493;Bordeaux,Bordeaux supérieur,Crémant de Bordeaux,Entre-deux-Mers
aire_parcellaire.494;Bordeaux,Bordeaux supérieur,Crémant de Bordeaux
aire_parcellaire.495;Bordeaux,Bordeaux supérieur,Crémant de Bordeaux,Entre-deux-Mers
aire_parcellaire.496;Bordeaux,Bordeaux supérieur,Crémant de Bordeaux
aire_parcellaire.497;Corbières,Grand Roussillon,Languedoc,Muscat de Rivesaltes,Rivesaltes
aire_parcellaire.498;Ventoux
aire_parcellaire.499;Côtes du Marmandais
aire_parcellaire.500;Muscat de Frontignan ou Frontignan ou Vin de Frontignan
aire_parcellaire.501;Clairette de Die,Coteaux de Die,Crémant de Die
aire_parcellaire.502;Coteaux d'Aix-en-Provence
aire_parcellaire.503;Costières de Nîmes
aire_parcellaire.504;Costières de Nîmes
aire_parcellaire.505;Bordeaux,Bordeaux supérieur,Cadillac,Crémant de Bordeaux,Côtes de Bordeaux,Côtes de Bordeaux Cadillac,Premières Côtes de Bordeaux
aire_parcellaire.506;Côtes de Duras
aire_parcellaire.507;Corbières,Languedoc
aire_parcellaire.508;Bordeaux,Bordeaux supérieur,Crémant de Bordeaux,Entre-deux-Mers
aire_parcellaire.509;Bordeaux,Bordeaux supérieur,Crémant de Bordeaux,Côtes de Bordeaux-Saint-Macaire
aire_parcellaire.510;Bordeaux,Bordeaux supérieur,Crémant de Bordeaux,Graves,Graves supérieures
aire_parcellaire.511;Bergerac,Côtes de Bergerac
aire_parcellaire.512;Bordeaux,Bordeaux supérieur,Crémant de Bordeaux,Entre-deux-Mers
aire_parcellaire.513;Blaye,Bordeaux,Bordeaux supérieur,Crémant de Bordeaux,Côtes de Blaye,Côtes de Bordeaux,Côtes de Bordeaux Blaye
aire_parcellaire.514;Bordeaux,Bordeaux supérieur,Crémant de Bordeaux,Sauternes
aire_parcellaire.515;Blaye,Bordeaux,Bordeaux supérieur,Crémant de Bordeaux,Côtes de Blaye,Côtes de Bordeaux,Côtes de Bordeaux Blaye
aire_parcellaire.516;Vin de Corse Sartène ou Corse Sartène,Vin de Corse ou Corse
aire_parcellaire.517;Bordeaux,Bordeaux supérieur,Crémant de Bordeaux,Graves,Graves supérieures
aire_parcellaire.518;Costières de Nîmes
aire_parcellaire.519;Vin de Corse Calvi ou Corse Calvi,Vin de Corse ou Corse
aire_parcellaire.520;Costières de Nîmes
aire_parcellaire.521;Corbières,Languedoc
aire_parcellaire.522;Côtes de Duras
aire_parcellaire.523;Bandol
aire_parcellaire.524;Bordeaux,Bordeaux supérieur,Cadillac,Crémant de Bordeaux,Côtes de Bordeaux,Côtes de Bordeaux Cadillac,Premières Côtes de Bordeaux
aire_parcellaire.525;Bordeaux,Bordeaux supérieur,Crémant de Bordeaux,Côtes de Bordeaux-Saint-Macaire
aire_parcellaire.526;Coteaux d'Aix-en-Provence
aire_parcellaire.527;Côtes du Roussillon,Côtes du Roussillon Villages,Grand Roussillon,Languedoc,Maury,Muscat de Rivesaltes,Rivesaltes
aire_parcellaire.528;Bordeaux,Bordeaux supérieur,Crémant de Bordeaux
aire_parcellaire.529;Bordeaux,Bordeaux supérieur,Crémant de Bordeaux
aire_parcellaire.530;Ajaccio,Vin de Corse ou Corse
aire_parcellaire.531;Côtes du Roussillon,Côtes du Roussillon Villages,Grand Roussillon,Languedoc,Muscat de Rivesaltes,Rivesaltes
aire_parcellaire.532;Ajaccio,Vin de Corse ou Corse
aire_parcellaire.533;Bordeaux,Bordeaux supérieur,Crémant de Bordeaux,Entre-deux-Mers
aire_parcellaire.534;Bordeaux,Bordeaux supérieur,Crémant de Bordeaux
aire_parcellaire.535;Clairette de Die,Coteaux de Die,Crémant de Die
aire_parcellaire.536;Bordeaux,Bordeaux supérieur,Crémant de Bordeaux,Médoc
aire_parcellaire.537;Bordeaux,Bordeaux supérieur,Crémant de Bordeaux,Entre-deux-Mers
aire_parcellaire.538;Languedoc,Minervois
aire_parcellaire.539;Bandol
aire_parcellaire.540;Ventoux
aire_parcellaire.541;Vin de Corse ou Corse
aire_parcellaire.542;Bordeaux,Bordeaux supérieur,Crémant de Bordeaux,Entre-deux-Mers
aire_parcellaire.543;Blaye,Bordeaux,Bordeaux supérieur,Crémant de Bordeaux,Côtes de Blaye,Côtes de Bordeaux,Côtes de Bordeaux Blaye
aire_parcellaire.544;Côtes du Rhône,Côtes du Rhône Villages,Côtes du Rhône Villages Valréas
aire_parcellaire.545;Coteaux d'Aix-en-Provence
aire_parcellaire.546;Côtes du Marmandais
aire_parcellaire.547;Bordeaux,Bordeaux supérieur,Crémant de Bordeaux
aire_parcellaire.548;Fronton
aire_parcellaire.549;Côtes de Provence
aire_parcellaire.550;Coteaux d'Aix-en-Provence
aire_parcellaire.551;Ajaccio,Vin de Corse ou Corse
aire_parcellaire.552;Bordeaux,Bordeaux supérieur,Crémant de Bordeaux,Haut-Médoc,Margaux,Médoc
aire_parcellaire.553;Bordeaux,Bordeaux supérieur,Crémant de Bordeaux,Lalande-de-Pomerol
aire_parcellaire.554;Bordeaux,Bordeaux supérieur,Crémant de Bordeaux,Côtes de Bordeaux,Côtes de Bordeaux Cadillac,Premières Côtes de Bordeaux
aire_parcellaire.555;Bordeaux,Bordeaux Haut-Benauge,Bordeaux supérieur,Crémant de Bordeaux,Entre-deux-Mers,Entre-deux-Mers Haut-Benauge
aire_parcellaire.556;Bordeaux,Bordeaux supérieur,Crémant de Bordeaux
aire_parcellaire.557;Vin de Corse ou Corse
aire_parcellaire.558;Grignan-les-Adhémar
aire_parcellaire.559;Côtes du Roussillon,Languedoc
aire_parcellaire.560;Bordeaux,Bordeaux supérieur,Crémant de Bordeaux
aire_parcellaire.561;Bergerac,Côtes de Bergerac,Pécharmant
aire_parcellaire.562;Bordeaux,Bordeaux supérieur,Crémant de Bordeaux,Entre-deux-Mers
aire_parcellaire.563;Bordeaux,Bordeaux supérieur,Crémant de Bordeaux
aire_parcellaire.564;Corbières,Grand Roussillon,Languedoc,Muscat de Rivesaltes,Rivesaltes
aire_parcellaire.565;Palette
aire_parcellaire.566;Côtes de Duras
aire_parcellaire.567;Côtes du Marmandais
aire_parcellaire.568;Côtes du Rhône,Côtes du Rhône Villages,Côtes du Rhône Villages Plan de Dieu
aire_parcellaire.569;Côtes du Rhône
aire_parcellaire.570;Fronton
aire_parcellaire.571;Côtes de Provence
aire_parcellaire.572;Ajaccio,Vin de Corse ou Corse
aire_parcellaire.573;Vin de Corse ou Corse,Vin de Corse ou Corse Figari
aire_parcellaire.574;Bordeaux,Bordeaux supérieur,Crémant de Bordeaux,Graves,Graves supérieures,Pessac-Léognan
aire_parcellaire.575;Grand Roussillon,Muscat de Rivesaltes,Rivesaltes
aire_parcellaire.576;Bordeaux,Bordeaux supérieur,Crémant de Bordeaux
aire_parcellaire.577;Bordeaux,Bordeaux supérieur,Crémant de Bordeaux,Cérons,Graves,Graves supérieures
aire_parcellaire.578;Bordeaux,Bordeaux supérieur,Crémant de Bordeaux
aire_parcellaire.579;Bergerac,Côtes de Bergerac
aire_parcellaire.580;Côtes du Rhône,Lirac
aire_parcellaire.581;Côtes du Rhône
aire_parcellaire.582;Ajaccio,Vin de Corse ou Corse
aire_parcellaire.583;Bordeaux,Bordeaux supérieur,Crémant de Bordeaux,Entre-deux-Mers
aire_parcellaire.584;Côtes du Rhône,Saint-Péray
aire_parcellaire.585;Bordeaux,Bordeaux supérieur,Crémant de Bordeaux
aire_parcellaire.586;Fronton
aire_parcellaire.587;Bordeaux,Bordeaux supérieur,Cadillac,Crémant de Bordeaux,Côtes de Bordeaux,Côtes de Bordeaux Cadillac,Premières Côtes de Bordeaux
aire_parcellaire.588;Bordeaux,Bordeaux supérieur,Crémant de Bordeaux,Haut-Médoc,Margaux,Médoc
aire_parcellaire.589;Corbières,Languedoc
aire_parcellaire.590;Bergerac,Côtes de Bergerac
aire_parcellaire.591;Bordeaux,Bordeaux supérieur,Crémant de Bordeaux,Entre-deux-Mers
aire_parcellaire.592;Ajaccio,Vin de Corse ou Corse
aire_parcellaire.593;Bordeaux,Bordeaux supérieur,Crémant de Bordeaux
aire_parcellaire.594;Coteaux varois en Provence
aire_parcellaire.595;Bordeaux,Bordeaux supérieur,Crémant de Bordeaux
aire_parcellaire.596;Clairette de Bellegarde,Costières de Nîmes
aire_parcellaire.597;Ventoux
aire_parcellaire.598;Coteaux d'Aix-en-Provence
aire_parcellaire.599;Côtes du Roussillon,Côtes du Roussillon Villages,Grand Roussillon,Languedoc,Muscat de Rivesaltes,Rivesaltes
aire_parcellaire.600;Vin de Corse ou Corse
aire_parcellaire.601;Bergerac,Côtes de Bergerac
aire_parcellaire.602;Blaye,Bordeaux,Bordeaux supérieur,Crémant de Bordeaux,Côtes de Blaye,Côtes de Bordeaux,Côtes de Bordeaux Blaye
aire_parcellaire.603;Côtes du Marmandais
aire_parcellaire.604;Côtes de Provence
aire_parcellaire.605;Grignan-les-Adhémar
aire_parcellaire.606;Grignan-les-Adhémar
aire_parcellaire.607;Bordeaux,Bordeaux supérieur,Crémant de Bordeaux,Graves de Vayres
aire_parcellaire.608;Bordeaux,Bordeaux supérieur,Crémant de Bordeaux,Côtes de Bourg, Bourg et Bourgeais
aire_parcellaire.609;Costières de Nîmes
aire_parcellaire.610;Vin de Corse Calvi ou Corse Calvi,Vin de Corse ou Corse
aire_parcellaire.611;Côtes du Rhône
aire_parcellaire.612;Côtes du Rhône
aire_parcellaire.613;Côtes du Rhône
aire_parcellaire.614;Buzet
aire_parcellaire.615;Coteaux d'Aix-en-Provence
aire_parcellaire.616;Blaye,Bordeaux,Bordeaux supérieur,Crémant de Bordeaux,Côtes de Blaye,Côtes de Bordeaux,Côtes de Bordeaux Blaye
aire_parcellaire.617;Ventoux
aire_parcellaire.618;Bordeaux,Bordeaux supérieur,Crémant de Bordeaux
aire_parcellaire.619;Clairette de Die,Coteaux de Die,Crémant de Die
aire_parcellaire.620;Bordeaux,Bordeaux supérieur,Crémant de Bordeaux,Graves de Vayres
aire_parcellaire.621;Bordeaux,Bordeaux supérieur,Crémant de Bordeaux,Puisseguin-Saint-Emilion
aire_parcellaire.622;Bordeaux,Bordeaux supérieur,Crémant de Bordeaux,Côtes de Bordeaux-Saint-Macaire
aire_parcellaire.623;Bordeaux,Bordeaux supérieur,Cadillac,Crémant de Bordeaux,Côtes de Bordeaux,Côtes de Bordeaux Cadillac,Premières Côtes de Bordeaux
aire_parcellaire.624;Bordeaux,Bordeaux supérieur,Crémant de Bordeaux,Graves,Graves supérieures
aire_parcellaire.625;Vin de Corse Sartène ou Corse Sartène,Vin de Corse ou Corse
aire_parcellaire.626;Corbières,Languedoc
aire_parcellaire.627;Costières de Nîmes
aire_parcellaire.628;Fronton
aire_parcellaire.629;Grignan-les-Adhémar
aire_parcellaire.630;Bordeaux,Bordeaux supérieur,Crémant de Bordeaux,Côtes de Bordeaux,Côtes de Bordeaux Cadillac,Premières Côtes de Bordeaux
aire_parcellaire.631;Bordeaux,Bordeaux supérieur,Crémant de Bordeaux,Entre-deux-Mers
aire_parcellaire.632;Bordeaux,Bordeaux Haut-Benauge,Bordeaux supérieur,Crémant de Bordeaux,Entre-deux-Mers,Entre-deux-Mers Haut-Benauge
aire_parcellaire.633;Patrimonio
aire_parcellaire.634;Ajaccio,Vin de Corse ou Corse
aire_parcellaire.635;Blaye,Bordeaux,Bordeaux supérieur,Crémant de Bordeaux,Côtes de Blaye,Côtes de Bordeaux,Côtes de Bordeaux Blaye
aire_parcellaire.636;Côtes du Roussillon,Côtes du Roussillon Villages,Grand Roussillon,Languedoc,Muscat de Rivesaltes,Rivesaltes
aire_parcellaire.637;Fronton
aire_parcellaire.638;Vin de Corse ou Corse
aire_parcellaire.639;Coteaux d'Aix-en-Provence
aire_parcellaire.640;Ventoux
aire_parcellaire.641;Bordeaux,Bordeaux supérieur,Crémant de Bordeaux
aire_parcellaire.642;Côtes du Rhône,Côtes du Rhône Villages,Côtes du Rhône Villages Signargues
aire_parcellaire.643;Bordeaux,Bordeaux supérieur,Crémant de Bordeaux,Graves,Graves supérieures,Pessac-Léognan
aire_parcellaire.644;Alsace,Alsace suivi d'un nom de lieu-dit,Crémant d’Alsace
aire_parcellaire.645;Bordeaux,Bordeaux supérieur,Crémant de Bordeaux,Entre-deux-Mers
aire_parcellaire.646;Côtes du Rhône
aire_parcellaire.647;Côtes du Roussillon,Côtes du Roussillon Villages,Grand Roussillon,Languedoc,Muscat de Rivesaltes,Rivesaltes
aire_parcellaire.648;Bordeaux,Bordeaux supérieur,Crémant de Bordeaux,Haut-Médoc,Listrac-Médoc,Médoc
aire_parcellaire.649;Ajaccio,Vin de Corse ou Corse
aire_parcellaire.650;Coteaux d'Aix-en-Provence
aire_parcellaire.651;Vin de Corse Sartène ou Corse Sartène,Vin de Corse ou Corse
aire_parcellaire.652;Côtes de Provence
aire_parcellaire.653;Muscat du Cap Corse,Vin de Corse Coteaux du Cap Corse ou Corse Coteaux du Cap Corse,Vin de Corse ou Corse
aire_parcellaire.654;Vin de Corse ou Corse
aire_parcellaire.655;Chablis,Crémant de Bourgogne,Petit Chablis
aire_parcellaire.656;Côtes du Rhône,Côtes du Rhône Villages,Côtes du Rhône Villages Saint-Gervais
aire_parcellaire.657;Côtes du Marmandais
aire_parcellaire.658;Bandol
aire_parcellaire.659;Blaye,Bordeaux,Bordeaux supérieur,Crémant de Bordeaux,Côtes de Blaye,Côtes de Bordeaux,Côtes de Bordeaux Blaye
aire_parcellaire.660;Ajaccio,Vin de Corse ou Corse
aire_parcellaire.661;Ajaccio,Vin de Corse ou Corse
aire_parcellaire.662;Côtes du Marmandais
aire_parcellaire.663;Ventoux
aire_parcellaire.664;Côtes du Rhône
aire_parcellaire.665;Bourgogne,Bourgogne Passe-tout-grains,Bourgogne aligoté,Bourgogne mousseux,Coteaux Bourguignons ou Bourgogne grand ordinaire ou Bourgogne ordinaire,Crémant de Bourgogne,Mâcon,Mâcon Verzé,Mâcon Villages
aire_parcellaire.666;Fronton
aire_parcellaire.667;Bordeaux,Bordeaux supérieur,Crémant de Bordeaux,Côtes de Bordeaux-Saint-Macaire
aire_parcellaire.668;Bordeaux,Bordeaux supérieur,Crémant de Bordeaux
aire_parcellaire.669;Crémant de Limoux,Limoux
aire_parcellaire.670;Bordeaux,Bordeaux supérieur,Crémant de Bordeaux,Entre-deux-Mers
aire_parcellaire.671;Bordeaux,Bordeaux supérieur,Crémant de Bordeaux
aire_parcellaire.672;Ventoux
aire_parcellaire.673;Bordeaux,Bordeaux supérieur,Canon Fronsac,Crémant de Bordeaux,Fronsac
aire_parcellaire.674;Bordeaux,Bordeaux supérieur,Crémant de Bordeaux
aire_parcellaire.675;Côtes de Provence
aire_parcellaire.676;Bergerac,Côtes de Bergerac
aire_parcellaire.677;Bordeaux,Bordeaux supérieur,Crémant de Bordeaux,Entre-deux-Mers
aire_parcellaire.678;Bordeaux,Bordeaux supérieur,Crémant de Bordeaux
aire_parcellaire.679;Côtes du Rhône,Côtes du Rhône Villages,Vinsobres
aire_parcellaire.680;Bordeaux,Bordeaux supérieur,Crémant de Bordeaux,Médoc
aire_parcellaire.681;Corbières,Languedoc
aire_parcellaire.682;Vin de Corse ou Corse
aire_parcellaire.683;Côtes du Roussillon,Côtes du Roussillon Villages,Grand Roussillon,Languedoc,Muscat de Rivesaltes,Rivesaltes
aire_parcellaire.684;Faugères,Languedoc
aire_parcellaire.685;Bergerac,Côtes de Bergerac,Saussignac
aire_parcellaire.686;Côtes de Duras
aire_parcellaire.687;Côtes du Rhône
aire_parcellaire.688;Costières de Nîmes
aire_parcellaire.689;Tavel
aire_parcellaire.690;Blaye,Bordeaux,Bordeaux supérieur,Crémant de Bordeaux,Côtes de Blaye,Côtes de Bordeaux,Côtes de Bordeaux Blaye
aire_parcellaire.691;Clairette de Die,Coteaux de Die,Crémant de Die
aire_parcellaire.692;Bordeaux,Bordeaux supérieur,Crémant de Bordeaux,Puisseguin-Saint-Emilion
aire_parcellaire.693;Bordeaux,Bordeaux supérieur,Crémant de Bordeaux,Lalande-de-Pomerol
aire_parcellaire.694;Côtes de Duras
aire_parcellaire.695;Bordeaux,Bordeaux supérieur,Crémant de Bordeaux,Entre-deux-Mers
aire_parcellaire.696;Bordeaux,Bordeaux supérieur,Crémant de Bordeaux,Entre-deux-Mers
aire_parcellaire.697;Fronton
aire_parcellaire.698;Bergerac,Côtes de Bergerac
aire_parcellaire.699;Grand Roussillon,Muscat de Rivesaltes,Rivesaltes
aire_parcellaire.700;Crémant de Limoux,Limoux
aire_parcellaire.701;Ajaccio,Vin de Corse ou Corse
aire_parcellaire.702;Ventoux
aire_parcellaire.703;Ajaccio,Vin de Corse ou Corse
aire_parcellaire.704;Bergerac,Côtes de Bergerac,Saussignac
aire_parcellaire.705;Côtes du Roussillon,Côtes du Roussillon Villages,Grand Roussillon,Languedoc,Muscat de Rivesaltes,Rivesaltes
aire_parcellaire.706;Ajaccio,Vin de Corse ou Corse
aire_parcellaire.707;Côtes du Marmandais
aire_parcellaire.708;Bordeaux,Bordeaux supérieur,Crémant de Bordeaux,Haut-Médoc,Margaux,Médoc
aire_parcellaire.709;Bordeaux,Bordeaux supérieur,Crémant de Bordeaux,Entre-deux-Mers
aire_parcellaire.710;Costières de Nîmes
aire_parcellaire.711;Bordeaux,Bordeaux supérieur,Crémant de Bordeaux,Lussac-Saint-Emilion
aire_parcellaire.712;Bordeaux,Bordeaux supérieur,Cadillac,Crémant de Bordeaux,Côtes de Bordeaux,Côtes de Bordeaux Cadillac,Premières Côtes de Bordeaux
aire_parcellaire.713;Bordeaux,Bordeaux supérieur,Crémant de Bordeaux,Médoc
aire_parcellaire.714;Bergerac,Côtes de Bergerac,Saussignac
aire_parcellaire.715;Côtes du Marmandais
aire_parcellaire.716;Côtes du Rhône
aire_parcellaire.717;Côtes du Rhône,Côtes du Rhône Villages,Côtes du Rhône Villages Valréas
aire_parcellaire.718;Coteaux varois en Provence
aire_parcellaire.719;Bordeaux,Bordeaux supérieur,Crémant de Bordeaux,Côtes de Bourg, Bourg et Bourgeais
aire_parcellaire.720;Côtes de Provence
aire_parcellaire.721;Bordeaux,Bordeaux supérieur,Crémant de Bordeaux
aire_parcellaire.722;Blaye,Bordeaux,Bordeaux supérieur,Crémant de Bordeaux,Côtes de Blaye,Côtes de Bordeaux,Côtes de Bordeaux Blaye
aire_parcellaire.723;Côtes de Provence
aire_parcellaire.724;Bordeaux,Bordeaux supérieur,Crémant de Bordeaux
aire_parcellaire.725;Corbières,Languedoc
aire_parcellaire.726;Muscat du Cap Corse,Patrimonio
aire_parcellaire.727;Languedoc,Minervois
aire_parcellaire.728;Ventoux
aire_parcellaire.729;Bordeaux,Bordeaux supérieur,Crémant de Bordeaux,Entre-deux-Mers
aire_parcellaire.730;Châtillon-en-Diois,Clairette de Die,Coteaux de Die,Crémant de Die
aire_parcellaire.731;Bordeaux,Bordeaux supérieur,Crémant de Bordeaux,Entre-deux-Mers
aire_parcellaire.732;Bordeaux,Bordeaux supérieur,Crémant de Bordeaux,Côtes de Bordeaux,Côtes de Bordeaux Castillon
aire_parcellaire.733;Grand Roussillon,Muscat de Rivesaltes,Rivesaltes
aire_parcellaire.734;Côtes de Provence
aire_parcellaire.735;Bourgogne,Bourgogne Passe-tout-grains,Bourgogne aligoté,Bourgogne mousseux,Coteaux Bourguignons ou Bourgogne grand ordinaire ou Bourgogne ordinaire,Crémant de Bourgogne,Mâcon,Mâcon La Roche-Vineuse,Mâcon Villages
aire_parcellaire.736;Côtes de Provence
aire_parcellaire.737;Coteaux d'Aix-en-Provence
aire_parcellaire.738;Ventoux
aire_parcellaire.739;Bordeaux,Bordeaux supérieur,Crémant de Bordeaux
aire_parcellaire.740;Bordeaux,Bordeaux supérieur,Crémant de Bordeaux,Côtes de Bordeaux,Côtes de Bordeaux Cadillac,Premières Côtes de Bordeaux
aire_parcellaire.741;Vin de Corse ou Corse
aire_parcellaire.742;Bordeaux,Bordeaux supérieur,Crémant de Bordeaux,Côtes de Bordeaux,Côtes de Bordeaux Cadillac,Premières Côtes de Bordeaux
aire_parcellaire.743;Chablis,Crémant de Bourgogne,Petit Chablis
aire_parcellaire.744;Blaye,Bordeaux,Bordeaux supérieur,Crémant de Bordeaux,Côtes de Blaye,Côtes de Bordeaux,Côtes de Bordeaux Blaye
aire_parcellaire.745;Côtes du Marmandais
aire_parcellaire.746;Coteaux varois en Provence
aire_parcellaire.747;Bordeaux,Bordeaux supérieur,Crémant de Bordeaux,Côtes de Bordeaux,Côtes de Bordeaux Cadillac,Premières Côtes de Bordeaux
aire_parcellaire.748;Côtes de Provence
aire_parcellaire.749;Côtes de Provence
aire_parcellaire.750;Muscat de Frontignan ou Frontignan ou Vin de Frontignan
aire_parcellaire.751;Muscat du Cap Corse,Patrimonio
aire_parcellaire.752;Bergerac,Côtes de Bergerac,Rosette
aire_parcellaire.753;Coteaux d'Aix-en-Provence
aire_parcellaire.754;Crémant de Limoux,Limoux
aire_parcellaire.755;Bordeaux,Bordeaux supérieur,Crémant de Bordeaux,Côtes de Bourg, Bourg et Bourgeais
aire_parcellaire.756;Crémant du Jura,Côtes du Jura,Macvin du Jura
aire_parcellaire.757;Bordeaux,Bordeaux supérieur,Cadillac,Crémant de Bordeaux,Côtes de Bordeaux,Côtes de Bordeaux Cadillac,Premières Côtes de Bordeaux
aire_parcellaire.758;Coteaux d'Aix-en-Provence
aire_parcellaire.759;Ventoux
aire_parcellaire.760;Bordeaux,Bordeaux supérieur,Crémant de Bordeaux,Entre-deux-Mers
aire_parcellaire.761;Ventoux
aire_parcellaire.762;Languedoc
aire_parcellaire.763;Bordeaux,Bordeaux supérieur,Crémant de Bordeaux,Entre-deux-Mers
aire_parcellaire.764;Grand Roussillon,Muscat de Rivesaltes,Rivesaltes
aire_parcellaire.765;Grignan-les-Adhémar
aire_parcellaire.766;Bordeaux,Bordeaux supérieur,Crémant de Bordeaux
aire_parcellaire.767;Bordeaux,Bordeaux supérieur,Crémant de Bordeaux,Côtes de Bordeaux,Côtes de Bordeaux Cadillac,Premières Côtes de Bordeaux
aire_parcellaire.768;Bordeaux,Bordeaux supérieur,Crémant de Bordeaux
aire_parcellaire.769;Bordeaux,Bordeaux supérieur,Crémant de Bordeaux,Graves,Graves supérieures,Pessac-Léognan
aire_parcellaire.770;Bandol
aire_parcellaire.771;Coteaux d'Aix-en-Provence
aire_parcellaire.772;Bordeaux,Bordeaux supérieur,Crémant de Bordeaux,Entre-deux-Mers
aire_parcellaire.773;Fronton
aire_parcellaire.774;Bordeaux,Bordeaux supérieur,Crémant de Bordeaux,Entre-deux-Mers
aire_parcellaire.775;Faugères,Languedoc
aire_parcellaire.776;Bordeaux,Bordeaux supérieur,Crémant de Bordeaux,Entre-deux-Mers
aire_parcellaire.777;Bordeaux,Bordeaux supérieur,Crémant de Bordeaux,Entre-deux-Mers
aire_parcellaire.778;Bordeaux,Bordeaux supérieur,Crémant de Bordeaux
aire_parcellaire.779;Costières de Nîmes
aire_parcellaire.780;Bordeaux,Bordeaux supérieur,Crémant de Bordeaux
aire_parcellaire.781;Ajaccio,Vin de Corse ou Corse
aire_parcellaire.782;Bordeaux,Bordeaux supérieur,Crémant de Bordeaux
aire_parcellaire.783;Cornas,Côtes du Rhône
aire_parcellaire.784;Bordeaux,Bordeaux supérieur,Crémant de Bordeaux,Entre-deux-Mers
aire_parcellaire.785;Bordeaux,Bordeaux supérieur,Crémant de Bordeaux,Entre-deux-Mers
aire_parcellaire.786;Bordeaux,Bordeaux supérieur,Crémant de Bordeaux,Entre-deux-Mers
aire_parcellaire.787;Côtes du Rhône
aire_parcellaire.788;Côtes du Marmandais
aire_parcellaire.789;Côtes du Rhône,Côtes du Rhône Villages,Côtes du Rhône Villages Saint-Gervais
aire_parcellaire.790;Blaye,Bordeaux,Bordeaux supérieur,Crémant de Bordeaux,Côtes de Blaye,Côtes de Bordeaux,Côtes de Bordeaux Blaye
aire_parcellaire.791;Bordeaux,Bordeaux supérieur,Crémant de Bordeaux,Graves,Graves supérieures,Pessac-Léognan
aire_parcellaire.792;Clairette de Die,Coteaux de Die,Crémant de Die
aire_parcellaire.793;Coteaux d'Aix-en-Provence
aire_parcellaire.794;Clairette du Languedoc,Clairette du Languedoc Cabrières
aire_parcellaire.795;Grignan-les-Adhémar
aire_parcellaire.796;Bordeaux,Bordeaux supérieur,Crémant de Bordeaux,Entre-deux-Mers
aire_parcellaire.797;Bordeaux,Bordeaux supérieur,Crémant de Bordeaux
aire_parcellaire.798;Bordeaux,Bordeaux supérieur,Crémant de Bordeaux,Entre-deux-Mers
aire_parcellaire.799;Côtes de Duras
aire_parcellaire.800;Côtes de Duras
aire_parcellaire.801;Bordeaux,Bordeaux supérieur,Crémant de Bordeaux,Côtes de Bourg, Bourg et Bourgeais
aire_parcellaire.802;Côtes du Roussillon,Côtes du Roussillon Villages,Grand Roussillon,Languedoc,Muscat de Rivesaltes,Rivesaltes
aire_parcellaire.803;Côtes du Rhône
aire_parcellaire.804;Côtes du Rhône
aire_parcellaire.805;Côtes du Rhône,Côtes du Rhône Villages,Côtes du Rhône Villages Plan de Dieu
aire_parcellaire.806;Ventoux
aire_parcellaire.807;Bordeaux,Bordeaux supérieur,Crémant de Bordeaux,Entre-deux-Mers
aire_parcellaire.808;Ventoux
aire_parcellaire.809;Corbières,Languedoc
aire_parcellaire.810;Côtes de Provence
aire_parcellaire.811;Muscat de Mireval
aire_parcellaire.812;Ventoux
aire_parcellaire.813;Bordeaux,Bordeaux supérieur,Crémant de Bordeaux
aire_parcellaire.814;Côtes du Marmandais
aire_parcellaire.815;Alsace,Alsace suivi d'un nom de lieu-dit,Crémant d’Alsace
aire_parcellaire.816;Vin de Corse Sartène ou Corse Sartène,Vin de Corse ou Corse
aire_parcellaire.817;Bordeaux,Bordeaux supérieur,Crémant de Bordeaux,Entre-deux-Mers
aire_parcellaire.818;Ventoux
aire_parcellaire.819;Costières de Nîmes
aire_parcellaire.820;Corbières,Languedoc
aire_parcellaire.821;Côtes du Rhône
aire_parcellaire.822;Vin de Corse ou Corse,Vin de Corse ou Corse Figari
aire_parcellaire.823;Bordeaux,Bordeaux supérieur,Crémant de Bordeaux
aire_parcellaire.824;Côtes du Rhône
aire_parcellaire.825;Bordeaux,Bordeaux supérieur,Crémant de Bordeaux,Médoc
aire_parcellaire.826;Bergerac,Côtes de Bergerac
aire_parcellaire.827;Blaye,Bordeaux,Bordeaux supérieur,Crémant de Bordeaux,Côtes de Blaye,Côtes de Bordeaux,Côtes de Bordeaux Blaye
aire_parcellaire.828;Côtes du Rhône
aire_parcellaire.829;Bordeaux,Bordeaux supérieur,Crémant de Bordeaux,Entre-deux-Mers
aire_parcellaire.830;Côtes du Roussillon,Côtes du Roussillon Villages,Grand Roussillon,Languedoc,Muscat de Rivesaltes,Rivesaltes
aire_parcellaire.831;Bordeaux,Bordeaux supérieur,Crémant de Bordeaux
aire_parcellaire.832;Côtes de Duras
aire_parcellaire.833;Bordeaux,Bordeaux supérieur,Crémant de Bordeaux,Entre-deux-Mers
aire_parcellaire.834;Grignan-les-Adhémar
aire_parcellaire.835;Béarn,Madiran,Pacherenc du Vic-Bilh
aire_parcellaire.836;Côtes du Roussillon,Côtes du Roussillon Villages,Côtes du Roussillon Villages Tautavel,Grand Roussillon,Languedoc,Muscat de Rivesaltes,Rivesaltes
aire_parcellaire.837;Vin de Corse Sartène ou Corse Sartène,Vin de Corse ou Corse
aire_parcellaire.838;Côtes du Roussillon,Côtes du Roussillon Villages,Côtes du Roussillon Villages Tautavel,Grand Roussillon,Languedoc,Muscat de Rivesaltes,Rivesaltes
aire_parcellaire.839;Bordeaux,Bordeaux supérieur,Crémant de Bordeaux,Entre-deux-Mers
aire_parcellaire.840;Grignan-les-Adhémar
aire_parcellaire.841;Costières de Nîmes
aire_parcellaire.842;Côtes de Duras
aire_parcellaire.843;Grignan-les-Adhémar
aire_parcellaire.844;Côtes du Marmandais
aire_parcellaire.845;Muscat de Frontignan ou Frontignan ou Vin de Frontignan
aire_parcellaire.846;Vin de Corse Sartène ou Corse Sartène,Vin de Corse ou Corse
aire_parcellaire.847;Blaye,Bordeaux,Bordeaux supérieur,Crémant de Bordeaux,Côtes de Blaye,Côtes de Bordeaux,Côtes de Bordeaux Blaye
aire_parcellaire.848;Blaye,Bordeaux,Bordeaux supérieur,Crémant de Bordeaux,Côtes de Blaye,Côtes de Bordeaux,Côtes de Bordeaux Blaye
aire_parcellaire.849;Côtes du Rhône,Saint-Péray
aire_parcellaire.850;Côtes de Duras
aire_parcellaire.851;Bergerac,Côtes de Bergerac,Pécharmant,Rosette
aire_parcellaire.852;Côtes du Rhône
aire_parcellaire.853;Vin de Corse ou Corse
aire_parcellaire.854;Corbières,Grand Roussillon,Languedoc,Muscat de Rivesaltes,Rivesaltes
aire_parcellaire.855;Bordeaux,Bordeaux supérieur,Crémant de Bordeaux,Entre-deux-Mers
aire_parcellaire.856;Ventoux
aire_parcellaire.857;Bordeaux,Bordeaux supérieur,Crémant de Bordeaux,Haut-Médoc,Margaux,Médoc
aire_parcellaire.858;Languedoc
aire_parcellaire.859;Vin de Corse Sartène ou Corse Sartène,Vin de Corse ou Corse
aire_parcellaire.860;Bergerac,Côtes de Bergerac
aire_parcellaire.861;Béarn,Madiran,Pacherenc du Vic-Bilh
aire_parcellaire.862;Côtes de Duras
aire_parcellaire.863;Vin de Corse Sartène ou Corse Sartène,Vin de Corse ou Corse
aire_parcellaire.864;Bordeaux,Bordeaux supérieur,Crémant de Bordeaux
aire_parcellaire.865;Côtes du Marmandais
aire_parcellaire.866;Bordeaux,Bordeaux supérieur,Crémant de Bordeaux,Entre-deux-Mers
aire_parcellaire.867;Buzet
aire_parcellaire.868;Chablis,Crémant de Bourgogne,Petit Chablis
aire_parcellaire.869;Ventoux
aire_parcellaire.870;Vin de Corse Porto-Vecchio ou Corse Porto-Vecchio,Vin de Corse ou Corse
aire_parcellaire.871;Bordeaux,Bordeaux supérieur,Crémant de Bordeaux,Entre-deux-Mers
aire_parcellaire.872;Bordeaux,Bordeaux supérieur,Crémant de Bordeaux,Côtes de Bordeaux,Côtes de Bordeaux Cadillac,Premières Côtes de Bordeaux
aire_parcellaire.873;Crémant de Limoux,Limoux
aire_parcellaire.874;Côtes du Roussillon,Côtes du Roussillon Villages,Grand Roussillon,Languedoc,Muscat de Rivesaltes,Rivesaltes
aire_parcellaire.875;Ajaccio,Vin de Corse ou Corse
aire_parcellaire.876;Vin de Corse ou Corse
aire_parcellaire.877;Languedoc,Saint-Chinian
aire_parcellaire.878;Côtes du Roussillon,Côtes du Roussillon Villages,Grand Roussillon,Languedoc,Muscat de Rivesaltes,Rivesaltes
aire_parcellaire.879;Bergerac,Côtes de Bergerac
aire_parcellaire.880;Bordeaux,Bordeaux supérieur,Crémant de Bordeaux,Entre-deux-Mers
aire_parcellaire.881;Bordeaux,Bordeaux supérieur,Crémant de Bordeaux,Entre-deux-Mers
aire_parcellaire.882;Bordeaux,Bordeaux supérieur,Crémant de Bordeaux,Entre-deux-Mers
aire_parcellaire.883;Côtes de Provence
aire_parcellaire.884;Bordeaux,Bordeaux supérieur,Crémant de Bordeaux
aire_parcellaire.885;Coteaux d'Aix-en-Provence
aire_parcellaire.886;Bordeaux,Bordeaux supérieur,Crémant de Bordeaux
aire_parcellaire.887;Vin de Corse Porto-Vecchio ou Corse Porto-Vecchio,Vin de Corse ou Corse
aire_parcellaire.888;Bordeaux,Bordeaux supérieur,Crémant de Bordeaux,Entre-deux-Mers
aire_parcellaire.889;Bordeaux,Bordeaux supérieur,Crémant de Bordeaux
aire_parcellaire.890;Blaye,Bordeaux,Bordeaux supérieur,Crémant de Bordeaux,Côtes de Blaye,Côtes de Bordeaux,Côtes de Bordeaux Blaye
aire_parcellaire.891;Bordeaux,Bordeaux supérieur,Cadillac,Crémant de Bordeaux,Côtes de Bordeaux,Côtes de Bordeaux Cadillac,Premières Côtes de Bordeaux
aire_parcellaire.892;Bordeaux,Bordeaux supérieur,Crémant de Bordeaux
aire_parcellaire.893;Vin de Corse ou Corse
aire_parcellaire.894;Blaye,Bordeaux,Bordeaux supérieur,Crémant de Bordeaux,Côtes de Blaye,Côtes de Bordeaux,Côtes de Bordeaux Blaye
aire_parcellaire.895;Blaye,Bordeaux,Bordeaux supérieur,Crémant de Bordeaux,Côtes de Blaye,Côtes de Bordeaux,Côtes de Bordeaux Blaye
aire_parcellaire.896;Fronton
aire_parcellaire.897;Côtes du Roussillon,Côtes du Roussillon Villages,Côtes du Roussillon Villages Tautavel,Grand Roussillon,Languedoc,Muscat de Rivesaltes,Rivesaltes
aire_parcellaire.898;Ajaccio,Vin de Corse ou Corse
aire_parcellaire.899;Côtes du Roussillon,Côtes du Roussillon Villages,Grand Roussillon,Languedoc,Muscat de Rivesaltes,Rivesaltes
aire_parcellaire.900;Costières de Nîmes
aire_parcellaire.901;Bordeaux,Bordeaux supérieur,Crémant de Bordeaux,Entre-deux-Mers
aire_parcellaire.902;Ventoux
aire_parcellaire.903;Coteaux varois en Provence
aire_parcellaire.904;Alsace,Alsace suivi d'un nom de lieu-dit,Crémant d’Alsace
aire_parcellaire.905;Bordeaux,Bordeaux supérieur,Crémant de Bordeaux,Côtes de Bordeaux-Saint-Macaire
aire_parcellaire.906;Ventoux
aire_parcellaire.907;Ajaccio,Vin de Corse ou Corse
aire_parcellaire.908;Bordeaux,Bordeaux supérieur,Crémant de Bordeaux,Entre-deux-Mers
aire_parcellaire.909;Bordeaux,Bordeaux supérieur,Crémant de Bordeaux,Graves de Vayres
aire_parcellaire.910;Côtes du Marmandais
aire_parcellaire.911;Costières de Nîmes
aire_parcellaire.912;Bordeaux,Bordeaux supérieur,Crémant de Bordeaux,Haut-Médoc,Médoc
aire_parcellaire.913;Côtes du Rhône,Côtes du Rhône Villages,Côtes du Rhône Villages Valréas
aire_parcellaire.914;Bourgogne,Bourgogne Passe-tout-grains,Bourgogne aligoté,Bourgogne mousseux,Coteaux Bourguignons ou Bourgogne grand ordinaire ou Bourgogne ordinaire,Crémant de Bourgogne,Mâcon,Mâcon Azé,Mâcon Villages
aire_parcellaire.915;Coteaux d'Aix-en-Provence
aire_parcellaire.916;Bergerac,Côtes de Bergerac
aire_parcellaire.917;Blaye,Bordeaux,Bordeaux supérieur,Crémant de Bordeaux,Côtes de Blaye,Côtes de Bordeaux,Côtes de Bordeaux Blaye
aire_parcellaire.918;Bordeaux,Bordeaux supérieur,Crémant de Bordeaux
aire_parcellaire.919;Côtes du Marmandais
aire_parcellaire.920;Corbières,Languedoc
aire_parcellaire.921;Côtes du Rhône
aire_parcellaire.922;Vin de Corse Sartène ou Corse Sartène,Vin de Corse ou Corse
aire_parcellaire.923;Bordeaux,Bordeaux supérieur,Crémant de Bordeaux,Côtes de Bordeaux,Côtes de Bordeaux Cadillac,Loupiac,Premières Côtes de Bordeaux
aire_parcellaire.924;Coteaux d'Aix-en-Provence
aire_parcellaire.925;Bordeaux,Bordeaux Haut-Benauge,Bordeaux supérieur,Crémant de Bordeaux,Entre-deux-Mers,Entre-deux-Mers Haut-Benauge
aire_parcellaire.926;Grignan-les-Adhémar
aire_parcellaire.927;Bordeaux,Bordeaux supérieur,Crémant de Bordeaux,Côtes de Bordeaux-Saint-Macaire
aire_parcellaire.928;Bordeaux,Bordeaux supérieur,Canon Fronsac,Crémant de Bordeaux,Fronsac
aire_parcellaire.929;Bandol
aire_parcellaire.930;Côtes de Duras
aire_parcellaire.931;Muscat de Frontignan ou Frontignan ou Vin de Frontignan
aire_parcellaire.932;Ajaccio,Vin de Corse ou Corse
aire_parcellaire.933;Grignan-les-Adhémar
aire_parcellaire.934;Buzet
aire_parcellaire.935;Costières de Nîmes
aire_parcellaire.936;Bordeaux,Bordeaux supérieur,Crémant de Bordeaux,Puisseguin-Saint-Emilion
aire_parcellaire.937;Bordeaux,Bordeaux supérieur,Crémant de Bordeaux
aire_parcellaire.938;Bergerac,Côtes de Bergerac,Saussignac
aire_parcellaire.939;Côtes du Roussillon,Côtes du Roussillon Villages,Grand Roussillon,Languedoc,Muscat de Rivesaltes,Rivesaltes
aire_parcellaire.940;Bordeaux,Bordeaux supérieur,Crémant de Bordeaux
aire_parcellaire.941;Bordeaux,Bordeaux supérieur,Crémant de Bordeaux,Entre-deux-Mers
aire_parcellaire.942;Buzet
aire_parcellaire.943;Fronton
aire_parcellaire.944;Clairette de Bellegarde,Costières de Nîmes
aire_parcellaire.945;Crémant du Jura,Côtes du Jura,Macvin du Jura
aire_parcellaire.946;Côtes de Provence
aire_parcellaire.947;Vin de Corse Sartène ou Corse Sartène,Vin de Corse ou Corse
aire_parcellaire.948;Côtes de Duras
aire_parcellaire.949;Côtes de Provence
aire_parcellaire.950;Beaujolais,Beaujolais Le Perréon,Beaujolais Villages,Crémant de Bourgogne
aire_parcellaire.951;Bordeaux,Bordeaux supérieur,Crémant de Bordeaux,Entre-deux-Mers
aire_parcellaire.952;Luberon
aire_parcellaire.953;Côtes du Roussillon,Grand Roussillon,Languedoc,Muscat de Rivesaltes,Rivesaltes
aire_parcellaire.954;Bordeaux,Bordeaux supérieur,Crémant de Bordeaux,Entre-deux-Mers
aire_parcellaire.955;Bordeaux,Bordeaux supérieur,Crémant de Bordeaux,Fronsac
aire_parcellaire.956;Corbières,Languedoc
aire_parcellaire.957;Bordeaux,Bordeaux supérieur,Crémant de Bordeaux
aire_parcellaire.958;Ajaccio,Vin de Corse ou Corse
aire_parcellaire.959;Côtes du Rhône
aire_parcellaire.960;Bordeaux,Bordeaux supérieur,Crémant de Bordeaux,Entre-deux-Mers
aire_parcellaire.961;Coteaux d'Aix-en-Provence
aire_parcellaire.962;Côtes du Roussillon,Grand Roussillon,Languedoc,Muscat de Rivesaltes,Rivesaltes
aire_parcellaire.963;Languedoc
aire_parcellaire.964;Bordeaux,Bordeaux supérieur,Crémant de Bordeaux
aire_parcellaire.965;Bordeaux,Bordeaux supérieur,Crémant de Bordeaux,Sauternes
aire_parcellaire.966;Bordeaux,Bordeaux supérieur,Crémant de Bordeaux,Entre-deux-Mers
aire_parcellaire.967;Côtes du Rhône
aire_parcellaire.968;Bandol
aire_parcellaire.969;Côtes du Marmandais
aire_parcellaire.970;Grignan-les-Adhémar
aire_parcellaire.971;Corbières,Languedoc
aire_parcellaire.972;Bergerac,Côtes de Bergerac
aire_parcellaire.973;Corbières,Languedoc
aire_parcellaire.974;Ajaccio,Vin de Corse ou Corse
aire_parcellaire.975;Bandol
aire_parcellaire.976;Bordeaux,Bordeaux supérieur,Crémant de Bordeaux,Entre-deux-Mers
aire_parcellaire.977;Bordeaux,Bordeaux supérieur,Crémant de Bordeaux
aire_parcellaire.978;Bordeaux,Bordeaux supérieur,Crémant de Bordeaux,Haut-Médoc,Médoc
aire_parcellaire.979;Bordeaux,Bordeaux supérieur,Crémant de Bordeaux
aire_parcellaire.980;Côtes de Duras
aire_parcellaire.981;Côtes de Provence
aire_parcellaire.982;Côtes du Rhône
aire_parcellaire.983;Corbières,Languedoc
aire_parcellaire.984;Vin de Corse Porto-Vecchio ou Corse Porto-Vecchio,Vin de Corse ou Corse
aire_parcellaire.985;Coteaux d'Aix-en-Provence
aire_parcellaire.986;Bordeaux,Bordeaux supérieur,Crémant de Bordeaux,Médoc
aire_parcellaire.987;Corbières,Languedoc
aire_parcellaire.988;Côtes de Provence
aire_parcellaire.989;Languedoc,Saint-Chinian
aire_parcellaire.990;Fronton
aire_parcellaire.991;Bordeaux,Bordeaux supérieur,Crémant de Bordeaux
aire_parcellaire.992;Côtes du Rhône
aire_parcellaire.993;Bordeaux,Bordeaux supérieur,Crémant de Bordeaux
aire_parcellaire.994;Bordeaux,Bordeaux supérieur,Crémant de Bordeaux
aire_parcellaire.995;Bordeaux,Bordeaux supérieur,Crémant de Bordeaux,Puisseguin-Saint-Emilion
aire_parcellaire.996;Bordeaux,Bordeaux supérieur,Crémant de Bordeaux,Entre-deux-Mers
aire_parcellaire.997;Bordeaux,Bordeaux supérieur,Crémant de Bordeaux
aire_parcellaire.998;Ajaccio,Vin de Corse ou Corse
aire_parcellaire.999;Fronton
aire_parcellaire.1000;Bordeaux,Bordeaux supérieur,Crémant de Bordeaux,Fronsac
aire_parcellaire.1001;Ajaccio,Vin de Corse ou Corse
aire_parcellaire.1002;Crozes-Hermitage ou Crozes-Ermitage,Côtes du Rhône
aire_parcellaire.1003;Bordeaux,Bordeaux supérieur,Crémant de Bordeaux,Graves,Graves supérieures
aire_parcellaire.1004;Côtes du Rhône
aire_parcellaire.1005;Côtes du Roussillon,Languedoc
aire_parcellaire.1006;Coteaux d'Aix-en-Provence
aire_parcellaire.1007;Côtes de Duras
aire_parcellaire.1008;Côtes de Provence
aire_parcellaire.1009;Gaillac
aire_parcellaire.1010;Côtes du Roussillon,Côtes du Roussillon Villages,Grand Roussillon,Languedoc,Muscat de Rivesaltes,Rivesaltes
aire_parcellaire.1011;Vin de Corse ou Corse
aire_parcellaire.1012;Côtes du Roussillon,Grand Roussillon,Languedoc,Muscat de Rivesaltes,Rivesaltes
aire_parcellaire.1013;Bordeaux,Bordeaux supérieur,Crémant de Bordeaux,Graves,Graves supérieures
aire_parcellaire.1014;Bergerac,Côtes de Bergerac,Saussignac
aire_parcellaire.1015;Chinon,Crémant de Loire,Rosé de Loire,Touraine
aire_parcellaire.1016;Côtes du Rhône
aire_parcellaire.1017;Costières de Nîmes
aire_parcellaire.1018;Ajaccio,Vin de Corse ou Corse
aire_parcellaire.1019;Brulhois
aire_parcellaire.1020;Grignan-les-Adhémar
aire_parcellaire.1021;Bordeaux,Bordeaux supérieur,Crémant de Bordeaux,Entre-deux-Mers
aire_parcellaire.1022;Bordeaux,Bordeaux supérieur,Crémant de Bordeaux,Entre-deux-Mers
aire_parcellaire.1023;Bordeaux,Bordeaux supérieur,Crémant de Bordeaux
aire_parcellaire.1024;Bordeaux,Bordeaux supérieur,Crémant de Bordeaux,Entre-deux-Mers
aire_parcellaire.1025;Ajaccio,Vin de Corse ou Corse
aire_parcellaire.1026;Bordeaux,Bordeaux supérieur,Crémant de Bordeaux
aire_parcellaire.1027;Grignan-les-Adhémar
aire_parcellaire.1028;Côtes du Roussillon,Côtes du Roussillon Villages,Languedoc
aire_parcellaire.1029;Côtes du Rhône,Côtes du Rhône Villages,Côtes du Rhône Villages Séguret
aire_parcellaire.1030;Corbières,Languedoc
aire_parcellaire.1031;Bordeaux,Bordeaux supérieur,Crémant de Bordeaux,Entre-deux-Mers
aire_parcellaire.1032;Ajaccio,Vin de Corse ou Corse
aire_parcellaire.1033;Coteaux varois en Provence
aire_parcellaire.1034;Buzet
aire_parcellaire.1035;Grignan-les-Adhémar
aire_parcellaire.1036;Bordeaux,Bordeaux supérieur,Crémant de Bordeaux,Sauternes
aire_parcellaire.1037;Bordeaux,Bordeaux supérieur,Crémant de Bordeaux,Entre-deux-Mers
aire_parcellaire.1038;Languedoc,Saint-Chinian
aire_parcellaire.1039;Fronton
aire_parcellaire.1040;Coteaux d'Aix-en-Provence
aire_parcellaire.1041;Bordeaux,Bordeaux supérieur,Crémant de Bordeaux,Entre-deux-Mers
aire_parcellaire.1042;Clairette de Die,Coteaux de Die,Crémant de Die
aire_parcellaire.1043;Bordeaux,Bordeaux supérieur,Crémant de Bordeaux,Entre-deux-Mers
aire_parcellaire.1044;Ventoux
aire_parcellaire.1045;Côtes du Roussillon,Côtes du Roussillon Villages,Grand Roussillon,Languedoc,Maury,Muscat de Rivesaltes,Rivesaltes
aire_parcellaire.1046;Ventoux
aire_parcellaire.1047;Clairette de Die,Coteaux de Die,Crémant de Die
aire_parcellaire.1048;Clairette de Die,Coteaux de Die,Crémant de Die
aire_parcellaire.1049;Bordeaux,Bordeaux supérieur,Crémant de Bordeaux,Entre-deux-Mers
aire_parcellaire.1050;Côtes de Provence
aire_parcellaire.1051;Bordeaux,Bordeaux supérieur,Crémant de Bordeaux,Entre-deux-Mers
aire_parcellaire.1052;Côtes du Rhône,Côtes du Rhône Villages,Côtes du Rhône Villages Valréas
aire_parcellaire.1053;Ventoux
aire_parcellaire.1054;Chablis,Crémant de Bourgogne,Petit Chablis
aire_parcellaire.1055;Bordeaux,Bordeaux supérieur,Crémant de Bordeaux,Haut-Médoc,Médoc
aire_parcellaire.1056;Bordeaux,Bordeaux supérieur,Crémant de Bordeaux
aire_parcellaire.1057;Bandol
aire_parcellaire.1058;Bordeaux,Bordeaux supérieur,Crémant de Bordeaux
aire_parcellaire.1059;Bordeaux,Bordeaux supérieur,Crémant de Bordeaux
aire_parcellaire.1060;Bordeaux,Bordeaux supérieur,Crémant de Bordeaux
aire_parcellaire.1061;Ventoux
aire_parcellaire.1062;Fronton
aire_parcellaire.1063;Ventoux
aire_parcellaire.1064;Corbières,Languedoc
aire_parcellaire.1065;Luberon
aire_parcellaire.1066;Coteaux varois en Provence
aire_parcellaire.1067;Fronton
aire_parcellaire.1068;Cahors
aire_parcellaire.1069;Languedoc,Minervois
aire_parcellaire.1070;Côtes du Rhône,Côtes du Rhône Villages,Côtes du Rhône Villages Séguret
aire_parcellaire.1071;Coteaux d'Aix-en-Provence,Les Baux de Provence
aire_parcellaire.1072;Muscat du Cap Corse,Vin de Corse Coteaux du Cap Corse ou Corse Coteaux du Cap Corse,Vin de Corse ou Corse
aire_parcellaire.1073;Coteaux d'Aix-en-Provence
aire_parcellaire.1074;Bergerac,Côtes de Bergerac,Côtes de Montravel,Haut-Montravel,Montravel
aire_parcellaire.1075;Arbois,Crémant du Jura,Côtes du Jura,Macvin du Jura
aire_parcellaire.1076;Palette
aire_parcellaire.1077;Buzet
aire_parcellaire.1078;Côtes de Provence
aire_parcellaire.1079;Faugères,Languedoc
aire_parcellaire.1080;Chablis,Chablis premier cru,Crémant de Bourgogne,Petit Chablis
aire_parcellaire.1081;Bordeaux,Bordeaux supérieur,Crémant de Bordeaux,Côtes de Bordeaux,Côtes de Bordeaux Cadillac,Premières Côtes de Bordeaux
aire_parcellaire.1082;Côtes du Roussillon,Côtes du Roussillon Villages,Grand Roussillon,Languedoc,Muscat de Rivesaltes,Rivesaltes
aire_parcellaire.1083;Bordeaux,Bordeaux supérieur,Crémant de Bordeaux,Côtes de Bordeaux,Côtes de Bordeaux Francs
aire_parcellaire.1084;Vin de Corse Sartène ou Corse Sartène,Vin de Corse ou Corse
aire_parcellaire.1085;Bordeaux,Bordeaux supérieur,Crémant de Bordeaux,Médoc
aire_parcellaire.1086;Bordeaux,Bordeaux supérieur,Crémant de Bordeaux,Entre-deux-Mers
aire_parcellaire.1087;Blaye,Bordeaux,Bordeaux supérieur,Crémant de Bordeaux,Côtes de Blaye,Côtes de Bordeaux,Côtes de Bordeaux Blaye
aire_parcellaire.1088;Coteaux d'Aix-en-Provence
aire_parcellaire.1089;Côtes de Provence
aire_parcellaire.1090;Bordeaux,Bordeaux supérieur,Crémant de Bordeaux
aire_parcellaire.1091;Clairette du Languedoc,Clairette du Languedoc Cabrières
aire_parcellaire.1092;Crémant du Jura,Côtes du Jura,Macvin du Jura
aire_parcellaire.1093;Corbières,Languedoc
aire_parcellaire.1094;Côtes de Provence
aire_parcellaire.1095;Bordeaux,Bordeaux supérieur,Crémant de Bordeaux
aire_parcellaire.1096;Côtes du Roussillon,Grand Roussillon,Languedoc,Muscat de Rivesaltes,Rivesaltes
aire_parcellaire.1097;Ventoux
aire_parcellaire.1098;Bordeaux,Bordeaux supérieur,Crémant de Bordeaux,Entre-deux-Mers
aire_parcellaire.1099;Côtes du Rhône
aire_parcellaire.1100;Bordeaux,Bordeaux supérieur,Crémant de Bordeaux
aire_parcellaire.1101;Bordeaux,Bordeaux supérieur,Crémant de Bordeaux,Côtes de Bordeaux,Côtes de Bordeaux Castillon
aire_parcellaire.1102;Bordeaux,Bordeaux supérieur,Crémant de Bordeaux,Entre-deux-Mers
aire_parcellaire.1103;Crémant de Limoux,Limoux
aire_parcellaire.1104;Bordeaux,Bordeaux supérieur,Crémant de Bordeaux,Sauternes
aire_parcellaire.1105;Vin de Corse Sartène ou Corse Sartène,Vin de Corse ou Corse
aire_parcellaire.1106;Coteaux d'Aix-en-Provence
aire_parcellaire.1107;Languedoc
aire_parcellaire.1108;Costières de Nîmes
aire_parcellaire.1109;Blaye,Bordeaux,Bordeaux supérieur,Crémant de Bordeaux,Côtes de Blaye,Côtes de Bordeaux,Côtes de Bordeaux Blaye
aire_parcellaire.1110;Bergerac,Côtes de Bergerac
aire_parcellaire.1111;Côtes du Roussillon,Côtes du Roussillon Villages,Grand Roussillon,Languedoc,Maury,Muscat de Rivesaltes,Rivesaltes
aire_parcellaire.1112;Côtes du Rhône,Côtes du Rhône Villages
aire_parcellaire.1113;Bordeaux,Bordeaux supérieur,Crémant de Bordeaux,Côtes de Bourg, Bourg et Bourgeais
aire_parcellaire.1114;Bordeaux,Bordeaux supérieur,Crémant de Bordeaux,Médoc
aire_parcellaire.1115;Corbières,Languedoc
aire_parcellaire.1116;Bergerac,Côtes de Bergerac
aire_parcellaire.1117;Bordeaux,Bordeaux supérieur,Crémant de Bordeaux,Entre-deux-Mers
aire_parcellaire.1118;Corbières,Languedoc
aire_parcellaire.1119;Vin de Corse Sartène ou Corse Sartène,Vin de Corse ou Corse
aire_parcellaire.1120;Fronton
aire_parcellaire.1121;Coteaux d'Aix-en-Provence
aire_parcellaire.1122;Crozes-Hermitage ou Crozes-Ermitage,Côtes du Rhône
aire_parcellaire.1123;Vin de Corse ou Corse
aire_parcellaire.1124;Bordeaux,Bordeaux supérieur,Crémant de Bordeaux,Côtes de Bordeaux,Côtes de Bordeaux Francs
aire_parcellaire.1125;Chablis,Crémant de Bourgogne,Petit Chablis
aire_parcellaire.1126;Ajaccio,Vin de Corse ou Corse
aire_parcellaire.1127;Ajaccio,Vin de Corse ou Corse
aire_parcellaire.1128;Coteaux d'Aix-en-Provence
aire_parcellaire.1129;Chablis,Crémant de Bourgogne,Petit Chablis
aire_parcellaire.1130;Bordeaux,Bordeaux supérieur,Crémant de Bordeaux
aire_parcellaire.1131;Bordeaux,Bordeaux supérieur,Crémant de Bordeaux,Haut-Médoc,Médoc
aire_parcellaire.1132;Côtes du Marmandais
aire_parcellaire.1133;Bandol
aire_parcellaire.1134;Grand Roussillon,Muscat de Rivesaltes,Rivesaltes
aire_parcellaire.1135;Châtillon-en-Diois,Clairette de Die,Coteaux de Die,Crémant de Die
aire_parcellaire.1136;Côtes de Provence
aire_parcellaire.1137;Bergerac,Côtes de Bergerac
aire_parcellaire.1138;Bordeaux,Bordeaux supérieur,Crémant de Bordeaux,Entre-deux-Mers
aire_parcellaire.1139;Corbières,Fitou,Grand Roussillon,Languedoc,Muscat de Rivesaltes,Rivesaltes
aire_parcellaire.1140;Côtes du Rhône
aire_parcellaire.1141;Bordeaux,Bordeaux supérieur,Crémant de Bordeaux,Côtes de Bordeaux,Côtes de Bordeaux Cadillac,Premières Côtes de Bordeaux
aire_parcellaire.1142;Vin de Corse Sartène ou Corse Sartène,Vin de Corse ou Corse
aire_parcellaire.1143;Coteaux d'Aix-en-Provence
aire_parcellaire.1144;Bordeaux,Bordeaux supérieur,Crémant de Bordeaux,Côtes de Bordeaux,Côtes de Bordeaux Cadillac,Premières Côtes de Bordeaux
aire_parcellaire.1145;Côtes du Roussillon,Côtes du Roussillon Villages,Languedoc
aire_parcellaire.1146;Corbières,Languedoc
aire_parcellaire.1147;Côtes de Provence
aire_parcellaire.1148;Ajaccio,Vin de Corse ou Corse
aire_parcellaire.1149;Alsace,Alsace suivi d'un nom de lieu-dit,Crémant d’Alsace
aire_parcellaire.1150;Corbières,Languedoc
aire_parcellaire.1151;Grignan-les-Adhémar
aire_parcellaire.1152;Bergerac,Côtes de Bergerac,Côtes de Montravel,Haut-Montravel,Montravel
aire_parcellaire.1153;Corbières,Languedoc
aire_parcellaire.1154;Bordeaux,Bordeaux supérieur,Crémant de Bordeaux
aire_parcellaire.1155;Palette
aire_parcellaire.1156;Bordeaux,Bordeaux supérieur,Crémant de Bordeaux,Lussac-Saint-Emilion
aire_parcellaire.1157;Bordeaux,Bordeaux supérieur,Crémant de Bordeaux,Entre-deux-Mers
aire_parcellaire.1158;Côtes du Vivarais
aire_parcellaire.1159;Grignan-les-Adhémar
aire_parcellaire.1160;Fronton
aire_parcellaire.1161;Bordeaux,Bordeaux supérieur,Crémant de Bordeaux,Côtes de Bordeaux,Côtes de Bordeaux Cadillac,Premières Côtes de Bordeaux
aire_parcellaire.1162;Côtes du Rhône
aire_parcellaire.1163;Ajaccio,Vin de Corse ou Corse
aire_parcellaire.1164;Fronton
aire_parcellaire.1165;Vin de Corse Porto-Vecchio ou Corse Porto-Vecchio,Vin de Corse ou Corse
aire_parcellaire.1166;Costières de Nîmes
aire_parcellaire.1167;Côtes de Provence
aire_parcellaire.1168;Alsace,Alsace suivi d'un nom de lieu-dit,Crémant d’Alsace
aire_parcellaire.1169;Côtes de Provence
aire_parcellaire.1170;Bordeaux,Bordeaux supérieur,Crémant de Bordeaux,Entre-deux-Mers
aire_parcellaire.1171;Bordeaux,Bordeaux supérieur,Crémant de Bordeaux,Entre-deux-Mers
aire_parcellaire.1172;Côtes du Roussillon,Côtes du Roussillon Villages,Grand Roussillon,Languedoc,Muscat de Rivesaltes,Rivesaltes
aire_parcellaire.1173;Costières de Nîmes
aire_parcellaire.1174;Fronton
aire_parcellaire.1175;Coteaux d'Aix-en-Provence
aire_parcellaire.1176;Gaillac
aire_parcellaire.1177;Costières de Nîmes
aire_parcellaire.1178;Côtes du Roussillon,Côtes du Roussillon Villages,Grand Roussillon,Languedoc,Muscat de Rivesaltes,Rivesaltes
aire_parcellaire.1179;Buzet
aire_parcellaire.1180;Côtes du Rhône
aire_parcellaire.1181;Côtes du Rhône
aire_parcellaire.1182;Cabardès
aire_parcellaire.1183;Côtes du Roussillon,Côtes du Roussillon Villages,Grand Roussillon,Languedoc,Maury,Muscat de Rivesaltes,Rivesaltes
aire_parcellaire.1184;Costières de Nîmes
aire_parcellaire.1185;Languedoc,Minervois
aire_parcellaire.1186;Coteaux d'Aix-en-Provence
aire_parcellaire.1187;Bordeaux,Bordeaux supérieur,Crémant de Bordeaux,Entre-deux-Mers
aire_parcellaire.1188;Côtes de Provence,Côtes de Provence Sainte-Victoire
aire_parcellaire.1189;Bordeaux,Bordeaux supérieur,Crémant de Bordeaux,Entre-deux-Mers
aire_parcellaire.1190;Bordeaux,Bordeaux supérieur,Crémant de Bordeaux
aire_parcellaire.1191;Bordeaux,Bordeaux supérieur,Crémant de Bordeaux
aire_parcellaire.1192;Buzet
aire_parcellaire.1193;Vin de Corse Sartène ou Corse Sartène,Vin de Corse ou Corse
aire_parcellaire.1194;Bordeaux,Bordeaux supérieur,Crémant de Bordeaux
aire_parcellaire.1195;Costières de Nîmes
aire_parcellaire.1196;Bordeaux,Bordeaux supérieur,Crémant de Bordeaux,Graves de Vayres
aire_parcellaire.1197;Ajaccio,Vin de Corse ou Corse
aire_parcellaire.1198;Côtes du Rhône
aire_parcellaire.1199;Ajaccio,Vin de Corse ou Corse
aire_parcellaire.1200;Bordeaux,Bordeaux supérieur,Crémant de Bordeaux,Haut-Médoc,Margaux,Médoc
aire_parcellaire.1201;Ventoux
aire_parcellaire.1202;Quincy
aire_parcellaire.1203;Côtes du Rhône
aire_parcellaire.1204;Côtes de Provence
aire_parcellaire.1205;Ventoux
aire_parcellaire.1206;Bordeaux,Bordeaux supérieur,Crémant de Bordeaux,Graves,Graves supérieures
aire_parcellaire.1207;Coteaux d'Aix-en-Provence
aire_parcellaire.1208;Blaye,Bordeaux,Bordeaux supérieur,Crémant de Bordeaux,Côtes de Blaye,Côtes de Bordeaux,Côtes de Bordeaux Blaye
aire_parcellaire.1209;Côtes de Provence
aire_parcellaire.1210;Bordeaux,Bordeaux supérieur,Crémant de Bordeaux
aire_parcellaire.1211;Bordeaux,Bordeaux supérieur,Crémant de Bordeaux,Côtes de Bordeaux-Saint-Macaire
aire_parcellaire.1212;Bordeaux,Bordeaux supérieur,Crémant de Bordeaux,Entre-deux-Mers
aire_parcellaire.1213;Bordeaux,Bordeaux supérieur,Crémant de Bordeaux,Fronsac
aire_parcellaire.1214;Bordeaux,Bordeaux supérieur,Crémant de Bordeaux
aire_parcellaire.1215;Côtes du Marmandais
aire_parcellaire.1216;Bordeaux,Bordeaux supérieur,Crémant de Bordeaux
aire_parcellaire.1217;Languedoc,Pic Saint-Loup
aire_parcellaire.1218;Languedoc
aire_parcellaire.1219;Chablis,Crémant de Bourgogne,Petit Chablis
aire_parcellaire.1220;Ajaccio,Vin de Corse ou Corse
aire_parcellaire.1221;Côtes de Duras
aire_parcellaire.1222;Ventoux
aire_parcellaire.1223;Beaujolais,Crémant de Bourgogne
aire_parcellaire.1224;Grignan-les-Adhémar
aire_parcellaire.1225;Vin de Corse ou Corse
aire_parcellaire.1226;Bordeaux,Bordeaux supérieur,Crémant de Bordeaux,Graves,Graves supérieures
aire_parcellaire.1227;Coteaux d'Aix-en-Provence,Les Baux de Provence
aire_parcellaire.1228;Ventoux
aire_parcellaire.1229;Côtes du Roussillon,Côtes du Roussillon Villages,Grand Roussillon,Languedoc,Muscat de Rivesaltes,Rivesaltes
aire_parcellaire.1230;Corbières,Languedoc
aire_parcellaire.1231;Bordeaux,Bordeaux supérieur,Crémant de Bordeaux
aire_parcellaire.1232;Bordeaux,Bordeaux supérieur,Crémant de Bordeaux,Entre-deux-Mers
aire_parcellaire.1233;Luberon
aire_parcellaire.1234;Bordeaux,Bordeaux supérieur,Crémant de Bordeaux
aire_parcellaire.1235;Corbières,Languedoc
aire_parcellaire.1236;Bordeaux,Bordeaux supérieur,Crémant de Bordeaux
aire_parcellaire.1237;Corbières,Languedoc
aire_parcellaire.1238;Corbières,Languedoc
aire_parcellaire.1239;Côtes du Roussillon,Côtes du Roussillon Villages,Grand Roussillon,Languedoc,Muscat de Rivesaltes,Rivesaltes
aire_parcellaire.1240;Beaujolais,Beaujolais Odenas,Beaujolais Villages,Brouilly,Crémant de Bourgogne
aire_parcellaire.1241;Bordeaux,Bordeaux supérieur,Crémant de Bordeaux,Entre-deux-Mers
aire_parcellaire.1242;Côtes du Rhône,Côtes du Rhône Villages,Rasteau Vin Doux Naturel
aire_parcellaire.1243;Corbières,Languedoc
aire_parcellaire.1244;Côtes du Roussillon,Languedoc
aire_parcellaire.1245;Blaye,Bordeaux,Bordeaux supérieur,Crémant de Bordeaux,Côtes de Blaye,Côtes de Bordeaux,Côtes de Bordeaux Blaye
aire_parcellaire.1246;Crémant du Jura,Côtes du Jura,Macvin du Jura
aire_parcellaire.1247;Bordeaux,Bordeaux supérieur,Crémant de Bordeaux,Entre-deux-Mers
aire_parcellaire.1248;Bergerac,Côtes de Bergerac
aire_parcellaire.1249;Bordeaux,Bordeaux supérieur,Crémant de Bordeaux,Entre-deux-Mers
aire_parcellaire.1250;Blaye,Bordeaux,Bordeaux supérieur,Crémant de Bordeaux,Côtes de Blaye,Côtes de Bordeaux,Côtes de Bordeaux Blaye
aire_parcellaire.1251;Côtes de Provence
aire_parcellaire.1252;Vin de Corse ou Corse
aire_parcellaire.1253;Vin de Corse ou Corse
aire_parcellaire.1254;Côtes du Rhône
aire_parcellaire.1255;Costières de Nîmes
aire_parcellaire.1256;Grignan-les-Adhémar
aire_parcellaire.1257;Côtes de Provence
aire_parcellaire.1258;Buzet
aire_parcellaire.1259;Bordeaux,Bordeaux supérieur,Crémant de Bordeaux,Haut-Médoc,Margaux,Médoc
aire_parcellaire.1260;Bergerac,Côtes de Bergerac,Côtes de Montravel,Haut-Montravel,Montravel
aire_parcellaire.1261;Bordeaux,Bordeaux supérieur,Crémant de Bordeaux,Graves,Graves supérieures,Pessac-Léognan
aire_parcellaire.1262;Fronton
aire_parcellaire.1263;Ventoux
aire_parcellaire.1264;Bordeaux,Bordeaux supérieur,Crémant de Bordeaux,Côtes de Bordeaux,Côtes de Bordeaux Francs
aire_parcellaire.1265;Bordeaux,Bordeaux supérieur,Crémant de Bordeaux,Côtes de Bordeaux,Côtes de Bordeaux Cadillac,Premières Côtes de Bordeaux
aire_parcellaire.1266;Luberon
aire_parcellaire.1267;Bordeaux,Bordeaux supérieur,Crémant de Bordeaux,Entre-deux-Mers
aire_parcellaire.1268;Ventoux
aire_parcellaire.1269;Languedoc,Saint-Chinian
aire_parcellaire.1270;Grignan-les-Adhémar
aire_parcellaire.1271;Côtes de Provence
aire_parcellaire.1272;Coteaux d'Aix-en-Provence
aire_parcellaire.1273;Côtes du Rhône,Côtes du Rhône Villages,Côtes du Rhône Villages Saint-Pantaléon-les-Vignes
aire_parcellaire.1274;Côtes du Roussillon,Côtes du Roussillon Villages,Grand Roussillon,Languedoc,Muscat de Rivesaltes,Rivesaltes
aire_parcellaire.1275;Bordeaux,Bordeaux supérieur,Crémant de Bordeaux
aire_parcellaire.1276;Banyuls,Banyuls grand cru,Collioure,Grand Roussillon,Languedoc,Muscat de Rivesaltes
aire_parcellaire.1277;Côtes du Rhône
aire_parcellaire.1278;Côtes du Roussillon,Côtes du Roussillon Villages,Grand Roussillon,Languedoc,Muscat de Rivesaltes,Rivesaltes
aire_parcellaire.1279;Fronton
aire_parcellaire.1280;Côtes du Roussillon,Grand Roussillon,Languedoc,Muscat de Rivesaltes,Rivesaltes
aire_parcellaire.1281;Grignan-les-Adhémar
aire_parcellaire.1282;Coteaux d'Aix-en-Provence
aire_parcellaire.1283;Gaillac
aire_parcellaire.1284;Buzet
aire_parcellaire.1285;Coteaux d'Aix-en-Provence
aire_parcellaire.1286;Faugères,Languedoc
aire_parcellaire.1287;Côtes du Roussillon,Côtes du Roussillon Villages,Languedoc
aire_parcellaire.1288;Fronton
aire_parcellaire.1289;Ventoux
aire_parcellaire.1290;Côtes de Provence,Côtes de Provence Sainte-Victoire
aire_parcellaire.1291;Fronton
aire_parcellaire.1292;Vin de Corse ou Corse
aire_parcellaire.1293;Fronton
aire_parcellaire.1294;Clairette du Languedoc,Clairette du Languedoc Cabrières
aire_parcellaire.1295;Bordeaux,Bordeaux supérieur,Crémant de Bordeaux,Entre-deux-Mers
aire_parcellaire.1296;Fronton
aire_parcellaire.1297;Bordeaux,Bordeaux supérieur,Crémant de Bordeaux,Entre-deux-Mers
aire_parcellaire.1298;Fronton
aire_parcellaire.1299;Bordeaux,Bordeaux supérieur,Crémant de Bordeaux,Haut-Médoc,Médoc
aire_parcellaire.1300;Ventoux
aire_parcellaire.1301;Ventoux
aire_parcellaire.1302;Vin de Corse Sartène ou Corse Sartène,Vin de Corse ou Corse
aire_parcellaire.1303;Alsace,Alsace suivi d'un nom de lieu-dit,Crémant d’Alsace
aire_parcellaire.1304;Coteaux d'Aix-en-Provence
aire_parcellaire.1305;Coteaux d'Aix-en-Provence
aire_parcellaire.1306;Vin de Corse Porto-Vecchio ou Corse Porto-Vecchio,Vin de Corse ou Corse
aire_parcellaire.1307;Côtes du Roussillon,Languedoc
aire_parcellaire.1308;Côtes du Rhône,Côtes du Rhône Villages,Côtes du Rhône Villages Sablet
aire_parcellaire.1309;Côtes du Rhône
aire_parcellaire.1310;Costières de Nîmes
aire_parcellaire.1311;Côtes du Marmandais
aire_parcellaire.1312;Côtes du Roussillon,Côtes du Roussillon Villages,Grand Roussillon,Languedoc,Muscat de Rivesaltes,Rivesaltes
aire_parcellaire.1313;Entraygues - Le Fel
aire_parcellaire.1314;Alsace,Alsace suivi d'un nom de lieu-dit,Crémant d’Alsace
aire_parcellaire.1315;Côtes du Rhône,Côtes du Rhône Villages,Côtes du Rhône Villages Séguret
aire_parcellaire.1316;Côtes de Duras
aire_parcellaire.1317;Bordeaux,Bordeaux supérieur,Crémant de Bordeaux,Entre-deux-Mers
aire_parcellaire.1318;Fronton
aire_parcellaire.1319;Bordeaux,Bordeaux supérieur,Crémant de Bordeaux
aire_parcellaire.1320;Costières de Nîmes
aire_parcellaire.1321;Côtes du Marmandais
aire_parcellaire.1322;Côtes de Provence
aire_parcellaire.1323;Ajaccio,Vin de Corse ou Corse
aire_parcellaire.1324;Patrimonio
aire_parcellaire.1325;Bourgueil,Crémant de Loire,Rosé de Loire,Touraine
aire_parcellaire.1326;Vin de Corse Calvi ou Corse Calvi,Vin de Corse ou Corse
aire_parcellaire.1327;Luberon
aire_parcellaire.1328;Bordeaux,Bordeaux supérieur,Crémant de Bordeaux,Entre-deux-Mers
aire_parcellaire.1329;Corbières,Languedoc
aire_parcellaire.1330;Bordeaux,Bordeaux supérieur,Crémant de Bordeaux,Fronsac
aire_parcellaire.1331;Bordeaux,Bordeaux supérieur,Crémant de Bordeaux,Entre-deux-Mers
aire_parcellaire.1332;Grignan-les-Adhémar
aire_parcellaire.1333;Bordeaux,Bordeaux supérieur,Crémant de Bordeaux,Médoc
aire_parcellaire.1334;Côtes de Provence
aire_parcellaire.1335;Côtes de Provence
aire_parcellaire.1336;Bergerac,Côtes de Bergerac
aire_parcellaire.1337;Muscat du Cap Corse,Patrimonio
aire_parcellaire.1338;Bergerac,Côtes de Bergerac
aire_parcellaire.1339;Côtes du Roussillon,Côtes du Roussillon Villages,Grand Roussillon,Languedoc,Muscat de Rivesaltes,Rivesaltes
aire_parcellaire.1340;Chablis,Chablis premier cru,Crémant de Bourgogne,Petit Chablis
aire_parcellaire.1341;Banyuls,Banyuls grand cru,Collioure,Grand Roussillon,Languedoc,Muscat de Rivesaltes
aire_parcellaire.1342;Côtes de Duras
aire_parcellaire.1343;Languedoc,Minervois
aire_parcellaire.1344;Bergerac,Côtes de Bergerac
aire_parcellaire.1345;Languedoc,Saint-Chinian
aire_parcellaire.1346;Bandol
aire_parcellaire.1347;Buzet
aire_parcellaire.1348;Côtes du Roussillon,Côtes du Roussillon Villages,Grand Roussillon,Languedoc,Maury,Muscat de Rivesaltes,Rivesaltes
aire_parcellaire.1349;Côtes de Provence
aire_parcellaire.1350;Ajaccio,Vin de Corse ou Corse
aire_parcellaire.1351;Bergerac,Côtes de Bergerac
aire_parcellaire.1352;Bordeaux,Bordeaux supérieur,Crémant de Bordeaux,Fronsac
aire_parcellaire.1353;Corbières,Languedoc
aire_parcellaire.1354;Béarn,Madiran,Pacherenc du Vic-Bilh
aire_parcellaire.1355;Vin de Corse ou Corse
aire_parcellaire.1356;Côtes du Marmandais
aire_parcellaire.1357;Bordeaux,Bordeaux supérieur,Crémant de Bordeaux,Entre-deux-Mers
aire_parcellaire.1358;Bordeaux,Bordeaux supérieur,Crémant de Bordeaux
aire_parcellaire.1359;Coteaux d'Aix-en-Provence
aire_parcellaire.1360;Blaye,Bordeaux,Bordeaux supérieur,Crémant de Bordeaux,Côtes de Blaye,Côtes de Bordeaux,Côtes de Bordeaux Blaye
aire_parcellaire.1361;Côtes du Roussillon,Côtes du Roussillon Villages,Grand Roussillon,Languedoc,Muscat de Rivesaltes,Rivesaltes
aire_parcellaire.1362;Côtes du Rhône,Côtes du Rhône Villages,Côtes du Rhône Villages Rochegude
aire_parcellaire.1363;Vin de Corse Sartène ou Corse Sartène,Vin de Corse ou Corse
aire_parcellaire.1364;Clairette de Die,Coteaux de Die,Crémant de Die
aire_parcellaire.1365;Ajaccio,Vin de Corse ou Corse
aire_parcellaire.1366;Bordeaux,Bordeaux supérieur,Crémant de Bordeaux
aire_parcellaire.1367;Vin de Corse ou Corse
aire_parcellaire.1368;Ventoux
aire_parcellaire.1369;Coteaux d'Aix-en-Provence
aire_parcellaire.1370;Bordeaux,Bordeaux supérieur,Crémant de Bordeaux
aire_parcellaire.1371;Ajaccio,Vin de Corse ou Corse
aire_parcellaire.1372;Bordeaux,Bordeaux supérieur,Crémant de Bordeaux,Entre-deux-Mers
aire_parcellaire.1373;Corbières,Languedoc
aire_parcellaire.1374;Côtes du Rhône
aire_parcellaire.1375;Bordeaux,Bordeaux supérieur,Crémant de Bordeaux,Côtes de Bordeaux-Saint-Macaire
aire_parcellaire.1376;Coteaux d'Aix-en-Provence,Les Baux de Provence
aire_parcellaire.1377;Ventoux
aire_parcellaire.1378;Côtes du Roussillon,Grand Roussillon,Languedoc,Muscat de Rivesaltes,Rivesaltes
aire_parcellaire.1379;Alsace,Alsace suivi d'un nom de lieu-dit,Crémant d’Alsace
aire_parcellaire.1380;Fronton
aire_parcellaire.1381;Grignan-les-Adhémar
aire_parcellaire.1382;Côtes de Provence
aire_parcellaire.1383;Côtes de Duras
aire_parcellaire.1384;Blaye,Bordeaux,Bordeaux supérieur,Crémant de Bordeaux,Côtes de Blaye,Côtes de Bordeaux,Côtes de Bordeaux Blaye
aire_parcellaire.1385;Bandol
aire_parcellaire.1386;Bordeaux,Bordeaux supérieur,Crémant de Bordeaux
aire_parcellaire.1387;Côtes du Roussillon,Côtes du Roussillon Villages,Côtes du Roussillon Villages Tautavel,Grand Roussillon,Languedoc,Muscat de Rivesaltes,Rivesaltes
aire_parcellaire.1388;Grignan-les-Adhémar
aire_parcellaire.1389;Bordeaux,Bordeaux supérieur,Crémant de Bordeaux
aire_parcellaire.1390;Anjou
aire_parcellaire.1391;Côtes du Rhône,Côtes du Rhône Villages,Côtes du Rhône Villages Signargues
aire_parcellaire.1392;Bordeaux,Bordeaux supérieur,Crémant de Bordeaux,Haut-Médoc,Médoc,Saint-Estèphe
aire_parcellaire.1393;Côtes de Duras
aire_parcellaire.1394;Côtes du Rhône,Côtes du Rhône Villages,Côtes du Rhône Villages Laudun
aire_parcellaire.1395;Coteaux d'Aix-en-Provence
aire_parcellaire.1396;Fronton
aire_parcellaire.1397;Vin de Corse Calvi ou Corse Calvi,Vin de Corse ou Corse
aire_parcellaire.1398;Ajaccio,Vin de Corse ou Corse
aire_parcellaire.1399;Bordeaux,Bordeaux supérieur,Crémant de Bordeaux,Entre-deux-Mers
aire_parcellaire.1400;Côtes de Duras
aire_parcellaire.1401;Ventoux
aire_parcellaire.1402;Bergerac,Côtes de Bergerac,Pécharmant,Rosette
aire_parcellaire.1403;Côtes du Rhône,Lirac
aire_parcellaire.1404;Côtes de Provence
aire_parcellaire.1405;Bordeaux,Bordeaux supérieur,Crémant de Bordeaux,Entre-deux-Mers
aire_parcellaire.1406;Ventoux
aire_parcellaire.1407;Bergerac,Côtes de Bergerac
aire_parcellaire.1408;Côtes de Provence
aire_parcellaire.1409;Bordeaux,Bordeaux supérieur,Crémant de Bordeaux
aire_parcellaire.1410;Grignan-les-Adhémar
aire_parcellaire.1411;Luberon
aire_parcellaire.1412;Bandol
aire_parcellaire.1413;Côtes du Roussillon,Grand Roussillon,Languedoc,Muscat de Rivesaltes,Rivesaltes
aire_parcellaire.1414;Faugères,Languedoc
aire_parcellaire.1415;Languedoc
aire_parcellaire.1416;Languedoc,Saint-Chinian
aire_parcellaire.1417;Bordeaux,Bordeaux supérieur,Crémant de Bordeaux
aire_parcellaire.1418;Bordeaux,Bordeaux supérieur,Crémant de Bordeaux,Entre-deux-Mers
aire_parcellaire.1419;Côtes du Rhône
aire_parcellaire.1420;Corbières,Languedoc
aire_parcellaire.1421;Alsace,Alsace suivi d'un nom de lieu-dit,Crémant d’Alsace
aire_parcellaire.1422;Côtes du Marmandais
aire_parcellaire.1423;Côtes du Roussillon,Côtes du Roussillon Villages,Languedoc
aire_parcellaire.1424;Côtes du Roussillon,Côtes du Roussillon Villages,Grand Roussillon,Languedoc,Muscat de Rivesaltes,Rivesaltes
aire_parcellaire.1425;Grignan-les-Adhémar
aire_parcellaire.1426;Bordeaux,Bordeaux supérieur,Crémant de Bordeaux
aire_parcellaire.1427;Bordeaux,Bordeaux supérieur,Crémant de Bordeaux,Entre-deux-Mers
aire_parcellaire.1428;Bordeaux,Bordeaux supérieur,Crémant de Bordeaux,Médoc
aire_parcellaire.1429;Grignan-les-Adhémar
aire_parcellaire.1430;Côtes de Duras
aire_parcellaire.1431;Vin de Corse ou Corse,Vin de Corse ou Corse Figari
aire_parcellaire.1432;Coteaux d'Aix-en-Provence
aire_parcellaire.1433;Arbois,Arbois Pupillin,Crémant du Jura,Côtes du Jura,Macvin du Jura
aire_parcellaire.1434;Côtes du Rhône,Côtes du Rhône Villages,Côtes du Rhône Villages Valréas
aire_parcellaire.1435;Bordeaux,Bordeaux supérieur,Crémant de Bordeaux
aire_parcellaire.1436;Côtes du Rhône
aire_parcellaire.1437;Costières de Nîmes
aire_parcellaire.1438;Grignan-les-Adhémar
aire_parcellaire.1439;Bergerac,Côtes de Bergerac
aire_parcellaire.1440;Côtes de Provence
aire_parcellaire.1441;Bordeaux,Bordeaux supérieur,Crémant de Bordeaux,Entre-deux-Mers
aire_parcellaire.1442;Côtes du Rhône,Côtes du Rhône Villages,Côtes du Rhône Villages Valréas
aire_parcellaire.1443;Bordeaux,Bordeaux supérieur,Crémant de Bordeaux,Entre-deux-Mers
aire_parcellaire.1444;Côtes du Rhône,Côtes du Rhône Villages,Côtes du Rhône Villages Valréas
aire_parcellaire.1445;Languedoc,Minervois
aire_parcellaire.1446;Vin de Corse Porto-Vecchio ou Corse Porto-Vecchio,Vin de Corse ou Corse
aire_parcellaire.1447;Côtes du Rhône
aire_parcellaire.1448;Blaye,Bordeaux,Bordeaux supérieur,Crémant de Bordeaux,Côtes de Blaye,Côtes de Bordeaux,Côtes de Bordeaux Blaye
aire_parcellaire.1449;Vin de Corse ou Corse
aire_parcellaire.1450;Côtes du Rhône
aire_parcellaire.1451;Coteaux d'Aix-en-Provence
aire_parcellaire.1452;Côtes de Provence
aire_parcellaire.1453;Alsace,Alsace suivi d'un nom de lieu-dit,Crémant d’Alsace
aire_parcellaire.1454;Bergerac,Côtes de Bergerac
aire_parcellaire.1455;Bourgogne,Bourgogne Passe-tout-grains,Bourgogne aligoté,Bourgogne mousseux,Coteaux Bourguignons ou Bourgogne grand ordinaire ou Bourgogne ordinaire,Crémant de Bourgogne,Mâcon,Mâcon Azé,Mâcon Villages
aire_parcellaire.1456;Costières de Nîmes
aire_parcellaire.1457;Bordeaux,Bordeaux supérieur,Crémant de Bordeaux,Entre-deux-Mers
aire_parcellaire.1458;Corbières,Languedoc
aire_parcellaire.1459;Bordeaux,Bordeaux supérieur,Crémant de Bordeaux
aire_parcellaire.1460;Blaye,Bordeaux,Bordeaux supérieur,Crémant de Bordeaux,Côtes de Blaye,Côtes de Bordeaux,Côtes de Bordeaux Blaye
aire_parcellaire.1461;Vin de Corse Porto-Vecchio ou Corse Porto-Vecchio,Vin de Corse ou Corse
aire_parcellaire.1462;Bordeaux,Bordeaux supérieur,Crémant de Bordeaux,Côtes de Bordeaux,Côtes de Bordeaux Cadillac,Premières Côtes de Bordeaux
aire_parcellaire.1463;Bordeaux,Bordeaux supérieur,Crémant de Bordeaux,Entre-deux-Mers
aire_parcellaire.1464;Muscat du Cap Corse,Patrimonio
aire_parcellaire.1465;Bordeaux,Bordeaux supérieur,Crémant de Bordeaux
aire_parcellaire.1466;Corbières,Languedoc
aire_parcellaire.1467;Bordeaux,Bordeaux supérieur,Crémant de Bordeaux,Médoc
aire_parcellaire.1468;Côtes du Rhône
aire_parcellaire.1469;Ventoux
aire_parcellaire.1470;Corbières,Languedoc
aire_parcellaire.1471;Bordeaux,Bordeaux supérieur,Crémant de Bordeaux,Entre-deux-Mers
aire_parcellaire.1472;Muscat du Cap Corse,Vin de Corse Coteaux du Cap Corse ou Corse Coteaux du Cap Corse,Vin de Corse ou Corse
aire_parcellaire.1473;Côtes du Rhône
aire_parcellaire.1474;Côtes de Provence
aire_parcellaire.1475;Grignan-les-Adhémar
aire_parcellaire.1476;Bordeaux,Bordeaux supérieur,Crémant de Bordeaux,Graves,Graves supérieures,Pessac-Léognan
aire_parcellaire.1477;Côtes du Roussillon,Côtes du Roussillon Villages,Grand Roussillon,Languedoc,Muscat de Rivesaltes,Rivesaltes
aire_parcellaire.1478;Bordeaux,Bordeaux supérieur,Crémant de Bordeaux,Entre-deux-Mers
aire_parcellaire.1479;Bordeaux,Bordeaux supérieur,Crémant de Bordeaux
aire_parcellaire.1480;Brulhois
aire_parcellaire.1481;Bordeaux,Bordeaux supérieur,Crémant de Bordeaux,Entre-deux-Mers
aire_parcellaire.1482;Côtes du Roussillon,Côtes du Roussillon Villages,Grand Roussillon,Languedoc,Muscat de Rivesaltes,Rivesaltes
aire_parcellaire.1483;Vin de Corse ou Corse,Vin de Corse ou Corse Figari
aire_parcellaire.1484;Luberon
aire_parcellaire.1485;Ajaccio,Vin de Corse ou Corse
aire_parcellaire.1486;Coteaux d'Aix-en-Provence
aire_parcellaire.1487;Vin de Corse ou Corse
aire_parcellaire.1488;Languedoc,Languedoc Quatourze
aire_parcellaire.1489;Vin de Corse Sartène ou Corse Sartène,Vin de Corse ou Corse
aire_parcellaire.1490;Bordeaux,Bordeaux supérieur,Crémant de Bordeaux
aire_parcellaire.1491;Buzet
aire_parcellaire.1492;Clairette du Languedoc,Clairette du Languedoc Cabrières
aire_parcellaire.1493;Fronton
aire_parcellaire.1494;Languedoc,Minervois
aire_parcellaire.1495;Bordeaux,Bordeaux supérieur,Crémant de Bordeaux,Entre-deux-Mers
aire_parcellaire.1496;Côtes du Rhône
aire_parcellaire.1497;Languedoc,Minervois
aire_parcellaire.1498;Bourgogne,Bourgogne Chitry,Bourgogne Passe-tout-grains,Bourgogne aligoté,Bourgogne mousseux,Coteaux Bourguignons ou Bourgogne grand ordinaire ou Bourgogne ordinaire,Crémant de Bourgogne
aire_parcellaire.1499;Costières de Nîmes
aire_parcellaire.1500;Côtes du Rhône,Côtes du Rhône Villages,Côtes du Rhône Villages Plan de Dieu
aire_parcellaire.1501;Blaye,Bordeaux,Bordeaux supérieur,Crémant de Bordeaux,Côtes de Blaye,Côtes de Bordeaux,Côtes de Bordeaux Blaye
aire_parcellaire.1502;Costières de Nîmes
aire_parcellaire.1503;Marcillac
aire_parcellaire.1504;Côtes de Provence
aire_parcellaire.1505;Côtes du Rhône,Côtes du Rhône Villages,Côtes du Rhône Villages Chusclan
aire_parcellaire.1506;Côtes de Provence
aire_parcellaire.1507;Corbières,Languedoc
aire_parcellaire.1508;Languedoc
aire_parcellaire.1509;Bordeaux,Bordeaux supérieur,Crémant de Bordeaux
aire_parcellaire.1510;Languedoc
aire_parcellaire.1511;Grignan-les-Adhémar
aire_parcellaire.1512;Bordeaux,Bordeaux supérieur,Crémant de Bordeaux,Entre-deux-Mers
aire_parcellaire.1513;Côtes du Roussillon,Côtes du Roussillon Villages,Grand Roussillon,Languedoc,Muscat de Rivesaltes,Rivesaltes
aire_parcellaire.1514;Crémant de Limoux,Limoux
aire_parcellaire.1515;Bordeaux,Bordeaux supérieur,Crémant de Bordeaux
aire_parcellaire.1516;Bordeaux,Bordeaux supérieur,Crémant de Bordeaux,Entre-deux-Mers
aire_parcellaire.1517;Côtes de Provence
aire_parcellaire.1518;Côtes de Provence
aire_parcellaire.1519;Coteaux varois en Provence
aire_parcellaire.1520;Bordeaux,Bordeaux supérieur,Crémant de Bordeaux
aire_parcellaire.1521;Côtes du Marmandais
aire_parcellaire.1522;Coteaux d'Aix-en-Provence
aire_parcellaire.1523;Alsace,Alsace suivi d'un nom de lieu-dit,Crémant d’Alsace
aire_parcellaire.1524;Blaye,Bordeaux,Bordeaux supérieur,Crémant de Bordeaux,Côtes de Blaye,Côtes de Bordeaux,Côtes de Bordeaux Blaye
aire_parcellaire.1525;Bordeaux,Bordeaux supérieur,Crémant de Bordeaux,Entre-deux-Mers
aire_parcellaire.1526;Côtes du Rhône
aire_parcellaire.1527;Bordeaux,Bordeaux supérieur,Crémant de Bordeaux,Médoc
aire_parcellaire.1528;Ventoux
aire_parcellaire.1529;Grignan-les-Adhémar
aire_parcellaire.1530;Côtes du Rhône
aire_parcellaire.1531;Bordeaux,Bordeaux supérieur,Crémant de Bordeaux,Médoc
aire_parcellaire.1532;Gaillac
aire_parcellaire.1533;Languedoc,Saint-Chinian
aire_parcellaire.1534;Bordeaux,Bordeaux supérieur,Crémant de Bordeaux,Graves de Vayres
aire_parcellaire.1535;Crozes-Hermitage ou Crozes-Ermitage,Côtes du Rhône
aire_parcellaire.1536;Ventoux
aire_parcellaire.1537;Bordeaux,Bordeaux supérieur,Crémant de Bordeaux
aire_parcellaire.1538;Beaumes de Venise,Côtes du Rhône,Côtes du Rhône Villages,Muscat de Beaumes-de-Venise
aire_parcellaire.1539;Côtes de Provence
aire_parcellaire.1540;Chinon,Crémant de Loire,Rosé de Loire,Touraine
aire_parcellaire.1541;Bordeaux,Bordeaux supérieur,Crémant de Bordeaux,Haut-Médoc,Médoc
aire_parcellaire.1542;Corbières,Languedoc
aire_parcellaire.1543;Tavel
aire_parcellaire.1544;Ventoux
aire_parcellaire.1545;Bandol
aire_parcellaire.1546;Bergerac,Côtes de Bergerac
aire_parcellaire.1547;Côtes du Marmandais
aire_parcellaire.1548;Grignan-les-Adhémar
aire_parcellaire.1549;Bordeaux,Bordeaux supérieur,Crémant de Bordeaux,Haut-Médoc,Margaux,Médoc
aire_parcellaire.1550;Côtes du Rhône
aire_parcellaire.1551;Corbières,Languedoc
aire_parcellaire.1552;Alsace,Alsace suivi d'un nom de lieu-dit,Crémant d’Alsace
aire_parcellaire.1553;Ventoux
aire_parcellaire.1554;Bordeaux,Bordeaux supérieur,Crémant de Bordeaux
aire_parcellaire.1555;Côtes de Provence,Côtes de Provence Sainte-Victoire
aire_parcellaire.1556;Côtes du Roussillon,Côtes du Roussillon Villages,Grand Roussillon,Languedoc,Maury,Muscat de Rivesaltes,Rivesaltes
aire_parcellaire.1557;Côtes du Roussillon,Côtes du Roussillon Villages,Grand Roussillon,Languedoc,Muscat de Rivesaltes,Rivesaltes
aire_parcellaire.1558;Bandol
aire_parcellaire.1559;Vin de Corse Calvi ou Corse Calvi,Vin de Corse ou Corse
aire_parcellaire.1560;Ajaccio,Vin de Corse ou Corse
aire_parcellaire.1561;Coteaux d'Aix-en-Provence
aire_parcellaire.1562;Coteaux d'Aix-en-Provence
aire_parcellaire.1563;Béarn,Madiran,Pacherenc du Vic-Bilh
aire_parcellaire.1564;Corbières,Languedoc
aire_parcellaire.1565;Bordeaux,Bordeaux supérieur,Crémant de Bordeaux,Graves,Graves supérieures
aire_parcellaire.1566;Blaye,Bordeaux,Bordeaux supérieur,Crémant de Bordeaux,Côtes de Blaye,Côtes de Bordeaux,Côtes de Bordeaux Blaye
aire_parcellaire.1567;Vin de Corse Sartène ou Corse Sartène,Vin de Corse ou Corse
aire_parcellaire.1568;Châteauneuf-du-Pape,Côtes du Rhône
aire_parcellaire.1569;Bordeaux,Bordeaux supérieur,Crémant de Bordeaux,Entre-deux-Mers
aire_parcellaire.1570;Languedoc
aire_parcellaire.1571;Bergerac,Côtes de Bergerac
aire_parcellaire.1572;Vin de Corse ou Corse
aire_parcellaire.1573;Côtes du Roussillon,Côtes du Roussillon Villages,Grand Roussillon,Languedoc,Muscat de Rivesaltes,Rivesaltes
aire_parcellaire.1574;Côtes de Duras
aire_parcellaire.1575;Bergerac,Côtes de Bergerac
aire_parcellaire.1576;Côtes du Rhône
aire_parcellaire.1577;Grignan-les-Adhémar
aire_parcellaire.1578;Bordeaux,Bordeaux supérieur,Crémant de Bordeaux
aire_parcellaire.1579;Corbières,Grand Roussillon,Languedoc,Muscat de Rivesaltes,Rivesaltes
aire_parcellaire.1580;Bordeaux,Bordeaux supérieur,Crémant de Bordeaux,Côtes de Bordeaux-Saint-Macaire
aire_parcellaire.1581;Côtes du Rhône
aire_parcellaire.1582;Côtes du Roussillon,Côtes du Roussillon Villages,Grand Roussillon,Languedoc,Muscat de Rivesaltes,Rivesaltes
aire_parcellaire.1583;Côtes de Provence
aire_parcellaire.1584;Corbières,Languedoc
aire_parcellaire.1585;Côtes du Rhône,Gigondas
aire_parcellaire.1586;Corbières,Languedoc
aire_parcellaire.1587;Coteaux d'Aix-en-Provence
aire_parcellaire.1588;Crémant du Jura,Côtes du Jura,Macvin du Jura
aire_parcellaire.1589;Vin de Corse Porto-Vecchio ou Corse Porto-Vecchio,Vin de Corse ou Corse
aire_parcellaire.1590;Blaye,Bordeaux,Bordeaux supérieur,Crémant de Bordeaux
aire_parcellaire.1591;Bergerac,Côtes de Bergerac
aire_parcellaire.1592;Côtes du Rhône,Côtes du Rhône Villages,Côtes du Rhône Villages Séguret
aire_parcellaire.1593;Ventoux
aire_parcellaire.1594;Côtes du Roussillon,Grand Roussillon,Languedoc,Muscat de Rivesaltes,Rivesaltes
aire_parcellaire.1595;Côtes du Roussillon,Côtes du Roussillon Villages,Grand Roussillon,Languedoc,Muscat de Rivesaltes,Rivesaltes
aire_parcellaire.1596;Côtes du Roussillon,Côtes du Roussillon Villages,Grand Roussillon,Languedoc,Muscat de Rivesaltes,Rivesaltes
aire_parcellaire.1597;Gaillac
aire_parcellaire.1598;Ajaccio,Vin de Corse ou Corse
aire_parcellaire.1599;Bordeaux,Bordeaux supérieur,Crémant de Bordeaux,Entre-deux-Mers
aire_parcellaire.1600;Côtes de Provence
aire_parcellaire.1601;Côtes du Roussillon,Grand Roussillon,Languedoc,Muscat de Rivesaltes,Rivesaltes
aire_parcellaire.1602;Languedoc,Minervois
aire_parcellaire.1603;Beaujolais,Crémant de Bourgogne
aire_parcellaire.1604;Bordeaux,Bordeaux supérieur,Crémant de Bordeaux,Entre-deux-Mers
aire_parcellaire.1605;Côtes de Provence
aire_parcellaire.1606;Grand Roussillon,Muscat de Rivesaltes,Rivesaltes
aire_parcellaire.1607;Cahors
aire_parcellaire.1608;Ajaccio,Vin de Corse ou Corse
aire_parcellaire.1609;Languedoc,Minervois
aire_parcellaire.1610;Côtes de Provence
aire_parcellaire.1611;Costières de Nîmes
aire_parcellaire.1612;Côtes de Provence
aire_parcellaire.1613;Corbières,Languedoc
aire_parcellaire.1614;Corbières,Languedoc
aire_parcellaire.1615;Bergerac,Côtes de Bergerac
aire_parcellaire.1616;Gaillac
aire_parcellaire.1617;Corbières,Languedoc
aire_parcellaire.1618;Bordeaux,Bordeaux supérieur,Crémant de Bordeaux,Graves,Graves supérieures,Pessac-Léognan
aire_parcellaire.1619;Patrimonio
aire_parcellaire.1620;Bordeaux,Bordeaux supérieur,Crémant de Bordeaux,Entre-deux-Mers
aire_parcellaire.1621;Vin de Corse Sartène ou Corse Sartène,Vin de Corse ou Corse
aire_parcellaire.1622;Côtes du Marmandais
aire_parcellaire.1623;Coteaux d'Aix-en-Provence
aire_parcellaire.1624;Bordeaux,Bordeaux supérieur,Crémant de Bordeaux,Haut-Médoc,Margaux,Médoc
aire_parcellaire.1625;Bordeaux,Bordeaux supérieur,Crémant de Bordeaux,Entre-deux-Mers
aire_parcellaire.1626;Languedoc
aire_parcellaire.1627;Vin de Corse Sartène ou Corse Sartène,Vin de Corse ou Corse
aire_parcellaire.1628;Grignan-les-Adhémar
aire_parcellaire.1629;Bourgogne,Bourgogne Hautes Côtes de Nuits,Bourgogne Passe-tout-grains,Bourgogne aligoté,Bourgogne mousseux,Coteaux Bourguignons ou Bourgogne grand ordinaire ou Bourgogne ordinaire,Crémant de Bourgogne
aire_parcellaire.1630;Vin de Corse Porto-Vecchio ou Corse Porto-Vecchio,Vin de Corse ou Corse
aire_parcellaire.1631;Bergerac,Côtes de Bergerac
aire_parcellaire.1632;Bergerac,Côtes de Bergerac
aire_parcellaire.1633;Languedoc,Saint-Chinian
aire_parcellaire.1634;Cheverny,Crémant de Loire
aire_parcellaire.1635;Alsace,Alsace suivi d'un nom de lieu-dit,Crémant d’Alsace
aire_parcellaire.1636;Coteaux d'Aix-en-Provence,Les Baux de Provence
aire_parcellaire.1637;Costières de Nîmes
aire_parcellaire.1638;Côtes du Rhône
aire_parcellaire.1639;Bordeaux,Bordeaux supérieur,Crémant de Bordeaux,Haut-Médoc,Listrac-Médoc,Médoc
aire_parcellaire.1640;Côtes du Roussillon,Languedoc
aire_parcellaire.1641;Brulhois
aire_parcellaire.1642;Languedoc,Minervois
aire_parcellaire.1643;Côtes du Rhône,Côtes du Rhône Villages,Côtes du Rhône Villages Séguret
aire_parcellaire.1644;Seyssel,Vin de Savoie ou Savoie
aire_parcellaire.1645;Crémant du Jura,Côtes du Jura,Macvin du Jura
aire_parcellaire.1646;Côtes de Provence
aire_parcellaire.1647;Corbières,Fitou,Grand Roussillon,Languedoc,Muscat de Rivesaltes,Rivesaltes
aire_parcellaire.1648;Bergerac,Côtes de Bergerac
aire_parcellaire.1649;Alsace,Alsace suivi d'un nom de lieu-dit,Crémant d’Alsace
aire_parcellaire.1650;Luberon
aire_parcellaire.1651;Bordeaux,Bordeaux supérieur,Crémant de Bordeaux,Médoc
aire_parcellaire.1652;Ventoux
aire_parcellaire.1653;Grignan-les-Adhémar
aire_parcellaire.1654;Bergerac,Côtes de Bergerac
aire_parcellaire.1655;Bergerac,Côtes de Bergerac
aire_parcellaire.1656;Arbois,Arbois Pupillin,Crémant du Jura,Côtes du Jura,Macvin du Jura
aire_parcellaire.1657;Côtes du Rhône
aire_parcellaire.1658;Ventoux
aire_parcellaire.1659;Buzet
aire_parcellaire.1660;Languedoc
aire_parcellaire.1661;Marcillac
aire_parcellaire.1662;Côtes du Roussillon,Côtes du Roussillon Villages,Grand Roussillon,Languedoc,Muscat de Rivesaltes,Rivesaltes
aire_parcellaire.1663;Crémant de Limoux,Limoux
aire_parcellaire.1664;Côtes du Marmandais
aire_parcellaire.1665;Languedoc
aire_parcellaire.1666;Ventoux
aire_parcellaire.1667;Côtes de Provence
aire_parcellaire.1668;Vin de Corse ou Corse
aire_parcellaire.1669;Crémant de Bourgogne,Petit Chablis
aire_parcellaire.1670;Patrimonio
aire_parcellaire.1671;Bergerac,Côtes de Bergerac,Côtes de Montravel,Haut-Montravel,Montravel
aire_parcellaire.1672;Côtes du Rhône,Côtes du Rhône Villages,Côtes du Rhône Villages Rochegude
aire_parcellaire.1673;Bordeaux,Bordeaux supérieur,Crémant de Bordeaux
aire_parcellaire.1674;Ajaccio,Vin de Corse ou Corse
aire_parcellaire.1675;Ventoux
aire_parcellaire.1676;Bordeaux,Bordeaux supérieur,Crémant de Bordeaux,Graves,Graves supérieures,Pessac-Léognan
aire_parcellaire.1677;Blaye,Bordeaux,Bordeaux supérieur,Crémant de Bordeaux,Côtes de Blaye,Côtes de Bordeaux,Côtes de Bordeaux Blaye
aire_parcellaire.1678;Bordeaux,Bordeaux supérieur,Crémant de Bordeaux,Côtes de Bordeaux-Saint-Macaire
aire_parcellaire.1679;Côtes de Provence
aire_parcellaire.1680;Bourgogne,Bourgogne Passe-tout-grains,Bourgogne aligoté,Bourgogne mousseux,Coteaux Bourguignons ou Bourgogne grand ordinaire ou Bourgogne ordinaire,Crémant de Bourgogne,Mâcon,Mâcon Igé,Mâcon Villages
aire_parcellaire.1681;Ventoux
aire_parcellaire.1682;Bordeaux,Bordeaux supérieur,Crémant de Bordeaux,Entre-deux-Mers
aire_parcellaire.1683;Costières de Nîmes
aire_parcellaire.1684;Languedoc,Minervois
aire_parcellaire.1685;Languedoc,Saint-Chinian
aire_parcellaire.1686;Blaye,Bordeaux,Bordeaux supérieur,Crémant de Bordeaux,Côtes de Blaye,Côtes de Bordeaux,Côtes de Bordeaux Blaye
aire_parcellaire.1687;Costières de Nîmes
aire_parcellaire.1688;Côtes du Rhône
aire_parcellaire.1689;Bordeaux,Bordeaux supérieur,Crémant de Bordeaux
aire_parcellaire.1690;Bordeaux,Bordeaux supérieur,Crémant de Bordeaux
aire_parcellaire.1691;Corbières,Languedoc
aire_parcellaire.1692;Ajaccio,Vin de Corse ou Corse
aire_parcellaire.1693;Corbières,Languedoc
aire_parcellaire.1694;Bordeaux,Bordeaux supérieur,Crémant de Bordeaux,Entre-deux-Mers
aire_parcellaire.1695;Languedoc,Minervois
aire_parcellaire.1696;Corbières,Languedoc
aire_parcellaire.1697;Corbières,Corbières-Boutenac,Languedoc
aire_parcellaire.1698;Bordeaux,Bordeaux supérieur,Crémant de Bordeaux,Entre-deux-Mers
aire_parcellaire.1699;Bordeaux,Bordeaux supérieur,Crémant de Bordeaux
aire_parcellaire.1700;Vin de Corse ou Corse
aire_parcellaire.1701;Bordeaux,Bordeaux supérieur,Cadillac,Crémant de Bordeaux,Côtes de Bordeaux,Côtes de Bordeaux Cadillac,Premières Côtes de Bordeaux
aire_parcellaire.1702;Bordeaux,Bordeaux supérieur,Crémant de Bordeaux
aire_parcellaire.1703;Côtes du Rhône,Côtes du Rhône Villages,Côtes du Rhône Villages Massif d'Uchaux
aire_parcellaire.1704;Côtes du Rhône,Côtes du Rhône Villages
aire_parcellaire.1705;Chablis,Crémant de Bourgogne,Petit Chablis
aire_parcellaire.1706;Côtes du Roussillon,Grand Roussillon,Languedoc,Muscat de Rivesaltes,Rivesaltes
aire_parcellaire.1707;Banyuls,Banyuls grand cru,Collioure,Grand Roussillon,Languedoc,Muscat de Rivesaltes
aire_parcellaire.1708;Côtes de Duras
aire_parcellaire.1709;Coteaux d'Aix-en-Provence
aire_parcellaire.1710;Fronton
aire_parcellaire.1711;Bergerac,Côtes de Bergerac
aire_parcellaire.1712;Bordeaux,Bordeaux supérieur,Crémant de Bordeaux,Entre-deux-Mers
aire_parcellaire.1713;Bergerac,Côtes de Bergerac
aire_parcellaire.1714;Corbières,Languedoc
aire_parcellaire.1715;Fronton
aire_parcellaire.1716;Côtes du Rhône
aire_parcellaire.1717;Côtes du Marmandais
aire_parcellaire.1718;Crémant de Limoux,Limoux
aire_parcellaire.1719;Côtes de Duras
aire_parcellaire.1720;Côtes du Marmandais
aire_parcellaire.1721;Côtes du Rhône
aire_parcellaire.1722;Vin de Corse Calvi ou Corse Calvi,Vin de Corse ou Corse
aire_parcellaire.1723;Côtes du Marmandais
aire_parcellaire.1724;Corbières,Languedoc
aire_parcellaire.1725;Bordeaux,Bordeaux supérieur,Cadillac,Crémant de Bordeaux,Côtes de Bordeaux,Côtes de Bordeaux Cadillac,Premières Côtes de Bordeaux
aire_parcellaire.1726;Corbières,Languedoc
aire_parcellaire.1727;Côtes du Marmandais
aire_parcellaire.1728;Bordeaux,Bordeaux supérieur,Crémant de Bordeaux
aire_parcellaire.1729;Bordeaux,Bordeaux supérieur,Crémant de Bordeaux
aire_parcellaire.1730;Vin de Corse ou Corse
aire_parcellaire.1731;Blaye,Bordeaux,Bordeaux supérieur,Crémant de Bordeaux,Côtes de Blaye,Côtes de Bordeaux,Côtes de Bordeaux Blaye
aire_parcellaire.1732;Côtes du Roussillon,Côtes du Roussillon Villages,Grand Roussillon,Languedoc,Muscat de Rivesaltes,Rivesaltes
aire_parcellaire.1733;Bourgogne,Bourgogne Côte Chalonnaise,Bourgogne Passe-tout-grains,Bourgogne aligoté,Bourgogne mousseux,Coteaux Bourguignons ou Bourgogne grand ordinaire ou Bourgogne ordinaire,Crémant de Bourgogne,Mercurey
aire_parcellaire.1734;Corbières,Languedoc
aire_parcellaire.1735;Clairette de Die,Coteaux de Die,Crémant de Die
aire_parcellaire.1736;Bordeaux,Bordeaux supérieur,Crémant de Bordeaux
aire_parcellaire.1737;Cahors
aire_parcellaire.1738;Corbières,Grand Roussillon,Languedoc,Muscat de Rivesaltes,Rivesaltes
aire_parcellaire.1739;Bordeaux,Bordeaux supérieur,Crémant de Bordeaux
aire_parcellaire.1740;Châteauneuf-du-Pape,Côtes du Rhône
aire_parcellaire.1741;Luberon
aire_parcellaire.1742;Bordeaux,Bordeaux supérieur,Crémant de Bordeaux,Entre-deux-Mers
aire_parcellaire.1743;Côtes de Provence
aire_parcellaire.1744;Bordeaux,Bordeaux supérieur,Crémant de Bordeaux,Côtes de Bourg, Bourg et Bourgeais
aire_parcellaire.1745;Ventoux
aire_parcellaire.1746;Vin de Corse Calvi ou Corse Calvi,Vin de Corse ou Corse
aire_parcellaire.1747;Languedoc
aire_parcellaire.1748;Ventoux
aire_parcellaire.1749;Malepère
aire_parcellaire.1750;Corbières,Languedoc
aire_parcellaire.1751;Coteaux d'Aix-en-Provence
aire_parcellaire.1752;Bergerac,Côtes de Bergerac
aire_parcellaire.1753;Côtes du Roussillon,Côtes du Roussillon Villages,Grand Roussillon,Languedoc,Muscat de Rivesaltes,Rivesaltes
aire_parcellaire.1754;Coteaux d'Aix-en-Provence
aire_parcellaire.1755;Alsace,Alsace suivi d'un nom de lieu-dit,Crémant d’Alsace
aire_parcellaire.1756;Bordeaux,Bordeaux supérieur,Crémant de Bordeaux
aire_parcellaire.1757;Blaye,Bordeaux,Bordeaux supérieur,Crémant de Bordeaux,Côtes de Blaye,Côtes de Bordeaux,Côtes de Bordeaux Blaye
aire_parcellaire.1758;Bordeaux,Bordeaux supérieur,Crémant de Bordeaux
aire_parcellaire.1759;Côtes de Provence
aire_parcellaire.1760;Bordeaux,Bordeaux supérieur,Crémant de Bordeaux
aire_parcellaire.1761;Coteaux d'Aix-en-Provence
aire_parcellaire.1762;Vin de Corse Sartène ou Corse Sartène,Vin de Corse ou Corse
aire_parcellaire.1763;Côtes de Provence
aire_parcellaire.1764;Corbières,Languedoc
aire_parcellaire.1765;Luberon
aire_parcellaire.1766;Clairette de Die,Coteaux de Die,Crémant de Die
aire_parcellaire.1767;Corbières,Languedoc
aire_parcellaire.1768;Ajaccio,Vin de Corse ou Corse
aire_parcellaire.1769;Vin de Corse Sartène ou Corse Sartène,Vin de Corse ou Corse
aire_parcellaire.1770;Bordeaux,Bordeaux supérieur,Crémant de Bordeaux,Puisseguin-Saint-Emilion
aire_parcellaire.1771;Ventoux
aire_parcellaire.1772;Châteauneuf-du-Pape,Côtes du Rhône
aire_parcellaire.1773;Coteaux d'Aix-en-Provence
aire_parcellaire.1774;Coteaux d'Aix-en-Provence
aire_parcellaire.1775;Corbières,Languedoc
aire_parcellaire.1776;Fronton
aire_parcellaire.1777;Bordeaux,Bordeaux supérieur,Crémant de Bordeaux,Entre-deux-Mers
aire_parcellaire.1778;Coteaux d'Aix-en-Provence
aire_parcellaire.1779;Ventoux
aire_parcellaire.1780;Blaye,Bordeaux,Bordeaux supérieur,Crémant de Bordeaux,Côtes de Blaye,Côtes de Bordeaux,Côtes de Bordeaux Blaye
aire_parcellaire.1781;Coteaux d'Aix-en-Provence
aire_parcellaire.1782;Côtes du Roussillon,Côtes du Roussillon Villages,Grand Roussillon,Languedoc,Maury,Muscat de Rivesaltes,Rivesaltes
aire_parcellaire.1783;Bordeaux,Bordeaux supérieur,Crémant de Bordeaux
aire_parcellaire.1784;Fronton
aire_parcellaire.1785;Muscat du Cap Corse,Patrimonio
aire_parcellaire.1786;Coteaux varois en Provence
aire_parcellaire.1787;Côtes de Provence
aire_parcellaire.1788;Ajaccio,Vin de Corse ou Corse
aire_parcellaire.1789;Bordeaux,Bordeaux supérieur,Crémant de Bordeaux
aire_parcellaire.1790;Côtes du Rhône,Côtes du Rhône Villages
aire_parcellaire.1791;Fronton
aire_parcellaire.1792;Bordeaux,Bordeaux supérieur,Crémant de Bordeaux
aire_parcellaire.1793;Côtes du Roussillon,Côtes du Roussillon Villages,Grand Roussillon,Languedoc,Maury,Muscat de Rivesaltes,Rivesaltes
aire_parcellaire.1794;Bordeaux,Bordeaux supérieur,Crémant de Bordeaux,Côtes de Bordeaux,Côtes de Bordeaux Cadillac,Premières Côtes de Bordeaux
aire_parcellaire.1795;Saint-Pourçain
aire_parcellaire.1796;Bergerac,Côtes de Bergerac
aire_parcellaire.1797;Buzet
aire_parcellaire.1798;Blaye,Bordeaux,Bordeaux supérieur,Crémant de Bordeaux,Côtes de Blaye,Côtes de Bordeaux,Côtes de Bordeaux Blaye
aire_parcellaire.1799;Coteaux d'Aix-en-Provence
aire_parcellaire.1800;Buzet
aire_parcellaire.1801;Bordeaux,Bordeaux supérieur,Crémant de Bordeaux
aire_parcellaire.1802;Côtes du Roussillon,Côtes du Roussillon Villages,Grand Roussillon,Languedoc,Muscat de Rivesaltes,Rivesaltes
aire_parcellaire.1803;Blaye,Bordeaux,Bordeaux supérieur,Crémant de Bordeaux,Côtes de Blaye,Côtes de Bordeaux,Côtes de Bordeaux Blaye
aire_parcellaire.1804;Fronton
aire_parcellaire.1805;Corbières,Languedoc
aire_parcellaire.1806;Côtes de Duras
aire_parcellaire.1807;Fronton
aire_parcellaire.1808;Muscat du Cap Corse,Vin de Corse Coteaux du Cap Corse ou Corse Coteaux du Cap Corse,Vin de Corse ou Corse
aire_parcellaire.1809;Ventoux
aire_parcellaire.1810;Corbières,Fitou,Grand Roussillon,Languedoc,Muscat de Rivesaltes,Rivesaltes
aire_parcellaire.1811;Côtes du Roussillon,Côtes du Roussillon Villages,Grand Roussillon,Languedoc,Muscat de Rivesaltes,Rivesaltes
aire_parcellaire.1812;Côtes du Rhône
aire_parcellaire.1813;Bergerac,Côtes de Bergerac
aire_parcellaire.1814;Bandol
aire_parcellaire.1815;Buzet
aire_parcellaire.1816;Bordeaux,Bordeaux supérieur,Crémant de Bordeaux,Graves,Graves supérieures
aire_parcellaire.1817;Fronton
aire_parcellaire.1818;Languedoc,Minervois
aire_parcellaire.1819;Languedoc,Saint-Chinian
aire_parcellaire.1820;Bordeaux,Bordeaux supérieur,Crémant de Bordeaux,Haut-Médoc,Médoc
aire_parcellaire.1821;Corbières,Languedoc
aire_parcellaire.1822;Bordeaux,Bordeaux supérieur,Crémant de Bordeaux
aire_parcellaire.1823;Bordeaux,Bordeaux supérieur,Crémant de Bordeaux,Entre-deux-Mers
aire_parcellaire.1824;Côtes du Roussillon,Côtes du Roussillon Villages,Grand Roussillon,Languedoc,Muscat de Rivesaltes,Rivesaltes
aire_parcellaire.1825;Coteaux d'Aix-en-Provence
aire_parcellaire.1826;Ventoux
aire_parcellaire.1827;Côtes du Rhône,Côtes du Rhône Villages,Côtes du Rhône Villages Suze-la-Rousse
aire_parcellaire.1828;Côtes du Roussillon,Côtes du Roussillon Villages,Côtes du Roussillon Villages Tautavel,Grand Roussillon,Languedoc,Muscat de Rivesaltes,Rivesaltes
aire_parcellaire.1829;Blaye,Bordeaux,Bordeaux supérieur,Crémant de Bordeaux
aire_parcellaire.1830;Reuilly
aire_parcellaire.1831;Ventoux
aire_parcellaire.1832;Bergerac,Côtes de Bergerac,Rosette
aire_parcellaire.1833;Côtes du Roussillon,Grand Roussillon,Languedoc,Muscat de Rivesaltes,Rivesaltes
aire_parcellaire.1834;Coteaux d'Aix-en-Provence
aire_parcellaire.1835;Corbières,Languedoc
aire_parcellaire.1836;Chablis,Crémant de Bourgogne,Petit Chablis
aire_parcellaire.1837;Côtes du Rhône,Côtes du Rhône Villages,Côtes du Rhône Villages Valréas
aire_parcellaire.1838;Bordeaux,Bordeaux supérieur,Crémant de Bordeaux,Entre-deux-Mers
aire_parcellaire.1839;Bordeaux,Bordeaux supérieur,Crémant de Bordeaux,Médoc
aire_parcellaire.1840;Ajaccio,Vin de Corse ou Corse
aire_parcellaire.1841;Blaye,Bordeaux,Bordeaux supérieur,Crémant de Bordeaux,Côtes de Blaye,Côtes de Bordeaux,Côtes de Bordeaux Blaye
aire_parcellaire.1842;Vin de Corse ou Corse
aire_parcellaire.1843;Bordeaux,Bordeaux supérieur,Crémant de Bordeaux
aire_parcellaire.1844;Côtes du Roussillon,Côtes du Roussillon Villages,Grand Roussillon,Languedoc,Muscat de Rivesaltes,Rivesaltes
aire_parcellaire.1845;Côtes de Provence
aire_parcellaire.1846;Côtes du Rhône,Côtes du Rhône Villages,Côtes du Rhône Villages Suze-la-Rousse
aire_parcellaire.1847;Languedoc,Saint-Chinian
aire_parcellaire.1848;Corbières,Languedoc
aire_parcellaire.1849;Ventoux
aire_parcellaire.1850;Bergerac,Côtes de Bergerac,Pécharmant,Rosette
aire_parcellaire.1851;Bergerac,Côtes de Bergerac
aire_parcellaire.1852;Luberon
aire_parcellaire.1853;Luberon
aire_parcellaire.1854;Cornas,Côtes du Rhône
aire_parcellaire.1855;Bergerac,Côtes de Bergerac
aire_parcellaire.1856;Crémant du Jura,Côtes du Jura,Macvin du Jura
aire_parcellaire.1857;Ajaccio,Vin de Corse ou Corse
aire_parcellaire.1858;Chablis,Crémant de Bourgogne,Petit Chablis
aire_parcellaire.1859;Coteaux d'Aix-en-Provence
aire_parcellaire.1860;Bordeaux,Bordeaux supérieur,Crémant de Bordeaux,Graves,Graves supérieures,Pessac-Léognan
aire_parcellaire.1861;Bordeaux,Bordeaux supérieur,Crémant de Bordeaux,Médoc
aire_parcellaire.1862;Côtes de Provence
aire_parcellaire.1863;Côtes du Rhône
aire_parcellaire.1864;Fronton
aire_parcellaire.1865;Ventoux
aire_parcellaire.1866;Bordeaux,Bordeaux supérieur,Crémant de Bordeaux,Haut-Médoc,Médoc
aire_parcellaire.1867;Fronton
aire_parcellaire.1868;Languedoc,Saint-Chinian
aire_parcellaire.1869;Faugères,Languedoc
aire_parcellaire.1870;Côtes du Marmandais
aire_parcellaire.1871;Vin de Corse Calvi ou Corse Calvi,Vin de Corse ou Corse
aire_parcellaire.1872;Côtes de Provence
aire_parcellaire.1873;Ventoux
aire_parcellaire.1874;Luberon
aire_parcellaire.1875;Côtes du Roussillon,Côtes du Roussillon Villages,Grand Roussillon,Languedoc,Muscat de Rivesaltes,Rivesaltes
aire_parcellaire.1876;Blaye,Bordeaux,Bordeaux supérieur,Crémant de Bordeaux
aire_parcellaire.1877;Bordeaux,Bordeaux supérieur,Crémant de Bordeaux
aire_parcellaire.1878;Bordeaux,Bordeaux supérieur,Crémant de Bordeaux,Graves,Graves supérieures
aire_parcellaire.1879;Vin de Corse ou Corse
aire_parcellaire.1880;Bordeaux,Bordeaux supérieur,Crémant de Bordeaux,Côtes de Bordeaux,Côtes de Bordeaux Cadillac,Premières Côtes de Bordeaux
aire_parcellaire.1881;Bordeaux,Bordeaux supérieur,Crémant de Bordeaux,Entre-deux-Mers
aire_parcellaire.1882;Côtes du Roussillon,Côtes du Roussillon Villages,Grand Roussillon,Languedoc,Muscat de Rivesaltes,Rivesaltes
aire_parcellaire.1883;Ventoux
aire_parcellaire.1884;Côtes du Roussillon,Côtes du Roussillon Villages,Grand Roussillon,Languedoc,Muscat de Rivesaltes,Rivesaltes
aire_parcellaire.1885;Bordeaux,Bordeaux supérieur,Crémant de Bordeaux,Entre-deux-Mers
aire_parcellaire.1886;Côtes du Roussillon,Grand Roussillon,Languedoc,Muscat de Rivesaltes,Rivesaltes
aire_parcellaire.1887;Côtes du Rhône,Côtes du Rhône Villages
aire_parcellaire.1888;Bordeaux,Bordeaux supérieur,Crémant de Bordeaux
aire_parcellaire.1889;Corbières,Languedoc
aire_parcellaire.1890;Costières de Nîmes
aire_parcellaire.1891;Languedoc,Saint-Chinian
aire_parcellaire.1892;Côtes du Rhône,Côtes du Rhône Villages,Côtes du Rhône Villages Rochegude
aire_parcellaire.1893;Côtes du Rhône
aire_parcellaire.1894;Luberon
aire_parcellaire.1895;Côtes du Rhône
aire_parcellaire.1896;Ajaccio,Vin de Corse ou Corse
aire_parcellaire.1897;Languedoc,Minervois
aire_parcellaire.1898;Côtes du Roussillon,Languedoc
aire_parcellaire.1899;Bergerac,Côtes de Bergerac,Rosette
aire_parcellaire.1900;Vin de Corse Calvi ou Corse Calvi,Vin de Corse ou Corse
aire_parcellaire.1901;Coteaux d'Aix-en-Provence,Les Baux de Provence
aire_parcellaire.1902;Vin de Corse ou Corse
aire_parcellaire.1903;Alsace,Alsace suivi d'un nom de lieu-dit,Crémant d’Alsace
aire_parcellaire.1904;Coteaux d'Aix-en-Provence
aire_parcellaire.1905;Côtes de Duras
aire_parcellaire.1906;Côtes de Provence
aire_parcellaire.1907;Côtes du Rhône
aire_parcellaire.1908;Grignan-les-Adhémar
aire_parcellaire.1909;Côtes du Rhône,Côtes du Rhône Villages,Côtes du Rhône Villages Valréas
aire_parcellaire.1910;Bordeaux,Bordeaux supérieur,Crémant de Bordeaux,Entre-deux-Mers
aire_parcellaire.1911;Faugères,Languedoc
aire_parcellaire.1912;Vin de Corse ou Corse,Vin de Corse ou Corse Figari
aire_parcellaire.1913;Côtes du Roussillon,Grand Roussillon,Languedoc,Muscat de Rivesaltes,Rivesaltes
aire_parcellaire.1914;Coteaux d'Aix-en-Provence
aire_parcellaire.1915;Cahors
aire_parcellaire.1916;Vin de Corse ou Corse,Vin de Corse ou Corse Figari
aire_parcellaire.1917;Bergerac,Côtes de Bergerac
aire_parcellaire.1918;Côtes de Provence
aire_parcellaire.1919;Ventoux
aire_parcellaire.1920;Fronton
aire_parcellaire.1921;Côtes de Provence
aire_parcellaire.1922;Fronton
aire_parcellaire.1923;Bergerac,Côtes de Bergerac,Côtes de Montravel,Haut-Montravel,Montravel
aire_parcellaire.1924;Languedoc,Saint-Chinian
aire_parcellaire.1925;Ventoux
aire_parcellaire.1926;Clairette de Die,Coteaux de Die,Crémant de Die
aire_parcellaire.1927;Crémant de Limoux,Limoux
aire_parcellaire.1928;Fronton
aire_parcellaire.1929;Languedoc,Minervois
aire_parcellaire.1930;Bergerac,Côtes de Bergerac
aire_parcellaire.1931;Fronton
aire_parcellaire.1932;Côtes du Rhône
aire_parcellaire.1933;Bordeaux,Bordeaux supérieur,Crémant de Bordeaux,Entre-deux-Mers
aire_parcellaire.1934;Côtes du Rhône
aire_parcellaire.1935;Ventoux
aire_parcellaire.1936;Côtes du Roussillon,Côtes du Roussillon Villages,Grand Roussillon,Languedoc,Muscat de Rivesaltes,Rivesaltes
aire_parcellaire.1937;Muscat du Cap Corse,Vin de Corse Coteaux du Cap Corse ou Corse Coteaux du Cap Corse,Vin de Corse ou Corse
aire_parcellaire.1938;Côtes du Rhône
aire_parcellaire.1939;Bergerac,Côtes de Bergerac
aire_parcellaire.1940;Grignan-les-Adhémar
aire_parcellaire.1941;Côtes du Roussillon,Côtes du Roussillon Villages,Grand Roussillon,Languedoc,Maury,Muscat de Rivesaltes,Rivesaltes
aire_parcellaire.1942;Vin de Corse Sartène ou Corse Sartène,Vin de Corse ou Corse
aire_parcellaire.1943;Côtes de Provence
aire_parcellaire.1944;Coteaux d'Aix-en-Provence
aire_parcellaire.1945;Buzet
aire_parcellaire.1946;Corbières,Languedoc
aire_parcellaire.1947;Côtes du Rhône
aire_parcellaire.1948;Côtes du Roussillon,Côtes du Roussillon Villages Les Aspres,Grand Roussillon,Languedoc,Muscat de Rivesaltes,Rivesaltes
aire_parcellaire.1949;Corbières,Languedoc
aire_parcellaire.1950;Alsace,Alsace suivi d'un nom de lieu-dit,Crémant d’Alsace
aire_parcellaire.1951;Crémant du Jura,Côtes du Jura,Macvin du Jura
aire_parcellaire.1952;Bordeaux,Bordeaux supérieur,Crémant de Bordeaux
aire_parcellaire.1953;Ventoux
aire_parcellaire.1954;Côtes du Rhône
aire_parcellaire.1955;Côtes du Roussillon,Côtes du Roussillon Villages,Grand Roussillon,Languedoc,Muscat de Rivesaltes,Rivesaltes
aire_parcellaire.1956;Vin de Corse Porto-Vecchio ou Corse Porto-Vecchio,Vin de Corse ou Corse
aire_parcellaire.1957;Ventoux
aire_parcellaire.1958;Côtes du Roussillon,Languedoc
aire_parcellaire.1959;Bordeaux,Bordeaux supérieur,Crémant de Bordeaux
aire_parcellaire.1960;Côtes du Roussillon,Grand Roussillon,Languedoc,Muscat de Rivesaltes,Rivesaltes
aire_parcellaire.1961;Côtes du Roussillon,Côtes du Roussillon Villages,Grand Roussillon,Languedoc,Muscat de Rivesaltes,Rivesaltes
aire_parcellaire.1962;Bordeaux,Bordeaux supérieur,Crémant de Bordeaux
aire_parcellaire.1963;Grignan-les-Adhémar
aire_parcellaire.1964;Bandol
aire_parcellaire.1965;Corbières,Languedoc
aire_parcellaire.1966;Costières de Nîmes
aire_parcellaire.1967;Alsace,Alsace suivi d'un nom de lieu-dit,Crémant d’Alsace
aire_parcellaire.1968;Crozes-Hermitage ou Crozes-Ermitage,Côtes du Rhône
aire_parcellaire.1969;Corbières,Languedoc
aire_parcellaire.1970;Côtes du Roussillon,Côtes du Roussillon Villages,Grand Roussillon,Languedoc,Muscat de Rivesaltes,Rivesaltes
aire_parcellaire.1971;Cabardès
aire_parcellaire.1972;Bordeaux,Bordeaux supérieur,Crémant de Bordeaux
aire_parcellaire.1973;Côtes de Provence
aire_parcellaire.1974;Ventoux
aire_parcellaire.1975;Côtes de Duras
aire_parcellaire.1976;Côtes de Provence
aire_parcellaire.1977;Vin de Corse Sartène ou Corse Sartène,Vin de Corse ou Corse
aire_parcellaire.1978;Coteaux d'Aix-en-Provence
aire_parcellaire.1979;Corbières,Languedoc
aire_parcellaire.1980;Côtes de Duras
aire_parcellaire.1981;Côtes du Rhône
aire_parcellaire.1982;Côtes du Rhône
aire_parcellaire.1983;Côtes du Roussillon,Côtes du Roussillon Villages,Grand Roussillon,Languedoc,Muscat de Rivesaltes,Rivesaltes
aire_parcellaire.1984;Clairette de Die,Coteaux de Die,Crémant de Die
aire_parcellaire.1985;Ajaccio,Vin de Corse ou Corse
aire_parcellaire.1986;Beaujolais,Beaujolais Le Perréon,Beaujolais Villages,Crémant de Bourgogne
aire_parcellaire.1987;Fronton
aire_parcellaire.1988;Côtes du Rhône
aire_parcellaire.1989;Costières de Nîmes
aire_parcellaire.1990;Bordeaux,Bordeaux supérieur,Crémant de Bordeaux
aire_parcellaire.1991;Faugères,Languedoc
aire_parcellaire.1992;Côtes de Provence
aire_parcellaire.1993;Vin de Corse ou Corse
aire_parcellaire.1994;Languedoc,Minervois
aire_parcellaire.1995;Côtes du Roussillon,Grand Roussillon,Languedoc,Muscat de Rivesaltes,Rivesaltes
aire_parcellaire.1996;Blaye,Bordeaux,Bordeaux supérieur,Crémant de Bordeaux
aire_parcellaire.1997;Costières de Nîmes
aire_parcellaire.1998;Côtes du Roussillon,Côtes du Roussillon Villages,Grand Roussillon,Languedoc,Muscat de Rivesaltes,Rivesaltes
aire_parcellaire.1999;Pierrevert
aire_parcellaire.2000;Corbières,Languedoc
aire_parcellaire.2001;Bordeaux,Bordeaux supérieur,Crémant de Bordeaux,Entre-deux-Mers
aire_parcellaire.2002;Bordeaux,Bordeaux supérieur,Crémant de Bordeaux
aire_parcellaire.2003;Bordeaux,Bordeaux supérieur,Crémant de Bordeaux
aire_parcellaire.2004;Bourgogne,Bourgogne Passe-tout-grains,Bourgogne aligoté,Bourgogne mousseux,Coteaux Bourguignons ou Bourgogne grand ordinaire ou Bourgogne ordinaire,Crémant de Bourgogne,Mâcon,Mâcon Lugny,Mâcon Villages
aire_parcellaire.2005;Bordeaux,Bordeaux supérieur,Crémant de Bordeaux,Entre-deux-Mers
aire_parcellaire.2006;Bordeaux,Bordeaux supérieur,Crémant de Bordeaux,Entre-deux-Mers
aire_parcellaire.2007;Ventoux
aire_parcellaire.2008;Vin de Corse ou Corse
aire_parcellaire.2009;Ventoux
aire_parcellaire.2010;Bordeaux,Bordeaux supérieur,Crémant de Bordeaux
aire_parcellaire.2011;Fronton
aire_parcellaire.2012;Coteaux d'Aix-en-Provence
aire_parcellaire.2013;Ajaccio,Vin de Corse ou Corse
aire_parcellaire.2014;Coteaux d'Aix-en-Provence
aire_parcellaire.2015;Vin de Corse ou Corse
aire_parcellaire.2016;Languedoc,Saint-Chinian
aire_parcellaire.2017;Bordeaux,Bordeaux supérieur,Crémant de Bordeaux,Entre-deux-Mers
aire_parcellaire.2018;Côtes de Provence
aire_parcellaire.2019;Ajaccio,Vin de Corse ou Corse
aire_parcellaire.2020;Alsace,Alsace suivi d'un nom de lieu-dit,Crémant d’Alsace
aire_parcellaire.2021;Bordeaux,Bordeaux supérieur,Crémant de Bordeaux,Entre-deux-Mers
aire_parcellaire.2022;Bordeaux,Bordeaux supérieur,Crémant de Bordeaux
aire_parcellaire.2023;Corbières,Languedoc
aire_parcellaire.2024;Saint-Pourçain
aire_parcellaire.2025;Ajaccio,Vin de Corse ou Corse
aire_parcellaire.2026;Bandol
aire_parcellaire.2027;Côtes du Roussillon,Côtes du Roussillon Villages,Grand Roussillon,Languedoc,Muscat de Rivesaltes,Rivesaltes
aire_parcellaire.2028;Côtes du Rhône
aire_parcellaire.2029;Côtes de Provence
aire_parcellaire.2030;Blaye,Bordeaux,Bordeaux supérieur,Crémant de Bordeaux,Côtes de Blaye,Côtes de Bordeaux,Côtes de Bordeaux Blaye
aire_parcellaire.2031;Bergerac,Côtes de Bergerac
aire_parcellaire.2032;Beaujolais,Crémant de Bourgogne
aire_parcellaire.2033;Alsace,Alsace suivi d'un nom de lieu-dit,Crémant d’Alsace
aire_parcellaire.2034;Anjou,Cabernet d'Anjou,Crémant de Loire,Rosé d'Anjou,Rosé de Loire,Saumur
aire_parcellaire.2035;Côtes du Rhône
aire_parcellaire.2036;Ajaccio,Vin de Corse ou Corse
aire_parcellaire.2037;Coteaux d'Aix-en-Provence
aire_parcellaire.2038;Côtes du Rhône,Côtes du Rhône Villages,Côtes du Rhône Villages Valréas
aire_parcellaire.2039;Languedoc,Minervois
aire_parcellaire.2040;Languedoc,Saint-Chinian
aire_parcellaire.2041;Côtes du Marmandais
aire_parcellaire.2042;Fronton
aire_parcellaire.2043;Corbières,Languedoc
aire_parcellaire.2044;Fronton
aire_parcellaire.2045;Corbières,Languedoc
aire_parcellaire.2046;Crémant du Jura,Côtes du Jura,Macvin du Jura
aire_parcellaire.2047;Languedoc,Minervois
aire_parcellaire.2048;Bordeaux,Bordeaux supérieur,Crémant de Bordeaux
aire_parcellaire.2049;Bordeaux,Bordeaux supérieur,Crémant de Bordeaux,Cérons,Graves,Graves supérieures
aire_parcellaire.2050;Languedoc,Saint-Chinian
aire_parcellaire.2051;Béarn,Madiran,Pacherenc du Vic-Bilh
aire_parcellaire.2052;Côtes du Roussillon,Grand Roussillon,Languedoc,Muscat de Rivesaltes,Rivesaltes
aire_parcellaire.2053;Blaye,Bordeaux,Bordeaux supérieur,Crémant de Bordeaux,Côtes de Blaye,Côtes de Bordeaux,Côtes de Bordeaux Blaye
aire_parcellaire.2054;Bourgogne,Bourgogne Côtes d'Auxerre,Bourgogne Passe-tout-grains,Bourgogne aligoté,Bourgogne mousseux,Coteaux Bourguignons ou Bourgogne grand ordinaire ou Bourgogne ordinaire,Crémant de Bourgogne,Saint-Bris
aire_parcellaire.2055;Côtes du Roussillon,Grand Roussillon,Languedoc,Muscat de Rivesaltes,Rivesaltes
aire_parcellaire.2056;Coteaux d'Aix-en-Provence
aire_parcellaire.2057;Côtes du Roussillon,Côtes du Roussillon Villages,Côtes du Roussillon Villages Tautavel,Grand Roussillon,Languedoc,Muscat de Rivesaltes,Rivesaltes
aire_parcellaire.2058;Bordeaux,Bordeaux supérieur,Crémant de Bordeaux,Entre-deux-Mers
aire_parcellaire.2059;Fronton
aire_parcellaire.2060;Côtes du Roussillon,Languedoc
aire_parcellaire.2061;Bordeaux,Bordeaux supérieur,Crémant de Bordeaux,Fronsac
aire_parcellaire.2062;Bordeaux,Bordeaux supérieur,Crémant de Bordeaux,Graves,Graves supérieures,Pessac-Léognan
aire_parcellaire.2063;Vin de Corse Calvi ou Corse Calvi,Vin de Corse ou Corse
aire_parcellaire.2064;Cahors
aire_parcellaire.2065;Côtes de Provence
aire_parcellaire.2066;Bordeaux,Bordeaux supérieur,Crémant de Bordeaux,Entre-deux-Mers
aire_parcellaire.2067;Côtes de Provence
aire_parcellaire.2068;Grignan-les-Adhémar
aire_parcellaire.2069;Coteaux d'Aix-en-Provence
aire_parcellaire.2070;Clairette de Die,Coteaux de Die,Crémant de Die
aire_parcellaire.2071;Luberon
aire_parcellaire.2072;Gaillac
aire_parcellaire.2073;Côtes du Roussillon,Grand Roussillon,Languedoc,Muscat de Rivesaltes,Rivesaltes
aire_parcellaire.2074;Bergerac,Côtes de Bergerac
aire_parcellaire.2075;Cabardès
aire_parcellaire.2076;Luberon
aire_parcellaire.2077;Côtes du Rhône,Côtes du Rhône Villages,Côtes du Rhône Villages Chusclan
aire_parcellaire.2078;Ventoux
aire_parcellaire.2079;Côtes du Rhône
aire_parcellaire.2080;Côtes de Provence
aire_parcellaire.2081;Ajaccio,Vin de Corse ou Corse
aire_parcellaire.2082;Bordeaux,Bordeaux supérieur,Crémant de Bordeaux,Entre-deux-Mers
aire_parcellaire.2083;Languedoc,Minervois
aire_parcellaire.2084;Bourgogne,Bourgogne Côte Chalonnaise,Bourgogne Passe-tout-grains,Bourgogne aligoté,Bourgogne mousseux,Coteaux Bourguignons ou Bourgogne grand ordinaire ou Bourgogne ordinaire,Crémant de Bourgogne
aire_parcellaire.2085;Côtes de Duras
aire_parcellaire.2086;Ventoux
aire_parcellaire.2087;Côtes du Rhône,Côtes du Rhône Villages,Côtes du Rhône Villages Chusclan
aire_parcellaire.2088;Chablis,Crémant de Bourgogne,Petit Chablis
aire_parcellaire.2089;Bourgogne,Bourgogne Passe-tout-grains,Bourgogne aligoté,Bourgogne mousseux,Coteaux Bourguignons ou Bourgogne grand ordinaire ou Bourgogne ordinaire,Crémant de Bourgogne,Mâcon,Mâcon Bray,Mâcon Villages
aire_parcellaire.2090;Crémant du Jura,Côtes du Jura,Macvin du Jura
aire_parcellaire.2091;Palette
aire_parcellaire.2092;Côtes du Roussillon,Grand Roussillon,Languedoc,Muscat de Rivesaltes,Rivesaltes
aire_parcellaire.2093;Côtes du Rhône
aire_parcellaire.2094;Bordeaux,Bordeaux supérieur,Crémant de Bordeaux
aire_parcellaire.2095;Crémant du Jura,Côtes du Jura,Macvin du Jura
aire_parcellaire.2096;Côtes de Provence
aire_parcellaire.2097;Languedoc
aire_parcellaire.2098;Bordeaux,Bordeaux supérieur,Crémant de Bordeaux,Entre-deux-Mers
aire_parcellaire.2099;Irouléguy
aire_parcellaire.2100;Coteaux d'Aix-en-Provence
aire_parcellaire.2101;Bordeaux,Bordeaux supérieur,Crémant de Bordeaux,Haut-Médoc,Médoc,Pauillac
aire_parcellaire.2102;Béarn,Madiran,Pacherenc du Vic-Bilh
aire_parcellaire.2103;Bordeaux,Bordeaux supérieur,Crémant de Bordeaux,Haut-Médoc,Médoc
aire_parcellaire.2104;Vin de Corse ou Corse
aire_parcellaire.2105;Côtes du Roussillon,Côtes du Roussillon Villages,Grand Roussillon,Languedoc,Muscat de Rivesaltes,Rivesaltes
aire_parcellaire.2106;Fronton
aire_parcellaire.2107;Alsace,Alsace suivi d'un nom de lieu-dit,Crémant d’Alsace
aire_parcellaire.2108;Côtes du Rhône,Côtes du Rhône Villages
aire_parcellaire.2109;Languedoc
aire_parcellaire.2110;Alsace,Alsace suivi d'un nom de lieu-dit,Crémant d’Alsace
aire_parcellaire.2111;Bordeaux,Bordeaux supérieur,Crémant de Bordeaux,Lussac-Saint-Emilion
aire_parcellaire.2112;Côtes de Provence
aire_parcellaire.2113;Bordeaux,Bordeaux supérieur,Crémant de Bordeaux,Entre-deux-Mers
aire_parcellaire.2114;Bordeaux,Bordeaux supérieur,Crémant de Bordeaux,Entre-deux-Mers
aire_parcellaire.2115;Bourgogne Passe-tout-grains,Bourgogne aligoté,Bourgogne mousseux,Coteaux Bourguignons ou Bourgogne grand ordinaire ou Bourgogne ordinaire,Crémant de Bourgogne
aire_parcellaire.2116;Bordeaux,Bordeaux supérieur,Crémant de Bordeaux,Entre-deux-Mers
aire_parcellaire.2117;Bordeaux,Bordeaux supérieur,Crémant de Bordeaux,Haut-Médoc,Médoc
aire_parcellaire.2118;Corbières,Grand Roussillon,Languedoc,Muscat de Rivesaltes,Rivesaltes
aire_parcellaire.2119;Crémant de Limoux,Limoux
aire_parcellaire.2120;Languedoc
aire_parcellaire.2121;Bordeaux,Bordeaux supérieur,Crémant de Bordeaux,Côtes de Bordeaux,Côtes de Bordeaux Castillon
aire_parcellaire.2122;Côtes du Rhône,Côtes du Rhône Villages,Muscat de Beaumes-de-Venise
aire_parcellaire.2123;Crémant du Jura,Côtes du Jura,Macvin du Jura
aire_parcellaire.2124;Languedoc,Saint-Chinian,Saint-Chinian Roquebrun
aire_parcellaire.2125;Blaye,Bordeaux,Bordeaux supérieur,Crémant de Bordeaux,Côtes de Blaye,Côtes de Bordeaux,Côtes de Bordeaux Blaye
aire_parcellaire.2126;Languedoc,Minervois
aire_parcellaire.2127;Bordeaux,Bordeaux supérieur,Crémant de Bordeaux,Entre-deux-Mers
aire_parcellaire.2128;Blaye,Bordeaux,Bordeaux supérieur,Crémant de Bordeaux,Côtes de Blaye,Côtes de Bordeaux,Côtes de Bordeaux Blaye
aire_parcellaire.2129;Corbières,Languedoc
aire_parcellaire.2130;Ventoux
aire_parcellaire.2131;Bordeaux,Bordeaux supérieur,Crémant de Bordeaux
aire_parcellaire.2132;Bordeaux,Bordeaux supérieur,Crémant de Bordeaux,Haut-Médoc,Moulis ou Moulis-en-Médoc,Médoc
aire_parcellaire.2133;Ajaccio,Vin de Corse ou Corse
aire_parcellaire.2134;Coteaux varois en Provence
aire_parcellaire.2135;Bergerac,Côtes de Bergerac
aire_parcellaire.2136;Bergerac,Côtes de Bergerac,Côtes de Montravel,Haut-Montravel,Montravel
aire_parcellaire.2137;Bordeaux,Bordeaux supérieur,Crémant de Bordeaux,Côtes de Bordeaux-Saint-Macaire
aire_parcellaire.2138;Blaye,Bordeaux,Bordeaux supérieur,Crémant de Bordeaux,Côtes de Blaye,Côtes de Bordeaux,Côtes de Bordeaux Blaye
aire_parcellaire.2139;Fronton
aire_parcellaire.2140;Côtes du Roussillon,Côtes du Roussillon Villages,Languedoc
aire_parcellaire.2141;Costières de Nîmes
aire_parcellaire.2142;Ventoux
aire_parcellaire.2143;Clairette du Languedoc,Clairette du Languedoc Cabrières
aire_parcellaire.2144;Côtes de Provence
aire_parcellaire.2145;Fronton
aire_parcellaire.2146;Crémant de Limoux,Limoux
aire_parcellaire.2147;Côtes du Roussillon,Côtes du Roussillon Villages,Grand Roussillon,Languedoc,Muscat de Rivesaltes,Rivesaltes
aire_parcellaire.2148;Côtes du Rhône
aire_parcellaire.2149;Corbières,Languedoc
aire_parcellaire.2150;Grignan-les-Adhémar
aire_parcellaire.2151;Béarn,Madiran,Pacherenc du Vic-Bilh
aire_parcellaire.2152;Bordeaux,Bordeaux supérieur,Crémant de Bordeaux,Médoc
aire_parcellaire.2153;Fronton
aire_parcellaire.2154;Bordeaux,Bordeaux Haut-Benauge,Bordeaux supérieur,Crémant de Bordeaux,Entre-deux-Mers,Entre-deux-Mers Haut-Benauge
aire_parcellaire.2155;Corbières,Languedoc
aire_parcellaire.2156;Côtes de Provence
aire_parcellaire.2157;Languedoc
aire_parcellaire.2158;Bandol
aire_parcellaire.2159;Coteaux d'Aix-en-Provence
aire_parcellaire.2160;Pouilly-Fumé ou Blanc Fumé de Pouilly,Pouilly-sur-Loire
aire_parcellaire.2161;Corbières,Fitou,Grand Roussillon,Languedoc,Muscat de Rivesaltes,Rivesaltes
aire_parcellaire.2162;Bordeaux,Bordeaux supérieur,Crémant de Bordeaux
aire_parcellaire.2163;Bordeaux,Bordeaux supérieur,Crémant de Bordeaux,Entre-deux-Mers
aire_parcellaire.2164;Côtes du Roussillon,Grand Roussillon,Languedoc,Muscat de Rivesaltes,Rivesaltes
aire_parcellaire.2165;Côtes du Rhône
aire_parcellaire.2166;Corbières,Languedoc
aire_parcellaire.2167;Corbières,Languedoc
aire_parcellaire.2168;Bordeaux,Bordeaux supérieur,Crémant de Bordeaux,Côtes de Bordeaux,Côtes de Bordeaux Cadillac,Premières Côtes de Bordeaux
aire_parcellaire.2169;Languedoc,Minervois
aire_parcellaire.2170;Bandol
aire_parcellaire.2171;Bordeaux,Bordeaux supérieur,Crémant de Bordeaux,Entre-deux-Mers
aire_parcellaire.2172;Côtes du Rhône,Côtes du Rhône Villages,Côtes du Rhône Villages Rochegude
aire_parcellaire.2173;Bordeaux,Bordeaux supérieur,Crémant de Bordeaux
aire_parcellaire.2174;Bordeaux,Bordeaux supérieur,Crémant de Bordeaux,Entre-deux-Mers
aire_parcellaire.2175;Pierrevert
aire_parcellaire.2176;Ventoux
aire_parcellaire.2177;Côtes du Marmandais
aire_parcellaire.2178;Fronton
aire_parcellaire.2179;Coteaux d'Aix-en-Provence
aire_parcellaire.2180;Côtes du Rhône,Côtes du Rhône Villages,Côtes du Rhône Villages Valréas
aire_parcellaire.2181;Bordeaux,Bordeaux supérieur,Crémant de Bordeaux,Graves,Graves supérieures
aire_parcellaire.2182;Tavel
aire_parcellaire.2183;Corbières,Fitou,Grand Roussillon,Languedoc,Muscat de Rivesaltes,Rivesaltes
aire_parcellaire.2184;Côtes du Rhône
aire_parcellaire.2185;Bordeaux,Bordeaux supérieur,Crémant de Bordeaux,Graves,Graves supérieures,Pessac-Léognan
aire_parcellaire.2186;Côtes du Rhône Villages,Côtes du Rhône Villages Sainte-Cécile
aire_parcellaire.2187;Bergerac,Côtes de Bergerac,Côtes de Montravel,Haut-Montravel,Montravel
aire_parcellaire.2188;Bordeaux,Bordeaux supérieur,Crémant de Bordeaux,Entre-deux-Mers
aire_parcellaire.2189;Languedoc
aire_parcellaire.2190;Bordeaux,Bordeaux supérieur,Crémant de Bordeaux
aire_parcellaire.2191;Côtes du Rhône,Côtes du Rhône Villages,Côtes du Rhône Villages Laudun
aire_parcellaire.2192;Blaye,Bordeaux,Bordeaux supérieur,Crémant de Bordeaux,Côtes de Blaye,Côtes de Bordeaux,Côtes de Bordeaux Blaye
aire_parcellaire.2193;Bordeaux,Bordeaux supérieur,Crémant de Bordeaux
aire_parcellaire.2194;Côtes du Rhône
aire_parcellaire.2195;Côtes du Rhône,Côtes du Rhône Villages,Côtes du Rhône Villages Séguret
aire_parcellaire.2196;Côtes de Provence
aire_parcellaire.2197;Irouléguy
aire_parcellaire.2198;Côtes de Provence
aire_parcellaire.2199;Côtes de Duras
aire_parcellaire.2200;Fronton
aire_parcellaire.2201;Corbières,Languedoc
aire_parcellaire.2202;Grignan-les-Adhémar
aire_parcellaire.2203;Côtes du Rhône
aire_parcellaire.2204;Bergerac,Côtes de Bergerac,Côtes de Montravel,Haut-Montravel,Montravel
aire_parcellaire.2205;Costières de Nîmes
aire_parcellaire.2206;Côtes du Rhône,Côtes du Rhône Villages,Rasteau,Rasteau Vin Doux Naturel
aire_parcellaire.2207;Ventoux
aire_parcellaire.2208;Crémant de Limoux,Limoux
aire_parcellaire.2209;Bergerac,Côtes de Bergerac
aire_parcellaire.2210;Costières de Nîmes
aire_parcellaire.2211;Saint-Sardos
aire_parcellaire.2212;Côtes du Rhône
aire_parcellaire.2213;Bordeaux,Bordeaux supérieur,Crémant de Bordeaux,Côtes de Bourg, Bourg et Bourgeais
aire_parcellaire.2214;Ventoux
aire_parcellaire.2215;Bordeaux,Bordeaux supérieur,Crémant de Bordeaux,Entre-deux-Mers
aire_parcellaire.2216;Bordeaux,Bordeaux supérieur,Crémant de Bordeaux,Médoc
aire_parcellaire.2217;Costières de Nîmes
aire_parcellaire.2218;Grignan-les-Adhémar
aire_parcellaire.2219;Ventoux
aire_parcellaire.2220;Languedoc,Minervois
aire_parcellaire.2221;Bordeaux,Bordeaux supérieur,Crémant de Bordeaux
aire_parcellaire.2222;Coteaux d'Aix-en-Provence
aire_parcellaire.2223;Cahors
aire_parcellaire.2224;Ventoux
aire_parcellaire.2225;Coteaux d'Aix-en-Provence,Les Baux de Provence
aire_parcellaire.2226;Bergerac,Côtes de Bergerac
aire_parcellaire.2227;Coteaux d'Aix-en-Provence
aire_parcellaire.2228;Bordeaux,Bordeaux supérieur,Crémant de Bordeaux
aire_parcellaire.2229;Corbières,Languedoc
aire_parcellaire.2230;Bandol
aire_parcellaire.2231;Blaye,Bordeaux,Bordeaux supérieur,Crémant de Bordeaux,Côtes de Blaye,Côtes de Bordeaux,Côtes de Bordeaux Blaye
aire_parcellaire.2232;Coteaux d'Aix-en-Provence
aire_parcellaire.2233;Clairette de Die,Coteaux de Die,Crémant de Die
aire_parcellaire.2234;Coteaux d'Aix-en-Provence
aire_parcellaire.2235;Costières de Nîmes
aire_parcellaire.2236;Gaillac
aire_parcellaire.2237;Languedoc,Saint-Chinian
aire_parcellaire.2238;Vin de Corse ou Corse
aire_parcellaire.2239;Grignan-les-Adhémar
aire_parcellaire.2240;Crémant de Limoux,Limoux
aire_parcellaire.2241;Bordeaux,Bordeaux supérieur,Crémant de Bordeaux,Graves,Graves supérieures,Pessac-Léognan
aire_parcellaire.2242;Bordeaux,Bordeaux supérieur,Crémant de Bordeaux,Graves,Graves supérieures,Pessac-Léognan
aire_parcellaire.2243;Fronton
aire_parcellaire.2244;Costières de Nîmes
aire_parcellaire.2245;Ajaccio,Vin de Corse ou Corse
aire_parcellaire.2246;Gaillac
aire_parcellaire.2247;Costières de Nîmes
aire_parcellaire.2248;Languedoc,Saint-Chinian
aire_parcellaire.2249;Ventoux
aire_parcellaire.2250;Coteaux d'Aix-en-Provence
aire_parcellaire.2251;Corbières,Languedoc
aire_parcellaire.2252;Vin de Corse ou Corse,Vin de Corse ou Corse Figari
aire_parcellaire.2253;Bordeaux,Bordeaux supérieur,Crémant de Bordeaux,Entre-deux-Mers
aire_parcellaire.2254;Ajaccio,Vin de Corse ou Corse
aire_parcellaire.2255;Côtes du Rhône,Côtes du Rhône Villages,Côtes du Rhône Villages Plan de Dieu
aire_parcellaire.2256;Ajaccio,Vin de Corse ou Corse
aire_parcellaire.2257;Bordeaux,Bordeaux supérieur,Crémant de Bordeaux,Entre-deux-Mers
aire_parcellaire.2258;Côtes du Roussillon,Côtes du Roussillon Villages,Grand Roussillon,Languedoc,Muscat de Rivesaltes,Rivesaltes
aire_parcellaire.2259;Crozes-Hermitage ou Crozes-Ermitage,Côtes du Rhône
aire_parcellaire.2260;Côtes du Rhône,Côtes du Rhône Villages,Côtes du Rhône Villages Valréas
aire_parcellaire.2261;Bordeaux,Bordeaux supérieur,Crémant de Bordeaux,Entre-deux-Mers
aire_parcellaire.2262;Cheverny,Cour-Cheverny,Crémant de Loire
aire_parcellaire.2263;Côtes du Rhône
aire_parcellaire.2264;Corbières,Languedoc
aire_parcellaire.2265;Côtes de Provence
aire_parcellaire.2266;Bordeaux,Bordeaux supérieur,Crémant de Bordeaux,Graves,Graves supérieures,Pessac-Léognan
aire_parcellaire.2267;Buzet
aire_parcellaire.2268;Grignan-les-Adhémar
aire_parcellaire.2269;Buzet
aire_parcellaire.2270;Coteaux d'Aix-en-Provence,Les Baux de Provence
aire_parcellaire.2271;Béarn,Madiran,Pacherenc du Vic-Bilh
aire_parcellaire.2272;Côtes du Roussillon,Grand Roussillon,Languedoc,Muscat de Rivesaltes,Rivesaltes
aire_parcellaire.2273;Côtes du Roussillon,Languedoc
aire_parcellaire.2274;Fronton
aire_parcellaire.2275;Ventoux
aire_parcellaire.2276;Beaujolais,Beaujolais Villages,Crémant de Bourgogne
aire_parcellaire.2277;Côtes du Rhône
aire_parcellaire.2278;Coteaux d'Aix-en-Provence
aire_parcellaire.2279;Ventoux
aire_parcellaire.2280;Côtes du Rhône,Lirac
aire_parcellaire.2281;Côtes de Provence
aire_parcellaire.2282;Côtes du Marmandais
aire_parcellaire.2283;Corbières,Languedoc
aire_parcellaire.2284;Bordeaux,Bordeaux supérieur,Crémant de Bordeaux,Entre-deux-Mers
aire_parcellaire.2285;Anjou,Anjou Villages,Cabernet d'Anjou,Coteaux du Layon,Coteaux du Layon Faye-d'Anjou ou Faye,Crémant de Loire,Rosé d'Anjou,Rosé de Loire
aire_parcellaire.2286;Ajaccio,Vin de Corse ou Corse
aire_parcellaire.2287;Brulhois
aire_parcellaire.2288;Coteaux varois en Provence
aire_parcellaire.2289;Ventoux
aire_parcellaire.2290;Côtes du Rhône
aire_parcellaire.2291;Bordeaux,Bordeaux supérieur,Crémant de Bordeaux,Entre-deux-Mers
aire_parcellaire.2292;Coteaux d'Aix-en-Provence
aire_parcellaire.2293;Côtes de Provence
aire_parcellaire.2294;Costières de Nîmes
aire_parcellaire.2295;Luberon
aire_parcellaire.2296;Crémant de Limoux,Limoux
aire_parcellaire.2297;Costières de Nîmes
aire_parcellaire.2298;Crémant de Limoux,Limoux
aire_parcellaire.2299;Béarn,Madiran,Pacherenc du Vic-Bilh
aire_parcellaire.2300;Côtes de Provence
aire_parcellaire.2301;Bergerac,Côtes de Bergerac
aire_parcellaire.2302;Bergerac,Côtes de Bergerac
aire_parcellaire.2303;Côtes de Provence
aire_parcellaire.2304;Coteaux d'Aix-en-Provence,Les Baux de Provence
aire_parcellaire.2305;Bandol
aire_parcellaire.2306;Bordeaux,Bordeaux supérieur,Crémant de Bordeaux,Entre-deux-Mers
aire_parcellaire.2307;Bordeaux,Bordeaux supérieur,Crémant de Bordeaux,Côtes de Bordeaux-Saint-Macaire
aire_parcellaire.2308;Ventoux
aire_parcellaire.2309;Coteaux d'Aix-en-Provence
aire_parcellaire.2310;Tursan
aire_parcellaire.2311;Châtillon-en-Diois,Clairette de Die,Coteaux de Die,Crémant de Die
aire_parcellaire.2312;Côtes du Rhône
aire_parcellaire.2313;Côtes du Roussillon,Côtes du Roussillon Villages,Grand Roussillon,Languedoc,Muscat de Rivesaltes,Rivesaltes
aire_parcellaire.2314;Alsace,Alsace suivi d'un nom de lieu-dit,Crémant d’Alsace
aire_parcellaire.2315;Ajaccio,Vin de Corse ou Corse
aire_parcellaire.2316;Coteaux d'Aix-en-Provence
aire_parcellaire.2317;Bergerac,Côtes de Bergerac,Côtes de Montravel,Haut-Montravel,Montravel
aire_parcellaire.2318;Cairanne,Côtes du Rhône,Côtes du Rhône Villages
aire_parcellaire.2319;Bourgogne Passe-tout-grains,Bourgogne aligoté,Bourgogne mousseux,Coteaux Bourguignons ou Bourgogne grand ordinaire ou Bourgogne ordinaire,Crémant de Bourgogne,Mâcon,Mâcon Serrières
aire_parcellaire.2320;Blaye,Bordeaux,Bordeaux supérieur,Crémant de Bordeaux,Côtes de Blaye,Côtes de Bordeaux
aire_parcellaire.2321;Ventoux
aire_parcellaire.2322;Coteaux d'Aix-en-Provence
aire_parcellaire.2323;Vin de Corse ou Corse
aire_parcellaire.2324;Languedoc,Saint-Chinian
aire_parcellaire.2325;Bordeaux,Bordeaux supérieur,Crémant de Bordeaux
aire_parcellaire.2326;Ventoux
aire_parcellaire.2327;Côtes de Provence
aire_parcellaire.2328;Languedoc,Saint-Chinian
aire_parcellaire.2329;Côtes du Roussillon,Grand Roussillon,Languedoc,Muscat de Rivesaltes,Rivesaltes
aire_parcellaire.2330;Coteaux d'Aix-en-Provence
aire_parcellaire.2331;Bourgogne Passe-tout-grains,Bourgogne aligoté,Bourgogne mousseux,Coteaux Bourguignons ou Bourgogne grand ordinaire ou Bourgogne ordinaire,Crémant de Bourgogne,Mâcon,Mâcon Mancey
aire_parcellaire.2332;Côtes du Roussillon,Languedoc
aire_parcellaire.2333;Coteaux d'Aix-en-Provence
aire_parcellaire.2334;Bergerac,Côtes de Bergerac,Saussignac
aire_parcellaire.2335;Côtes de Provence
aire_parcellaire.2336;Languedoc
aire_parcellaire.2337;Côtes du Roussillon,Côtes du Roussillon Villages,Côtes du Roussillon Villages Tautavel,Grand Roussillon,Languedoc,Muscat de Rivesaltes,Rivesaltes
aire_parcellaire.2338;Tursan
aire_parcellaire.2339;Côtes du Vivarais
aire_parcellaire.2340;Côtes du Rhône
aire_parcellaire.2341;Côtes du Marmandais
aire_parcellaire.2342;Côtes du Marmandais
aire_parcellaire.2343;Fronton
aire_parcellaire.2344;Grignan-les-Adhémar
aire_parcellaire.2345;Sancerre
aire_parcellaire.2346;Languedoc
aire_parcellaire.2347;Béarn,Madiran,Pacherenc du Vic-Bilh
aire_parcellaire.2348;Grignan-les-Adhémar
aire_parcellaire.2349;Côtes du Rhône,Côtes du Rhône Villages,Côtes du Rhône Villages Chusclan
aire_parcellaire.2350;Bergerac,Côtes de Bergerac
aire_parcellaire.2351;Languedoc,Languedoc Saint-Georges-d'Orques
aire_parcellaire.2352;Blaye,Bordeaux,Bordeaux supérieur,Crémant de Bordeaux
aire_parcellaire.2353;Malepère
aire_parcellaire.2354;Languedoc,Minervois
aire_parcellaire.2355;Bergerac,Côtes de Bergerac
aire_parcellaire.2356;Côtes du Roussillon,Côtes du Roussillon Villages,Grand Roussillon,Languedoc,Muscat de Rivesaltes,Rivesaltes
aire_parcellaire.2357;Saint-Pourçain
aire_parcellaire.2358;Côtes du Rhône
aire_parcellaire.2359;Luberon
aire_parcellaire.2360;Côtes de Provence
aire_parcellaire.2361;Côtes du Roussillon,Côtes du Roussillon Villages,Grand Roussillon,Languedoc,Muscat de Rivesaltes,Rivesaltes
aire_parcellaire.2362;Bourgogne,Bourgogne Passe-tout-grains,Bourgogne aligoté,Bourgogne mousseux,Coteaux Bourguignons ou Bourgogne grand ordinaire ou Bourgogne ordinaire,Crémant de Bourgogne,Mâcon,Mâcon Saint-Gengoux-le-National,Mâcon Villages
aire_parcellaire.2363;Côtes du Roussillon,Grand Roussillon,Languedoc,Muscat de Rivesaltes,Rivesaltes
aire_parcellaire.2364;Languedoc,Saint-Chinian
aire_parcellaire.2365;Fronton
aire_parcellaire.2366;Côtes du Rhône,Côtes du Rhône Villages,Côtes du Rhône Villages Laudun
aire_parcellaire.2367;Languedoc
aire_parcellaire.2368;Ventoux
aire_parcellaire.2369;Ventoux
aire_parcellaire.2370;Côtes du Rhône
aire_parcellaire.2371;Luberon
aire_parcellaire.2372;Bordeaux,Bordeaux supérieur,Crémant de Bordeaux,Côtes de Bordeaux,Côtes de Bordeaux Cadillac,Premières Côtes de Bordeaux
aire_parcellaire.2373;Ventoux
aire_parcellaire.2374;Costières de Nîmes
aire_parcellaire.2375;Côtes du Roussillon,Côtes du Roussillon Villages,Grand Roussillon,Languedoc,Muscat de Rivesaltes,Rivesaltes
aire_parcellaire.2376;Bordeaux,Bordeaux supérieur,Crémant de Bordeaux,Entre-deux-Mers
aire_parcellaire.2377;Vin de Corse Sartène ou Corse Sartène,Vin de Corse ou Corse
aire_parcellaire.2378;Bordeaux,Bordeaux supérieur,Crémant de Bordeaux,Lalande-de-Pomerol
aire_parcellaire.2379;Côtes de Duras
aire_parcellaire.2380;Bergerac,Côtes de Bergerac,Rosette
aire_parcellaire.2381;Bergerac,Côtes de Bergerac
aire_parcellaire.2382;Bordeaux,Bordeaux supérieur,Crémant de Bordeaux,Côtes de Bordeaux,Côtes de Bordeaux Cadillac,Premières Côtes de Bordeaux
aire_parcellaire.2383;Côtes du Roussillon,Côtes du Roussillon Villages,Grand Roussillon,Languedoc,Muscat de Rivesaltes,Rivesaltes
aire_parcellaire.2384;Bergerac,Côtes de Bergerac,Côtes de Montravel,Haut-Montravel,Montravel
aire_parcellaire.2385;Coteaux d'Aix-en-Provence
aire_parcellaire.2386;Fronton
aire_parcellaire.2387;Ajaccio,Vin de Corse ou Corse
aire_parcellaire.2388;Bordeaux,Bordeaux supérieur,Crémant de Bordeaux,Entre-deux-Mers
aire_parcellaire.2389;Vin de Corse ou Corse
aire_parcellaire.2390;Côtes du Roussillon,Côtes du Roussillon Villages,Grand Roussillon,Languedoc,Muscat de Rivesaltes,Rivesaltes
aire_parcellaire.2391;Ventoux
aire_parcellaire.2392;Corbières,Languedoc
aire_parcellaire.2393;Muscat de Frontignan ou Frontignan ou Vin de Frontignan
aire_parcellaire.2394;Côtes du Rhône,Côtes du Rhône Villages,Côtes du Rhône Villages Rochegude
aire_parcellaire.2395;Chinon,Crémant de Loire,Rosé de Loire,Touraine
aire_parcellaire.2396;Côtes du Rhône
aire_parcellaire.2397;Fronton
aire_parcellaire.2398;Languedoc,Saint-Chinian
aire_parcellaire.2399;Ajaccio,Vin de Corse ou Corse
aire_parcellaire.2400;Ventoux
aire_parcellaire.2401;Bourgogne,Bourgogne Côtes du Couchois,Bourgogne Passe-tout-grains,Bourgogne aligoté,Bourgogne mousseux,Coteaux Bourguignons ou Bourgogne grand ordinaire ou Bourgogne ordinaire,Crémant de Bourgogne
aire_parcellaire.2402;Vin de Corse ou Corse,Vin de Corse ou Corse Figari
aire_parcellaire.2403;Bordeaux,Bordeaux supérieur,Crémant de Bordeaux
aire_parcellaire.2404;Côtes de Duras
aire_parcellaire.2405;Côtes du Roussillon,Côtes du Roussillon Villages,Grand Roussillon,Languedoc,Muscat de Rivesaltes,Rivesaltes
aire_parcellaire.2406;Vin de Corse ou Corse
aire_parcellaire.2407;Luberon
aire_parcellaire.2408;Fronton
aire_parcellaire.2409;Bordeaux,Bordeaux supérieur,Crémant de Bordeaux
aire_parcellaire.2410;Grignan-les-Adhémar
aire_parcellaire.2411;Bordeaux,Bordeaux supérieur,Crémant de Bordeaux,Entre-deux-Mers
aire_parcellaire.2412;Bergerac,Côtes de Bergerac,Pécharmant,Rosette
aire_parcellaire.2413;Châteauneuf-du-Pape,Côtes du Rhône
aire_parcellaire.2414;Corbières,Fitou,Grand Roussillon,Languedoc,Muscat de Rivesaltes,Rivesaltes
aire_parcellaire.2415;Bordeaux,Bordeaux supérieur,Cadillac,Crémant de Bordeaux,Côtes de Bordeaux,Côtes de Bordeaux Cadillac,Premières Côtes de Bordeaux
aire_parcellaire.2416;Gaillac
aire_parcellaire.2417;Crémant de Limoux,Limoux
aire_parcellaire.2418;Corbières,Languedoc
aire_parcellaire.2419;Blaye,Bordeaux,Bordeaux supérieur,Crémant de Bordeaux,Côtes de Blaye,Côtes de Bordeaux,Côtes de Bordeaux Blaye
aire_parcellaire.2420;Grignan-les-Adhémar
aire_parcellaire.2421;Clairette de Bellegarde,Costières de Nîmes
aire_parcellaire.2422;Côtes de Duras
aire_parcellaire.2423;Côtes de Provence
aire_parcellaire.2424;Côtes du Roussillon,Grand Roussillon,Languedoc,Muscat de Rivesaltes,Rivesaltes
aire_parcellaire.2425;Châteauneuf-du-Pape,Côtes du Rhône
aire_parcellaire.2426;Languedoc,Pic Saint-Loup
aire_parcellaire.2427;Côtes de Provence
aire_parcellaire.2428;Corbières,Languedoc
aire_parcellaire.2429;Côtes du Roussillon,Grand Roussillon,Languedoc,Muscat de Rivesaltes,Rivesaltes
aire_parcellaire.2430;Alsace,Alsace suivi d'un nom de lieu-dit,Crémant d’Alsace
aire_parcellaire.2431;Bourgogne,Bourgogne Passe-tout-grains,Bourgogne aligoté,Bourgogne mousseux,Coteaux Bourguignons ou Bourgogne grand ordinaire ou Bourgogne ordinaire,Crémant de Bourgogne,Mâcon,Mâcon Verzé,Mâcon Villages
aire_parcellaire.2432;Saint-Mont
aire_parcellaire.2433;Côtes du Roussillon,Côtes du Roussillon Villages,Grand Roussillon,Languedoc,Muscat de Rivesaltes,Rivesaltes
aire_parcellaire.2434;Côtes du Rhône
aire_parcellaire.2435;Côtes du Rhône
aire_parcellaire.2436;Languedoc
aire_parcellaire.2437;Fronton
aire_parcellaire.2438;Côtes du Rhône
aire_parcellaire.2439;Côtes du Roussillon,Côtes du Roussillon Villages,Grand Roussillon,Languedoc,Muscat de Rivesaltes,Rivesaltes
aire_parcellaire.2440;Vin de Corse ou Corse
aire_parcellaire.2441;Fronton
aire_parcellaire.2442;Côtes de Duras
aire_parcellaire.2443;Corbières,Languedoc
aire_parcellaire.2444;Muscat du Cap Corse,Patrimonio
aire_parcellaire.2445;Costières de Nîmes
aire_parcellaire.2446;Bordeaux,Bordeaux supérieur,Crémant de Bordeaux,Haut-Médoc,Médoc
aire_parcellaire.2447;Crémant de Limoux,Limoux
aire_parcellaire.2448;Blaye,Bordeaux,Bordeaux supérieur,Crémant de Bordeaux,Côtes de Blaye,Côtes de Bordeaux,Côtes de Bordeaux Blaye
aire_parcellaire.2449;Côtes du Rhône
aire_parcellaire.2450;Languedoc,Languedoc Saint-Saturnin
aire_parcellaire.2451;Châteauneuf-du-Pape,Côtes du Rhône
aire_parcellaire.2452;Côtes du Roussillon,Côtes du Roussillon Villages,Grand Roussillon,Languedoc,Muscat de Rivesaltes,Rivesaltes
aire_parcellaire.2453;Côtes du Roussillon,Grand Roussillon,Languedoc,Muscat de Rivesaltes,Rivesaltes
aire_parcellaire.2454;Ventoux
aire_parcellaire.2455;Gros Plant du Pays Nantais,Muscadet,Muscadet Sèvre et Maine
aire_parcellaire.2456;Luberon
aire_parcellaire.2457;Cahors
aire_parcellaire.2458;Vin de Corse Calvi ou Corse Calvi,Vin de Corse ou Corse
aire_parcellaire.2459;Languedoc,Minervois
aire_parcellaire.2460;Coteaux d'Aix-en-Provence
aire_parcellaire.2461;Coteaux d'Aix-en-Provence
aire_parcellaire.2462;Clairette de Die,Coteaux de Die,Crémant de Die
aire_parcellaire.2463;Bordeaux,Bordeaux supérieur,Crémant de Bordeaux,Graves,Graves supérieures
aire_parcellaire.2464;Côtes du Roussillon,Côtes du Roussillon Villages,Grand Roussillon,Languedoc,Muscat de Rivesaltes,Rivesaltes
aire_parcellaire.2465;Ventoux
aire_parcellaire.2466;Côtes du Roussillon,Côtes du Roussillon Villages,Grand Roussillon,Languedoc,Muscat de Rivesaltes,Rivesaltes
aire_parcellaire.2467;Côtes du Roussillon,Grand Roussillon,Languedoc,Muscat de Rivesaltes,Rivesaltes
aire_parcellaire.2468;Buzet
aire_parcellaire.2469;Côtes du Roussillon,Languedoc
aire_parcellaire.2470;Bordeaux,Bordeaux supérieur,Crémant de Bordeaux,Entre-deux-Mers
aire_parcellaire.2471;Crémant du Jura,Côtes du Jura,Macvin du Jura
aire_parcellaire.2472;Côtes du Roussillon,Grand Roussillon,Languedoc,Muscat de Rivesaltes,Rivesaltes
aire_parcellaire.2473;Ventoux
aire_parcellaire.2474;Marcillac
aire_parcellaire.2475;Côtes du Roussillon,Côtes du Roussillon Villages,Côtes du Roussillon Villages Tautavel,Languedoc
aire_parcellaire.2476;Côtes du Rhône,Côtes du Rhône Villages,Côtes du Rhône Villages Plan de Dieu
aire_parcellaire.2477;Bandol
aire_parcellaire.2478;Côtes de Provence
aire_parcellaire.2479;Bordeaux,Bordeaux supérieur,Crémant de Bordeaux
aire_parcellaire.2480;Bordeaux,Bordeaux supérieur,Crémant de Bordeaux,Entre-deux-Mers
aire_parcellaire.2481;Grand Roussillon,Muscat de Rivesaltes,Rivesaltes
aire_parcellaire.2482;Grignan-les-Adhémar
aire_parcellaire.2483;Bordeaux,Bordeaux supérieur,Crémant de Bordeaux
aire_parcellaire.2484;Languedoc
aire_parcellaire.2485;Vin de Corse ou Corse
aire_parcellaire.2486;Blaye,Bordeaux,Bordeaux supérieur,Crémant de Bordeaux,Côtes de Blaye,Côtes de Bordeaux,Côtes de Bordeaux Blaye
aire_parcellaire.2487;Côtes du Rhône
aire_parcellaire.2488;Côtes du Roussillon,Grand Roussillon,Languedoc,Muscat de Rivesaltes,Rivesaltes
aire_parcellaire.2489;Côtes du Rhône,Côtes du Rhône Villages,Rasteau,Rasteau Vin Doux Naturel
aire_parcellaire.2490;Corbières,Languedoc
aire_parcellaire.2491;Alsace,Alsace suivi d'un nom de lieu-dit,Crémant d’Alsace
aire_parcellaire.2492;Bergerac,Côtes de Bergerac
aire_parcellaire.2493;Luberon
aire_parcellaire.2494;Bordeaux,Bordeaux supérieur,Crémant de Bordeaux,Entre-deux-Mers
aire_parcellaire.2495;Bordeaux,Bordeaux supérieur,Crémant de Bordeaux
aire_parcellaire.2496;Côtes de Provence
aire_parcellaire.2497;Vin de Corse ou Corse
aire_parcellaire.2498;Coteaux varois en Provence
aire_parcellaire.2499;Languedoc,Saint-Chinian
aire_parcellaire.2500;Côtes du Rhône
aire_parcellaire.2501;Côtes du Roussillon,Grand Roussillon,Languedoc,Muscat de Rivesaltes,Rivesaltes
aire_parcellaire.2502;Corbières,Fitou,Grand Roussillon,Languedoc,Muscat de Rivesaltes,Rivesaltes
aire_parcellaire.2503;Côtes du Rhône,Côtes du Rhône Villages
aire_parcellaire.2504;Ventoux
aire_parcellaire.2505;Côtes de Provence
aire_parcellaire.2506;Vin de Corse ou Corse
aire_parcellaire.2507;Costières de Nîmes
aire_parcellaire.2508;Languedoc,Minervois
aire_parcellaire.2509;Côtes de Provence
aire_parcellaire.2510;Grignan-les-Adhémar
aire_parcellaire.2511;Ventoux
aire_parcellaire.2512;Bordeaux,Bordeaux supérieur,Crémant de Bordeaux,Côtes de Bordeaux,Côtes de Bordeaux Francs
aire_parcellaire.2513;Vin de Corse ou Corse
aire_parcellaire.2514;Vin de Corse Calvi ou Corse Calvi,Vin de Corse ou Corse
aire_parcellaire.2515;Crémant de Limoux,Limoux
aire_parcellaire.2516;Côtes du Roussillon,Grand Roussillon,Languedoc,Muscat de Rivesaltes,Rivesaltes
aire_parcellaire.2517;Corbières,Languedoc
aire_parcellaire.2518;Malepère
aire_parcellaire.2519;Alsace,Alsace suivi d'un nom de lieu-dit,Crémant d’Alsace
aire_parcellaire.2520;Bourgogne,Bourgogne Passe-tout-grains,Bourgogne aligoté,Bourgogne mousseux,Coteaux Bourguignons ou Bourgogne grand ordinaire ou Bourgogne ordinaire,Crémant de Bourgogne,Mâcon,Mâcon Verzé,Mâcon Villages
aire_parcellaire.2521;Grignan-les-Adhémar
aire_parcellaire.2522;Ventoux
aire_parcellaire.2523;Corbières,Languedoc
aire_parcellaire.2524;Bordeaux,Bordeaux supérieur,Crémant de Bordeaux,Graves,Graves supérieures,Pessac-Léognan
aire_parcellaire.2525;Coteaux d'Aix-en-Provence
aire_parcellaire.2526;Côtes du Roussillon,Grand Roussillon,Languedoc,Muscat de Rivesaltes,Rivesaltes
aire_parcellaire.2527;Languedoc,Minervois
aire_parcellaire.2528;Beaujolais,Crémant de Bourgogne
aire_parcellaire.2529;Bordeaux,Bordeaux supérieur,Crémant de Bordeaux
aire_parcellaire.2530;Côtes de Provence
aire_parcellaire.2531;Côtes du Rhône
aire_parcellaire.2532;Bordeaux,Bordeaux supérieur,Crémant de Bordeaux
aire_parcellaire.2533;Palette
aire_parcellaire.2534;Bordeaux,Bordeaux supérieur,Crémant de Bordeaux,Entre-deux-Mers
aire_parcellaire.2535;Bordeaux,Bordeaux supérieur,Crémant de Bordeaux,Entre-deux-Mers
aire_parcellaire.2536;Corbières,Languedoc
aire_parcellaire.2537;Côtes de Provence
aire_parcellaire.2538;Ventoux
aire_parcellaire.2539;Bergerac,Côtes de Bergerac
aire_parcellaire.2540;Vin de Corse ou Corse
aire_parcellaire.2541;Corbières,Languedoc
aire_parcellaire.2542;Corbières,Languedoc
aire_parcellaire.2543;Languedoc,Minervois
aire_parcellaire.2544;Ajaccio,Vin de Corse ou Corse
aire_parcellaire.2545;Clairette de Bellegarde,Costières de Nîmes
aire_parcellaire.2546;Côtes du Rhône
aire_parcellaire.2547;Alsace,Alsace suivi d'un nom de lieu-dit,Crémant d’Alsace
aire_parcellaire.2548;Bergerac,Côtes de Bergerac
aire_parcellaire.2549;Bourgogne Passe-tout-grains,Bourgogne aligoté,Bourgogne mousseux,Coteaux Bourguignons ou Bourgogne grand ordinaire ou Bourgogne ordinaire,Crémant de Bourgogne
aire_parcellaire.2550;Côtes du Rhône,Côtes du Rhône Villages,Côtes du Rhône Villages Séguret
aire_parcellaire.2551;Costières de Nîmes
aire_parcellaire.2552;Ajaccio,Vin de Corse ou Corse
aire_parcellaire.2553;Bergerac,Côtes de Bergerac,Pécharmant,Rosette
aire_parcellaire.2554;Côtes du Roussillon,Grand Roussillon,Languedoc,Muscat de Rivesaltes,Rivesaltes
aire_parcellaire.2555;Corbières,Languedoc
aire_parcellaire.2556;Languedoc,Saint-Chinian
aire_parcellaire.2557;Grignan-les-Adhémar
aire_parcellaire.2558;Bordeaux,Bordeaux supérieur,Crémant de Bordeaux,Entre-deux-Mers
aire_parcellaire.2559;Côtes du Roussillon,Languedoc
aire_parcellaire.2560;Costières de Nîmes
aire_parcellaire.2561;Ventoux
aire_parcellaire.2562;Vin de Corse ou Corse
aire_parcellaire.2563;Côtes du Rhône,Côtes du Rhône Villages
aire_parcellaire.2564;Côtes de Provence
aire_parcellaire.2565;Bordeaux,Bordeaux supérieur,Cadillac,Crémant de Bordeaux,Côtes de Bordeaux,Côtes de Bordeaux Cadillac,Premières Côtes de Bordeaux
aire_parcellaire.2566;Côtes de Provence
aire_parcellaire.2567;Ventoux
aire_parcellaire.2568;Côtes de Provence
aire_parcellaire.2569;Vin de Corse Sartène ou Corse Sartène,Vin de Corse ou Corse
aire_parcellaire.2570;Anjou,Cabernet d'Anjou,Crémant de Loire,Rosé d'Anjou,Rosé de Loire
aire_parcellaire.2571;Languedoc,Saint-Chinian,Saint-Chinian Berlou
aire_parcellaire.2572;Vin de Corse Calvi ou Corse Calvi,Vin de Corse ou Corse
aire_parcellaire.2573;Côtes du Roussillon,Côtes du Roussillon Villages,Grand Roussillon,Languedoc,Muscat de Rivesaltes,Rivesaltes
aire_parcellaire.2574;Cahors
aire_parcellaire.2575;Ventoux
aire_parcellaire.2576;Côtes du Roussillon,Côtes du Roussillon Villages,Grand Roussillon,Languedoc,Muscat de Rivesaltes,Rivesaltes
aire_parcellaire.2577;Bourgogne,Bourgogne Passe-tout-grains,Bourgogne aligoté,Bourgogne mousseux,Coteaux Bourguignons ou Bourgogne grand ordinaire ou Bourgogne ordinaire,Crémant de Bourgogne
aire_parcellaire.2578;Corbières,Languedoc
aire_parcellaire.2579;Côtes du Rhône,Côtes du Rhône Villages,Côtes du Rhône Villages Plan de Dieu
aire_parcellaire.2580;Bandol
aire_parcellaire.2581;Muscat de Frontignan ou Frontignan ou Vin de Frontignan
aire_parcellaire.2582;Ajaccio,Vin de Corse ou Corse
aire_parcellaire.2583;Crémant de Loire,Rosé de Loire,Touraine,Touraine Chenonceaux
aire_parcellaire.2584;Alsace,Alsace suivi d'un nom de lieu-dit,Crémant d’Alsace
aire_parcellaire.2585;Grignan-les-Adhémar
aire_parcellaire.2586;Côtes du Roussillon,Côtes du Roussillon Villages,Grand Roussillon,Languedoc,Muscat de Rivesaltes,Rivesaltes
aire_parcellaire.2587;Ventoux
aire_parcellaire.2588;Alsace,Alsace suivi d'un nom de lieu-dit,Crémant d’Alsace
aire_parcellaire.2589;Bordeaux,Bordeaux supérieur,Crémant de Bordeaux,Entre-deux-Mers
aire_parcellaire.2590;Côtes du Rhône,Côtes du Rhône Villages,Côtes du Rhône Villages Valréas
aire_parcellaire.2591;Ventoux
aire_parcellaire.2592;Grignan-les-Adhémar
aire_parcellaire.2593;Bordeaux,Bordeaux supérieur,Crémant de Bordeaux,Lalande-de-Pomerol
aire_parcellaire.2594;Clairette de Die,Coteaux de Die,Crémant de Die
aire_parcellaire.2595;Corbières,Languedoc
aire_parcellaire.2596;Bordeaux,Bordeaux supérieur,Crémant de Bordeaux,Entre-deux-Mers
aire_parcellaire.2597;Vin de Corse ou Corse
aire_parcellaire.2598;Brulhois
aire_parcellaire.2599;Gaillac
aire_parcellaire.2600;Côtes du Rhône
aire_parcellaire.2601;Côtes du Roussillon,Côtes du Roussillon Villages,Grand Roussillon,Languedoc,Muscat de Rivesaltes,Rivesaltes
aire_parcellaire.2602;Bordeaux,Bordeaux supérieur,Crémant de Bordeaux,Haut-Médoc,Médoc
aire_parcellaire.2603;Côtes du Rhône,Côtes du Rhône Villages,Côtes du Rhône Villages Sablet
aire_parcellaire.2604;Bordeaux,Bordeaux supérieur,Crémant de Bordeaux,Entre-deux-Mers
aire_parcellaire.2605;Muscat de Mireval
aire_parcellaire.2606;Bordeaux,Bordeaux supérieur,Crémant de Bordeaux,Côtes de Bordeaux,Côtes de Bordeaux Cadillac,Premières Côtes de Bordeaux
aire_parcellaire.2607;Bordeaux,Bordeaux supérieur,Crémant de Bordeaux,Médoc
aire_parcellaire.2608;Vin de Corse ou Corse
aire_parcellaire.2609;Corbières,Languedoc
aire_parcellaire.2610;Cahors
aire_parcellaire.2611;Coteaux d'Aix-en-Provence
aire_parcellaire.2612;Fronton
aire_parcellaire.2613;Blaye,Bordeaux,Bordeaux supérieur,Crémant de Bordeaux,Côtes de Blaye,Côtes de Bordeaux,Côtes de Bordeaux Blaye
aire_parcellaire.2614;Ajaccio,Vin de Corse ou Corse
aire_parcellaire.2615;Côtes de Provence
aire_parcellaire.2616;Ventoux
aire_parcellaire.2617;Côtes du Roussillon,Côtes du Roussillon Villages,Grand Roussillon,Languedoc,Muscat de Rivesaltes,Rivesaltes
aire_parcellaire.2618;Bergerac,Côtes de Bergerac
aire_parcellaire.2619;Vin de Corse ou Corse
aire_parcellaire.2620;Béarn,Madiran,Pacherenc du Vic-Bilh
aire_parcellaire.2621;Pierrevert
aire_parcellaire.2622;Buzet
aire_parcellaire.2623;Bordeaux,Bordeaux supérieur,Crémant de Bordeaux,Saint-Emilion,Saint-Emilion grand cru
aire_parcellaire.2624;Côtes de Provence
aire_parcellaire.2625;Grignan-les-Adhémar
aire_parcellaire.2626;Bordeaux,Bordeaux supérieur,Crémant de Bordeaux,Entre-deux-Mers
aire_parcellaire.2627;Alsace,Alsace suivi d'un nom de lieu-dit,Crémant d’Alsace
aire_parcellaire.2628;Coteaux d'Aix-en-Provence
aire_parcellaire.2629;Coteaux d'Aix-en-Provence
aire_parcellaire.2630;Bergerac,Côtes de Bergerac
aire_parcellaire.2631;Costières de Nîmes
aire_parcellaire.2632;Côtes du Rhône
aire_parcellaire.2633;Bergerac,Côtes de Bergerac,Côtes de Montravel,Haut-Montravel,Montravel
aire_parcellaire.2634;Côtes du Rhône
aire_parcellaire.2635;Côtes de Duras
aire_parcellaire.2636;Bordeaux,Bordeaux supérieur,Crémant de Bordeaux
aire_parcellaire.2637;Côtes du Rhône
aire_parcellaire.2638;Ventoux
aire_parcellaire.2639;Grignan-les-Adhémar
aire_parcellaire.2640;Languedoc
aire_parcellaire.2641;Alsace,Alsace suivi d'un nom de lieu-dit,Crémant d’Alsace
aire_parcellaire.2642;Corbières,Languedoc
aire_parcellaire.2643;Côtes de Provence
aire_parcellaire.2644;Coteaux d'Aix-en-Provence
aire_parcellaire.2645;Pierrevert
aire_parcellaire.2646;Coteaux varois en Provence
aire_parcellaire.2647;Bordeaux,Bordeaux supérieur,Crémant de Bordeaux
aire_parcellaire.2648;Côtes de Provence
aire_parcellaire.2649;Bergerac,Côtes de Bergerac,Saussignac
aire_parcellaire.2650;Grignan-les-Adhémar
aire_parcellaire.2651;Côtes du Rhône
aire_parcellaire.2652;Bourgogne,Bourgogne Chitry,Bourgogne Passe-tout-grains,Bourgogne aligoté,Bourgogne mousseux,Coteaux Bourguignons ou Bourgogne grand ordinaire ou Bourgogne ordinaire,Crémant de Bourgogne
aire_parcellaire.2653;Côtes du Rhône
aire_parcellaire.2654;Corbières,Languedoc
aire_parcellaire.2655;Luberon
aire_parcellaire.2656;Languedoc,Saint-Chinian
aire_parcellaire.2657;Entraygues - Le Fel
aire_parcellaire.2658;Malepère
aire_parcellaire.2659;Bourgogne,Bourgogne Passe-tout-grains,Bourgogne aligoté,Bourgogne mousseux,Coteaux Bourguignons ou Bourgogne grand ordinaire ou Bourgogne ordinaire,Crémant de Bourgogne,Mâcon,Mâcon Igé,Mâcon Villages
aire_parcellaire.2660;Luberon
aire_parcellaire.2661;Béarn,Madiran,Pacherenc du Vic-Bilh
aire_parcellaire.2662;Alsace,Alsace suivi d'un nom de lieu-dit,Crémant d’Alsace
aire_parcellaire.2663;Crémant de Limoux,Limoux
aire_parcellaire.2664;Marcillac
aire_parcellaire.2665;Vin de Corse ou Corse
aire_parcellaire.2666;Anjou,Anjou Villages,Cabernet d'Anjou,Crémant de Loire,Rosé d'Anjou,Rosé de Loire
aire_parcellaire.2667;Ventoux
aire_parcellaire.2668;Bordeaux,Bordeaux supérieur,Crémant de Bordeaux
aire_parcellaire.2669;Corbières,Languedoc
aire_parcellaire.2670;Vin de Corse ou Corse
aire_parcellaire.2671;Côtes de Provence
aire_parcellaire.2672;Bordeaux,Bordeaux supérieur,Crémant de Bordeaux,Entre-deux-Mers
aire_parcellaire.2673;Chablis,Crémant de Bourgogne,Petit Chablis
aire_parcellaire.2674;Bordeaux,Bordeaux supérieur,Crémant de Bordeaux
aire_parcellaire.2675;Saint-Mont
aire_parcellaire.2676;Bordeaux,Bordeaux supérieur,Crémant de Bordeaux
aire_parcellaire.2677;Coteaux d'Aix-en-Provence,Les Baux de Provence
aire_parcellaire.2678;Costières de Nîmes
aire_parcellaire.2679;Bandol
aire_parcellaire.2680;Muscat du Cap Corse,Patrimonio
aire_parcellaire.2681;Coteaux d'Aix-en-Provence
aire_parcellaire.2682;Bordeaux,Bordeaux supérieur,Crémant de Bordeaux,Entre-deux-Mers
aire_parcellaire.2683;Coteaux varois en Provence
aire_parcellaire.2684;Crémant de Limoux,Limoux
aire_parcellaire.2685;Costières de Nîmes
aire_parcellaire.2686;Coteaux d'Aix-en-Provence
aire_parcellaire.2687;Côtes du Roussillon,Côtes du Roussillon Villages,Grand Roussillon,Languedoc,Muscat de Rivesaltes,Rivesaltes
aire_parcellaire.2688;Corbières,Fitou,Grand Roussillon,Languedoc,Muscat de Rivesaltes,Rivesaltes
aire_parcellaire.2689;Chinon,Crémant de Loire,Rosé de Loire,Touraine
aire_parcellaire.2690;Corbières,Languedoc
aire_parcellaire.2691;Ajaccio,Vin de Corse ou Corse
aire_parcellaire.2692;Bergerac,Côtes de Bergerac
aire_parcellaire.2693;Languedoc,Languedoc La Méjanelle
aire_parcellaire.2694;Ajaccio,Vin de Corse ou Corse
aire_parcellaire.2695;Coteaux d'Aix-en-Provence,Les Baux de Provence
aire_parcellaire.2696;Ventoux
aire_parcellaire.2697;Quincy
aire_parcellaire.2698;Blaye,Bordeaux,Bordeaux supérieur,Crémant de Bordeaux,Côtes de Blaye,Côtes de Bordeaux,Côtes de Bordeaux Blaye
aire_parcellaire.2699;Fronton
aire_parcellaire.2700;Côtes de Provence
aire_parcellaire.2701;Coteaux d'Aix-en-Provence
aire_parcellaire.2702;Clairette de Bellegarde,Costières de Nîmes
aire_parcellaire.2703;Costières de Nîmes
aire_parcellaire.2704;Corbières,Fitou,Languedoc
aire_parcellaire.2705;Côtes du Rhône,Côtes du Rhône Villages,Rasteau,Rasteau Vin Doux Naturel
aire_parcellaire.2706;Costières de Nîmes
aire_parcellaire.2707;Faugères,Languedoc
aire_parcellaire.2708;Irouléguy
aire_parcellaire.2709;Vin de Corse ou Corse,Vin de Corse ou Corse Figari
aire_parcellaire.2710;Corbières,Languedoc
aire_parcellaire.2711;Côtes du Roussillon,Côtes du Roussillon Villages,Grand Roussillon,Languedoc,Muscat de Rivesaltes,Rivesaltes
aire_parcellaire.2712;Côtes de Duras
aire_parcellaire.2713;Côtes de Provence
aire_parcellaire.2714;Brulhois
aire_parcellaire.2715;Coteaux d'Aix-en-Provence
aire_parcellaire.2716;Vin de Corse Sartène ou Corse Sartène,Vin de Corse ou Corse
aire_parcellaire.2717;Bordeaux,Bordeaux supérieur,Crémant de Bordeaux,Entre-deux-Mers
aire_parcellaire.2718;Coteaux d'Aix-en-Provence,Les Baux de Provence
aire_parcellaire.2719;Ventoux
aire_parcellaire.2720;Côtes du Rhône
aire_parcellaire.2721;Coteaux d'Aix-en-Provence
aire_parcellaire.2722;Côtes du Rhône,Côtes du Rhône Villages,Côtes du Rhône Villages Séguret
aire_parcellaire.2723;Banyuls,Banyuls grand cru,Collioure,Grand Roussillon,Languedoc,Muscat de Rivesaltes
aire_parcellaire.2724;Côtes du Marmandais
aire_parcellaire.2725;Vin de Corse Calvi ou Corse Calvi,Vin de Corse ou Corse
aire_parcellaire.2726;Bourgogne,Bourgogne Passe-tout-grains,Bourgogne aligoté,Bourgogne mousseux,Coteaux Bourguignons ou Bourgogne grand ordinaire ou Bourgogne ordinaire,Crémant de Bourgogne,Mâcon,Mâcon Mancey,Mâcon Villages
aire_parcellaire.2727;Muscat de Frontignan ou Frontignan ou Vin de Frontignan
aire_parcellaire.2728;Vin de Corse Sartène ou Corse Sartène,Vin de Corse ou Corse
aire_parcellaire.2729;Bordeaux,Bordeaux supérieur,Crémant de Bordeaux,Graves,Graves supérieures
aire_parcellaire.2730;Languedoc,Saint-Chinian
aire_parcellaire.2731;Languedoc,Saint-Chinian
aire_parcellaire.2732;Languedoc
aire_parcellaire.2733;Côtes du Rhône,Côtes du Rhône Villages,Côtes du Rhône Villages Rousset-les-Vignes
aire_parcellaire.2734;Grignan-les-Adhémar
aire_parcellaire.2735;Vin de Corse ou Corse,Vin de Corse ou Corse Figari
aire_parcellaire.2736;Côtes du Roussillon,Côtes du Roussillon Villages,Grand Roussillon,Languedoc,Muscat de Rivesaltes,Rivesaltes
aire_parcellaire.2737;Bergerac,Côtes de Bergerac
aire_parcellaire.2738;Costières de Nîmes
aire_parcellaire.2739;Pouilly-Fumé ou Blanc Fumé de Pouilly,Pouilly-sur-Loire
aire_parcellaire.2740;Languedoc,Pic Saint-Loup
aire_parcellaire.2741;Vin de Corse Porto-Vecchio ou Corse Porto-Vecchio,Vin de Corse ou Corse
aire_parcellaire.2742;Muscat du Cap Corse,Vin de Corse Coteaux du Cap Corse ou Corse Coteaux du Cap Corse,Vin de Corse ou Corse
aire_parcellaire.2743;Corbières,Fitou,Grand Roussillon,Languedoc,Muscat de Rivesaltes,Rivesaltes
aire_parcellaire.2744;Bordeaux,Bordeaux supérieur,Crémant de Bordeaux,Haut-Médoc,Médoc
aire_parcellaire.2745;Bergerac,Côtes de Bergerac
aire_parcellaire.2746;Côtes du Rhône,Côtes du Rhône Villages,Côtes du Rhône Villages Valréas
aire_parcellaire.2747;Blaye,Bordeaux,Bordeaux supérieur,Crémant de Bordeaux,Côtes de Blaye,Côtes de Bordeaux,Côtes de Bordeaux Blaye
aire_parcellaire.2748;Ventoux
aire_parcellaire.2749;Languedoc
aire_parcellaire.2750;Côtes du Rhône
aire_parcellaire.2751;Côtes de Provence
aire_parcellaire.2752;Fronton
aire_parcellaire.2753;Bergerac,Côtes de Bergerac,Rosette
aire_parcellaire.2754;Corbières,Languedoc
aire_parcellaire.2755;Banyuls,Banyuls grand cru,Collioure,Grand Roussillon,Languedoc,Muscat de Rivesaltes
aire_parcellaire.2756;Languedoc
aire_parcellaire.2757;Côtes de Provence
aire_parcellaire.2758;Côtes de Provence
aire_parcellaire.2759;Costières de Nîmes
aire_parcellaire.2760;Vin de Corse Calvi ou Corse Calvi,Vin de Corse ou Corse
aire_parcellaire.2761;Bordeaux,Bordeaux supérieur,Crémant de Bordeaux,Médoc
aire_parcellaire.2762;Blaye,Bordeaux,Bordeaux supérieur,Crémant de Bordeaux,Côtes de Blaye,Côtes de Bordeaux
aire_parcellaire.2763;Cahors
aire_parcellaire.2764;Bordeaux,Bordeaux supérieur,Crémant de Bordeaux,Graves,Graves supérieures
aire_parcellaire.2765;Côtes de Provence
aire_parcellaire.2766;Côtes du Roussillon,Grand Roussillon,Languedoc,Muscat de Rivesaltes,Rivesaltes
aire_parcellaire.2767;Côtes de Provence
aire_parcellaire.2768;Côtes du Roussillon,Côtes du Roussillon Villages,Grand Roussillon,Languedoc,Muscat de Rivesaltes,Rivesaltes
aire_parcellaire.2769;Grignan-les-Adhémar
aire_parcellaire.2770;Bordeaux,Bordeaux supérieur,Cadillac,Crémant de Bordeaux,Côtes de Bordeaux,Côtes de Bordeaux Cadillac,Premières Côtes de Bordeaux
aire_parcellaire.2771;Bordeaux,Bordeaux supérieur,Crémant de Bordeaux,Entre-deux-Mers
aire_parcellaire.2772;Bergerac,Côtes de Bergerac,Côtes de Montravel,Haut-Montravel,Montravel
aire_parcellaire.2773;Blaye,Bordeaux,Bordeaux supérieur,Crémant de Bordeaux,Côtes de Blaye,Côtes de Bordeaux,Côtes de Bordeaux Blaye
aire_parcellaire.2774;Bordeaux,Bordeaux supérieur,Crémant de Bordeaux
aire_parcellaire.2775;Fronton
aire_parcellaire.2776;Costières de Nîmes
aire_parcellaire.2777;Côtes du Roussillon,Grand Roussillon,Languedoc,Muscat de Rivesaltes,Rivesaltes
aire_parcellaire.2778;Bordeaux,Bordeaux supérieur,Cadillac,Crémant de Bordeaux,Côtes de Bordeaux,Côtes de Bordeaux Cadillac,Premières Côtes de Bordeaux
aire_parcellaire.2779;Bourgogne Passe-tout-grains,Bourgogne aligoté,Bourgogne mousseux,Coteaux Bourguignons ou Bourgogne grand ordinaire ou Bourgogne ordinaire,Crémant de Bourgogne,Mâcon,Mâcon Saint-Gengoux-le-National
aire_parcellaire.2780;Bordeaux,Bordeaux supérieur,Crémant de Bordeaux
aire_parcellaire.2781;Bordeaux,Bordeaux supérieur,Cadillac,Crémant de Bordeaux,Côtes de Bordeaux,Côtes de Bordeaux Cadillac,Premières Côtes de Bordeaux
aire_parcellaire.2782;Ventoux
aire_parcellaire.2783;Bourgogne Passe-tout-grains,Bourgogne aligoté,Bourgogne mousseux,Coteaux Bourguignons ou Bourgogne grand ordinaire ou Bourgogne ordinaire,Crémant de Bourgogne
aire_parcellaire.2784;Grignan-les-Adhémar
aire_parcellaire.2785;Languedoc,Saint-Chinian
aire_parcellaire.2786;Bordeaux,Bordeaux supérieur,Crémant de Bordeaux,Entre-deux-Mers
aire_parcellaire.2787;Bordeaux,Bordeaux supérieur,Crémant de Bordeaux,Entre-deux-Mers
aire_parcellaire.2788;Grignan-les-Adhémar
aire_parcellaire.2789;Corbières,Languedoc
aire_parcellaire.2790;Crémant de Limoux,Limoux
aire_parcellaire.2791;Corbières,Fitou,Grand Roussillon,Languedoc,Muscat de Rivesaltes,Rivesaltes
aire_parcellaire.2792;Ajaccio,Vin de Corse ou Corse
aire_parcellaire.2793;Costières de Nîmes
aire_parcellaire.2794;Vin de Corse ou Corse,Vin de Corse ou Corse Figari
aire_parcellaire.2795;Clairette de Die,Coteaux de Die,Crémant de Die
aire_parcellaire.2796;Ajaccio,Vin de Corse ou Corse
aire_parcellaire.2797;Ventoux
aire_parcellaire.2798;Crémant de Loire,Rosé de Loire,Touraine,Touraine Azay-le-Rideau
aire_parcellaire.2799;Coteaux d'Aix-en-Provence
aire_parcellaire.2800;Luberon
aire_parcellaire.2801;Faugères,Languedoc
aire_parcellaire.2802;Valençay
aire_parcellaire.2803;Gaillac
aire_parcellaire.2804;Languedoc,Saint-Chinian
aire_parcellaire.2805;Bergerac,Côtes de Bergerac
aire_parcellaire.2806;Luberon
aire_parcellaire.2807;Côtes du Rhône,Côtes du Rhône Villages
aire_parcellaire.2808;Ventoux
aire_parcellaire.2809;Côtes du Roussillon,Côtes du Roussillon Villages,Grand Roussillon,Languedoc,Muscat de Rivesaltes,Rivesaltes
aire_parcellaire.2810;Bordeaux,Bordeaux supérieur,Crémant de Bordeaux
aire_parcellaire.2811;Châteauneuf-du-Pape,Côtes du Rhône
aire_parcellaire.2812;Côtes du Rhône
aire_parcellaire.2813;Ventoux
aire_parcellaire.2814;Côtes du Rhône,Côtes du Rhône Villages,Côtes du Rhône Villages Laudun
aire_parcellaire.2815;Vin de Corse ou Corse
aire_parcellaire.2816;Grignan-les-Adhémar
aire_parcellaire.2817;Bordeaux,Bordeaux supérieur,Crémant de Bordeaux,Côtes de Bordeaux-Saint-Macaire
aire_parcellaire.2818;Ventoux
aire_parcellaire.2819;Bordeaux,Bordeaux supérieur,Crémant de Bordeaux,Médoc
aire_parcellaire.2820;Crémant du Jura,Côtes du Jura,Macvin du Jura
aire_parcellaire.2821;Alsace,Alsace suivi d'un nom de lieu-dit,Crémant d’Alsace
aire_parcellaire.2822;Costières de Nîmes
aire_parcellaire.2823;Coteaux d'Aix-en-Provence
aire_parcellaire.2824;Bordeaux,Bordeaux supérieur,Crémant de Bordeaux
aire_parcellaire.2825;Ajaccio,Vin de Corse ou Corse
aire_parcellaire.2826;Ventoux
aire_parcellaire.2827;Clairette du Languedoc,Clairette du Languedoc Cabrières
aire_parcellaire.2828;Languedoc,Saint-Chinian
aire_parcellaire.2829;Bandol
aire_parcellaire.2830;Costières de Nîmes
aire_parcellaire.2831;Bergerac,Côtes de Bergerac
aire_parcellaire.2832;Bordeaux,Bordeaux supérieur,Crémant de Bordeaux,Graves,Graves supérieures,Pessac-Léognan
aire_parcellaire.2833;Ventoux
aire_parcellaire.2834;Côtes du Rhône
aire_parcellaire.2835;Ventoux
aire_parcellaire.2836;Fronton
aire_parcellaire.2837;Languedoc,Minervois
aire_parcellaire.2838;Bordeaux,Bordeaux supérieur,Crémant de Bordeaux
aire_parcellaire.2839;Ventoux
aire_parcellaire.2840;Vin de Corse ou Corse
aire_parcellaire.2841;Côtes du Roussillon,Grand Roussillon,Languedoc,Muscat de Rivesaltes,Rivesaltes
aire_parcellaire.2842;Côtes de Provence
aire_parcellaire.2843;Ajaccio,Vin de Corse ou Corse
aire_parcellaire.2844;Fronton
aire_parcellaire.2845;Côtes du Rhône
aire_parcellaire.2846;Côtes du Rhône
aire_parcellaire.2847;Côtes du Rhône
aire_parcellaire.2848;Bordeaux,Bordeaux supérieur,Crémant de Bordeaux
aire_parcellaire.2849;Crémant du Jura,Côtes du Jura,Macvin du Jura
aire_parcellaire.2850;Ventoux
aire_parcellaire.2851;Côtes du Rhône Villages,Côtes du Rhône Villages Sainte-Cécile
aire_parcellaire.2852;Ventoux
aire_parcellaire.2853;Bordeaux,Bordeaux supérieur,Crémant de Bordeaux,Médoc
aire_parcellaire.2854;Côtes du Rhône,Côtes du Rhône Villages,Côtes du Rhône Villages Laudun
aire_parcellaire.2855;Fronton
aire_parcellaire.2856;Ajaccio,Vin de Corse ou Corse
aire_parcellaire.2857;Vin de Corse ou Corse
aire_parcellaire.2858;Corbières,Grand Roussillon,Languedoc,Muscat de Rivesaltes,Rivesaltes
aire_parcellaire.2859;Côtes de Provence
aire_parcellaire.2860;Bordeaux,Bordeaux supérieur,Crémant de Bordeaux,Entre-deux-Mers
aire_parcellaire.2861;Fronton
aire_parcellaire.2862;Bandol
aire_parcellaire.2863;Crozes-Hermitage ou Crozes-Ermitage,Côtes du Rhône
aire_parcellaire.2864;Bergerac,Côtes de Bergerac,Côtes de Montravel,Haut-Montravel,Montravel
aire_parcellaire.2865;Languedoc,Saint-Chinian
aire_parcellaire.2866;Côtes du Roussillon,Côtes du Roussillon Villages,Côtes du Roussillon Villages Tautavel,Grand Roussillon,Languedoc,Muscat de Rivesaltes,Rivesaltes
aire_parcellaire.2867;Bordeaux,Bordeaux supérieur,Cadillac,Crémant de Bordeaux,Côtes de Bordeaux,Côtes de Bordeaux Cadillac,Premières Côtes de Bordeaux
aire_parcellaire.2868;Côtes de Provence
aire_parcellaire.2869;Buzet
aire_parcellaire.2870;Languedoc
aire_parcellaire.2871;Bordeaux,Bordeaux supérieur,Crémant de Bordeaux
aire_parcellaire.2872;Corbières,Languedoc
aire_parcellaire.2873;Corbières,Languedoc
aire_parcellaire.2874;Languedoc,Saint-Chinian
aire_parcellaire.2875;Côtes du Rhône,Côtes du Rhône Villages,Côtes du Rhône Villages Rochegude
aire_parcellaire.2876;Muscat du Cap Corse,Patrimonio
aire_parcellaire.2877;Côtes du Rhône
aire_parcellaire.2878;Coteaux d'Aix-en-Provence
aire_parcellaire.2879;Côtes du Vivarais
aire_parcellaire.2880;Languedoc,Minervois
aire_parcellaire.2881;Beaujolais,Crémant de Bourgogne
aire_parcellaire.2882;Ajaccio,Vin de Corse ou Corse
aire_parcellaire.2883;Bergerac,Côtes de Bergerac,Côtes de Montravel,Haut-Montravel,Montravel
aire_parcellaire.2884;Valençay
aire_parcellaire.2885;Ventoux
aire_parcellaire.2886;Côtes de Provence
aire_parcellaire.2887;Bordeaux,Bordeaux supérieur,Crémant de Bordeaux
aire_parcellaire.2888;Languedoc,Pic Saint-Loup
aire_parcellaire.2889;Bordeaux,Bordeaux supérieur,Crémant de Bordeaux,Entre-deux-Mers
aire_parcellaire.2890;Corbières,Languedoc
aire_parcellaire.2891;Coteaux d'Aix-en-Provence
aire_parcellaire.2892;Coteaux d'Aix-en-Provence
aire_parcellaire.2893;Vin de Corse Calvi ou Corse Calvi,Vin de Corse ou Corse
aire_parcellaire.2894;Corbières,Fitou,Grand Roussillon,Languedoc,Muscat de Rivesaltes,Rivesaltes
aire_parcellaire.2895;Bandol
aire_parcellaire.2896;Vin de Corse Porto-Vecchio ou Corse Porto-Vecchio,Vin de Corse ou Corse
aire_parcellaire.2897;Roussette de Savoie,Vin de Savoie Chignin-Bergeron,Vin de Savoie Montmélian,Vin de Savoie ou Savoie
aire_parcellaire.2898;Côtes du Rhône
aire_parcellaire.2899;Bourgogne,Bourgogne Hautes Côtes de Nuits,Bourgogne Passe-tout-grains,Bourgogne aligoté,Bourgogne mousseux,Coteaux Bourguignons ou Bourgogne grand ordinaire ou Bourgogne ordinaire,Crémant de Bourgogne
aire_parcellaire.2900;Costières de Nîmes
aire_parcellaire.2901;Côtes du Roussillon,Côtes du Roussillon Villages,Côtes du Roussillon Villages Caramany,Languedoc
aire_parcellaire.2902;Côtes du Rhône
aire_parcellaire.2903;Bourgogne,Bourgogne Passe-tout-grains,Bourgogne aligoté,Bourgogne mousseux,Coteaux Bourguignons ou Bourgogne grand ordinaire ou Bourgogne ordinaire,Crémant de Bourgogne,Mâcon,Mâcon Igé,Mâcon Villages
aire_parcellaire.2904;Côtes du Rhône Villages,Côtes du Rhône Villages Sainte-Cécile
aire_parcellaire.2905;Béarn,Madiran,Pacherenc du Vic-Bilh
aire_parcellaire.2906;Languedoc,Minervois
aire_parcellaire.2907;Corbières,Languedoc
aire_parcellaire.2908;Bandol
aire_parcellaire.2909;Côtes du Roussillon,Côtes du Roussillon Villages,Grand Roussillon,Languedoc,Maury,Muscat de Rivesaltes,Rivesaltes
aire_parcellaire.2910;Côtes du Roussillon,Côtes du Roussillon Villages,Grand Roussillon,Languedoc,Maury,Muscat de Rivesaltes,Rivesaltes
aire_parcellaire.2911;Alsace,Alsace suivi d'un nom de lieu-dit,Crémant d’Alsace
aire_parcellaire.2912;Bordeaux,Bordeaux supérieur,Crémant de Bordeaux
aire_parcellaire.2913;Corbières,Languedoc
aire_parcellaire.2914;Valençay
aire_parcellaire.2915;Côtes du Rhône
aire_parcellaire.2916;Muscat du Cap Corse,Vin de Corse Coteaux du Cap Corse ou Corse Coteaux du Cap Corse,Vin de Corse ou Corse
aire_parcellaire.2917;Bordeaux,Bordeaux supérieur,Crémant de Bordeaux
aire_parcellaire.2918;Grignan-les-Adhémar
aire_parcellaire.2919;Côtes du Rhône
aire_parcellaire.2920;Chinon,Crémant de Loire,Rosé de Loire,Touraine
aire_parcellaire.2921;Ventoux
aire_parcellaire.2922;Bordeaux,Bordeaux supérieur,Crémant de Bordeaux,Entre-deux-Mers
aire_parcellaire.2923;Alsace,Alsace suivi d'un nom de lieu-dit,Crémant d’Alsace
aire_parcellaire.2924;Côtes du Rhône,Côtes du Rhône Villages,Côtes du Rhône Villages Séguret
aire_parcellaire.2925;Bordeaux,Bordeaux supérieur,Crémant de Bordeaux,Entre-deux-Mers
aire_parcellaire.2926;Coteaux d'Aix-en-Provence
aire_parcellaire.2927;Ventoux
aire_parcellaire.2928;Côtes du Rhône,Côtes du Rhône Villages,Côtes du Rhône Villages Valréas
aire_parcellaire.2929;Grignan-les-Adhémar
aire_parcellaire.2930;Côtes du Roussillon,Côtes du Roussillon Villages,Grand Roussillon,Languedoc,Muscat de Rivesaltes,Rivesaltes
aire_parcellaire.2931;Grignan-les-Adhémar
aire_parcellaire.2932;Languedoc,Minervois
aire_parcellaire.2933;Alsace,Alsace suivi d'un nom de lieu-dit,Crémant d’Alsace
aire_parcellaire.2934;Côtes du Rhône,Côtes du Rhône Villages,Côtes du Rhône Villages Laudun
aire_parcellaire.2935;Côtes du Rhône
aire_parcellaire.2936;Malepère
aire_parcellaire.2937;Côtes de Provence
aire_parcellaire.2938;Crémant de Limoux,Limoux
aire_parcellaire.2939;Côtes du Roussillon,Grand Roussillon,Languedoc,Muscat de Rivesaltes,Rivesaltes
aire_parcellaire.2940;Costières de Nîmes
aire_parcellaire.2941;Bordeaux,Bordeaux supérieur,Crémant de Bordeaux,Entre-deux-Mers
aire_parcellaire.2942;Ventoux
aire_parcellaire.2943;Côtes du Rhône
aire_parcellaire.2944;Côtes du Roussillon,Grand Roussillon,Languedoc,Muscat de Rivesaltes,Rivesaltes
aire_parcellaire.2945;Gaillac
aire_parcellaire.2946;Ventoux
aire_parcellaire.2947;Bordeaux,Bordeaux supérieur,Crémant de Bordeaux
aire_parcellaire.2948;Languedoc
aire_parcellaire.2949;Luberon
aire_parcellaire.2950;Bandol
aire_parcellaire.2951;Bordeaux,Bordeaux supérieur,Crémant de Bordeaux
aire_parcellaire.2952;Grignan-les-Adhémar
aire_parcellaire.2953;Côtes du Rhône
aire_parcellaire.2954;Ajaccio,Vin de Corse ou Corse
aire_parcellaire.2955;Corbières,Fitou,Grand Roussillon,Languedoc,Muscat de Rivesaltes,Rivesaltes
aire_parcellaire.2956;Coteaux d'Aix-en-Provence
aire_parcellaire.2957;Ventoux
aire_parcellaire.2958;Bourgogne,Bourgogne Passe-tout-grains,Bourgogne aligoté,Bourgogne mousseux,Coteaux Bourguignons ou Bourgogne grand ordinaire ou Bourgogne ordinaire,Crémant de Bourgogne,Mâcon,Mâcon Lugny,Mâcon Villages
aire_parcellaire.2959;Grignan-les-Adhémar
aire_parcellaire.2960;Bergerac,Côtes de Bergerac,Rosette
aire_parcellaire.2961;Côtes du Rhône
aire_parcellaire.2962;Vin de Corse ou Corse
aire_parcellaire.2963;Côtes du Rhône,Côtes du Rhône Villages,Côtes du Rhône Villages Signargues
aire_parcellaire.2964;Ventoux
aire_parcellaire.2965;Bordeaux,Bordeaux supérieur,Crémant de Bordeaux,Fronsac
aire_parcellaire.2966;Vin de Corse ou Corse
aire_parcellaire.2967;Buzet
aire_parcellaire.2968;Vin de Corse Sartène ou Corse Sartène,Vin de Corse ou Corse
aire_parcellaire.2969;Anjou,Cabernet d'Anjou,Crémant de Loire,Rosé d'Anjou,Rosé de Loire,Saumur
aire_parcellaire.2970;Bordeaux,Bordeaux supérieur,Cadillac,Crémant de Bordeaux,Côtes de Bordeaux,Côtes de Bordeaux Cadillac,Premières Côtes de Bordeaux
aire_parcellaire.2971;Côtes du Rhône
aire_parcellaire.2972;Fronton
aire_parcellaire.2973;Brulhois
aire_parcellaire.2974;Ventoux
aire_parcellaire.2975;Languedoc,Saint-Chinian
aire_parcellaire.2976;Bergerac,Côtes de Bergerac
aire_parcellaire.2977;Côtes du Rhône,Côtes du Rhône Villages,Côtes du Rhône Villages Suze-la-Rousse
aire_parcellaire.2978;Côtes de Provence
aire_parcellaire.2979;Côtes du Roussillon,Languedoc
aire_parcellaire.2980;Côtes du Rhône
aire_parcellaire.2981;Côtes du Rhône
aire_parcellaire.2982;Languedoc,Saint-Chinian
aire_parcellaire.2983;Côtes du Rhône
aire_parcellaire.2984;Corbières,Languedoc
aire_parcellaire.2985;Ajaccio,Vin de Corse ou Corse
aire_parcellaire.2986;Corbières,Fitou,Grand Roussillon,Languedoc,Muscat de Rivesaltes,Rivesaltes
aire_parcellaire.2987;Bordeaux,Bordeaux supérieur,Crémant de Bordeaux
aire_parcellaire.2988;Bourgogne,Bourgogne Passe-tout-grains,Bourgogne aligoté,Bourgogne mousseux,Coteaux Bourguignons ou Bourgogne grand ordinaire ou Bourgogne ordinaire,Crémant de Bourgogne,Mâcon,Mâcon Mancey,Mâcon Villages
aire_parcellaire.2989;Fronton
aire_parcellaire.2990;Grignan-les-Adhémar
aire_parcellaire.2991;Côtes du Roussillon,Côtes du Roussillon Villages,Grand Roussillon,Languedoc,Muscat de Rivesaltes,Rivesaltes
aire_parcellaire.2992;Bordeaux,Bordeaux supérieur,Crémant de Bordeaux,Entre-deux-Mers
aire_parcellaire.2993;Corbières,Languedoc
aire_parcellaire.2994;Bergerac,Côtes de Bergerac,Saussignac
aire_parcellaire.2995;Languedoc,Saint-Chinian
aire_parcellaire.2996;Côtes de Duras
aire_parcellaire.2997;Côtes de Provence
aire_parcellaire.2998;Côtes de Provence
aire_parcellaire.2999;Grand Roussillon,Muscat de Rivesaltes,Rivesaltes
aire_parcellaire.3000;Béarn,Madiran,Pacherenc du Vic-Bilh
aire_parcellaire.3001;Côtes du Roussillon,Côtes du Roussillon Villages,Grand Roussillon,Languedoc,Muscat de Rivesaltes,Rivesaltes
aire_parcellaire.3002;Crémant de Limoux,Limoux
aire_parcellaire.3003;Brulhois
aire_parcellaire.3004;Côtes du Roussillon,Grand Roussillon,Languedoc,Muscat de Rivesaltes,Rivesaltes
aire_parcellaire.3005;Ventoux
aire_parcellaire.3006;Corbières,Grand Roussillon,Languedoc,Muscat de Rivesaltes,Rivesaltes
aire_parcellaire.3007;Côtes de Provence
aire_parcellaire.3008;Ventoux
aire_parcellaire.3009;Languedoc
aire_parcellaire.3010;Bourgogne,Bourgogne Passe-tout-grains,Bourgogne aligoté,Bourgogne mousseux,Coteaux Bourguignons ou Bourgogne grand ordinaire ou Bourgogne ordinaire,Crémant de Bourgogne,Mâcon,Mâcon Verzé,Mâcon Villages
aire_parcellaire.3011;Côtes du Rhône
aire_parcellaire.3012;Bordeaux,Bordeaux supérieur,Crémant de Bordeaux,Lalande-de-Pomerol
aire_parcellaire.3013;Costières de Nîmes
aire_parcellaire.3014;Luberon
aire_parcellaire.3015;Bordeaux,Bordeaux Haut-Benauge,Bordeaux supérieur,Crémant de Bordeaux,Entre-deux-Mers,Entre-deux-Mers Haut-Benauge
aire_parcellaire.3016;Brulhois
aire_parcellaire.3017;Bordeaux,Bordeaux supérieur,Cadillac,Crémant de Bordeaux,Côtes de Bordeaux,Côtes de Bordeaux Cadillac,Premières Côtes de Bordeaux
aire_parcellaire.3018;Côtes du Rhône,Côtes du Rhône Villages
aire_parcellaire.3019;Corbières,Languedoc
aire_parcellaire.3020;Saint-Mont
aire_parcellaire.3021;Ventoux
aire_parcellaire.3022;Ventoux
aire_parcellaire.3023;Côtes du Rhône
aire_parcellaire.3024;Ventoux
aire_parcellaire.3025;Costières de Nîmes
aire_parcellaire.3026;Languedoc,Saint-Chinian
aire_parcellaire.3027;Côtes du Rhône,Côtes du Rhône Villages,Côtes du Rhône Villages Valréas
aire_parcellaire.3028;Buzet
aire_parcellaire.3029;Grignan-les-Adhémar
aire_parcellaire.3030;Vin de Corse Calvi ou Corse Calvi,Vin de Corse ou Corse
aire_parcellaire.3031;Languedoc,Saint-Chinian
aire_parcellaire.3032;Alsace,Alsace suivi d'un nom de lieu-dit,Crémant d’Alsace
aire_parcellaire.3033;Côtes de Provence
aire_parcellaire.3034;Ajaccio,Vin de Corse ou Corse
aire_parcellaire.3035;Côtes de Provence
aire_parcellaire.3036;Bourgogne,Bourgogne Hautes Côtes de Beaune,Bourgogne Passe-tout-grains,Bourgogne aligoté,Bourgogne mousseux,Coteaux Bourguignons ou Bourgogne grand ordinaire ou Bourgogne ordinaire,Crémant de Bourgogne
aire_parcellaire.3037;Fronton
aire_parcellaire.3038;Côtes du Rhône,Côtes du Rhône Villages,Côtes du Rhône Villages Laudun
aire_parcellaire.3039;Côtes du Rhône,Côtes du Rhône Villages,Côtes du Rhône Villages Séguret
aire_parcellaire.3040;Côtes du Roussillon,Côtes du Roussillon Villages,Grand Roussillon,Languedoc,Muscat de Rivesaltes,Rivesaltes
aire_parcellaire.3041;Côtes de Duras
aire_parcellaire.3042;Ventoux
aire_parcellaire.3043;Corbières,Languedoc
aire_parcellaire.3044;Malepère
aire_parcellaire.3045;Languedoc
aire_parcellaire.3046;Grignan-les-Adhémar
aire_parcellaire.3047;Bergerac,Côtes de Bergerac
aire_parcellaire.3048;Banyuls,Banyuls grand cru,Collioure,Grand Roussillon,Languedoc,Muscat de Rivesaltes
aire_parcellaire.3049;Côtes du Rhône,Côtes du Rhône Villages,Côtes du Rhône Villages Plan de Dieu
aire_parcellaire.3050;Languedoc,Minervois
aire_parcellaire.3051;Ventoux
aire_parcellaire.3052;Côtes du Rhône
aire_parcellaire.3053;Costières de Nîmes
aire_parcellaire.3054;Côtes de Provence
aire_parcellaire.3055;Crémant de Loire,Montlouis-sur-Loire,Rosé de Loire,Touraine
aire_parcellaire.3056;Bourgogne,Bourgogne Passe-tout-grains,Bourgogne aligoté,Bourgogne mousseux,Coteaux Bourguignons ou Bourgogne grand ordinaire ou Bourgogne ordinaire,Crémant de Bourgogne,Mâcon,Mâcon Mancey,Mâcon Villages
aire_parcellaire.3057;Bourgogne,Bourgogne Hautes Côtes de Beaune,Bourgogne Passe-tout-grains,Bourgogne aligoté,Bourgogne mousseux,Coteaux Bourguignons ou Bourgogne grand ordinaire ou Bourgogne ordinaire,Crémant de Bourgogne
aire_parcellaire.3058;Cairanne,Côtes du Rhône,Côtes du Rhône Villages
aire_parcellaire.3059;Fronton
aire_parcellaire.3060;Ventoux
aire_parcellaire.3061;Côtes du Marmandais
aire_parcellaire.3062;Alsace,Alsace suivi d'un nom de lieu-dit,Crémant d’Alsace
aire_parcellaire.3063;Coteaux d'Aix-en-Provence,Les Baux de Provence
aire_parcellaire.3064;Bordeaux,Bordeaux supérieur,Crémant de Bordeaux,Côtes de Bourg, Bourg et Bourgeais
aire_parcellaire.3065;Bergerac,Côtes de Bergerac
aire_parcellaire.3066;Côtes du Roussillon,Côtes du Roussillon Villages,Grand Roussillon,Languedoc,Muscat de Rivesaltes,Rivesaltes
aire_parcellaire.3067;Chablis,Crémant de Bourgogne,Petit Chablis
aire_parcellaire.3068;Ventoux
aire_parcellaire.3069;Corbières,Languedoc
aire_parcellaire.3070;Bordeaux,Bordeaux supérieur,Crémant de Bordeaux,Lalande-de-Pomerol
aire_parcellaire.3071;Côtes du Rhône
aire_parcellaire.3072;Vin de Corse Sartène ou Corse Sartène,Vin de Corse ou Corse
aire_parcellaire.3073;Côtes du Roussillon,Grand Roussillon,Languedoc,Muscat de Rivesaltes,Rivesaltes
aire_parcellaire.3074;Côtes de Provence
aire_parcellaire.3075;Fronton
aire_parcellaire.3076;Ventoux
aire_parcellaire.3077;Costières de Nîmes
aire_parcellaire.3078;Bordeaux,Bordeaux supérieur,Crémant de Bordeaux
aire_parcellaire.3079;Côtes du Roussillon,Côtes du Roussillon Villages,Grand Roussillon,Languedoc,Muscat de Rivesaltes,Rivesaltes
aire_parcellaire.3080;Ajaccio,Vin de Corse ou Corse
aire_parcellaire.3081;Côtes du Roussillon,Grand Roussillon,Languedoc,Muscat de Rivesaltes,Rivesaltes
aire_parcellaire.3082;Ventoux
aire_parcellaire.3083;Corbières,Languedoc
aire_parcellaire.3084;Clairette du Languedoc,Clairette du Languedoc Lieuran-Cabrières
aire_parcellaire.3085;Alsace,Alsace suivi d'un nom de lieu-dit,Crémant d’Alsace
aire_parcellaire.3086;Costières de Nîmes
aire_parcellaire.3087;Bordeaux,Bordeaux supérieur,Crémant de Bordeaux
aire_parcellaire.3088;Côtes du Rhône
aire_parcellaire.3089;Corbières,Languedoc
aire_parcellaire.3090;Ventoux
aire_parcellaire.3091;Côtes du Rhône
aire_parcellaire.3092;Bordeaux,Bordeaux supérieur,Crémant de Bordeaux,Côtes de Bordeaux-Saint-Macaire
aire_parcellaire.3093;Costières de Nîmes
aire_parcellaire.3094;Faugères,Languedoc
aire_parcellaire.3095;Côtes du Rhône
aire_parcellaire.3096;Bordeaux,Bordeaux supérieur,Crémant de Bordeaux,Côtes de Bordeaux,Côtes de Bordeaux Francs
aire_parcellaire.3097;Côtes du Rhône
aire_parcellaire.3098;Vin de Corse ou Corse
aire_parcellaire.3099;Côtes du Marmandais
aire_parcellaire.3100;Ventoux
aire_parcellaire.3101;Corbières,Languedoc
aire_parcellaire.3102;Côtes du Rhône
aire_parcellaire.3103;Côtes du Roussillon,Grand Roussillon,Languedoc,Muscat de Rivesaltes,Rivesaltes
aire_parcellaire.3104;Coteaux d'Aix-en-Provence
aire_parcellaire.3105;Grignan-les-Adhémar
aire_parcellaire.3106;Côtes du Rhône
aire_parcellaire.3107;Luberon
aire_parcellaire.3108;Blaye,Bordeaux,Bordeaux supérieur,Crémant de Bordeaux
aire_parcellaire.3109;Bordeaux,Bordeaux supérieur,Crémant de Bordeaux,Entre-deux-Mers
aire_parcellaire.3110;Blaye,Bordeaux,Bordeaux supérieur,Crémant de Bordeaux,Côtes de Blaye,Côtes de Bordeaux,Côtes de Bordeaux Blaye
aire_parcellaire.3111;Côtes de Provence
aire_parcellaire.3112;Tursan
aire_parcellaire.3113;Alsace,Alsace suivi d'un nom de lieu-dit,Crémant d’Alsace
aire_parcellaire.3114;Alsace,Alsace suivi d'un nom de lieu-dit,Crémant d’Alsace
aire_parcellaire.3115;Malepère
aire_parcellaire.3116;Ventoux
aire_parcellaire.3117;Côtes du Rhône,Côtes du Rhône Villages,Côtes du Rhône Villages Valréas
aire_parcellaire.3118;Coteaux d'Aix-en-Provence
aire_parcellaire.3119;Bourgogne,Bourgogne Côtes du Couchois,Bourgogne Passe-tout-grains,Bourgogne aligoté,Bourgogne mousseux,Coteaux Bourguignons ou Bourgogne grand ordinaire ou Bourgogne ordinaire,Crémant de Bourgogne
aire_parcellaire.3120;Corbières,Languedoc
aire_parcellaire.3121;Châteauneuf-du-Pape,Côtes du Rhône
aire_parcellaire.3122;Quincy
aire_parcellaire.3123;Languedoc,Languedoc Saint-Georges-d'Orques
aire_parcellaire.3124;Crémant de Limoux,Limoux
aire_parcellaire.3125;Ventoux
aire_parcellaire.3126;Côtes du Marmandais
aire_parcellaire.3127;Vin de Corse ou Corse
aire_parcellaire.3128;Côtes du Roussillon,Côtes du Roussillon Villages,Côtes du Roussillon Villages Caramany,Languedoc
aire_parcellaire.3129;Luberon
aire_parcellaire.3130;Bordeaux,Bordeaux supérieur,Crémant de Bordeaux,Entre-deux-Mers
aire_parcellaire.3131;Muscat du Cap Corse,Vin de Corse Coteaux du Cap Corse ou Corse Coteaux du Cap Corse,Vin de Corse ou Corse
aire_parcellaire.3132;Cahors
aire_parcellaire.3133;Languedoc,Saint-Chinian
aire_parcellaire.3134;Ventoux
aire_parcellaire.3135;Grignan-les-Adhémar
aire_parcellaire.3136;Muscat du Cap Corse,Vin de Corse Coteaux du Cap Corse ou Corse Coteaux du Cap Corse,Vin de Corse ou Corse
aire_parcellaire.3137;Arbois,Crémant du Jura,Côtes du Jura,Macvin du Jura
aire_parcellaire.3138;Vin de Corse ou Corse
aire_parcellaire.3139;Côtes du Roussillon,Côtes du Roussillon Villages,Grand Roussillon,Languedoc,Muscat de Rivesaltes,Rivesaltes
aire_parcellaire.3140;Muscat de Mireval
aire_parcellaire.3141;Ventoux
aire_parcellaire.3142;Faugères,Languedoc
aire_parcellaire.3143;Côtes du Rhône,Côtes du Rhône Villages
aire_parcellaire.3144;Grignan-les-Adhémar
aire_parcellaire.3145;Coteaux d'Aix-en-Provence
aire_parcellaire.3146;Côtes du Rhône,Côtes du Rhône Villages,Côtes du Rhône Villages Plan de Dieu
aire_parcellaire.3147;Languedoc
aire_parcellaire.3148;Côtes du Roussillon,Côtes du Roussillon Villages,Grand Roussillon,Languedoc,Muscat de Rivesaltes,Rivesaltes
aire_parcellaire.3149;Corbières,Languedoc
aire_parcellaire.3150;Côtes du Marmandais
aire_parcellaire.3151;Côtes de Duras
aire_parcellaire.3152;Bergerac,Côtes de Bergerac
aire_parcellaire.3153;Ventoux
aire_parcellaire.3154;Côtes de Provence,Côtes de Provence Sainte-Victoire
aire_parcellaire.3155;Bergerac,Côtes de Bergerac,Rosette
aire_parcellaire.3156;Côtes de Provence
aire_parcellaire.3157;Côtes de Provence
aire_parcellaire.3158;Bordeaux,Bordeaux supérieur,Cadillac,Crémant de Bordeaux,Côtes de Bordeaux,Côtes de Bordeaux Cadillac,Premières Côtes de Bordeaux
aire_parcellaire.3159;Béarn,Madiran,Pacherenc du Vic-Bilh
aire_parcellaire.3160;Chablis,Crémant de Bourgogne,Petit Chablis
aire_parcellaire.3161;Languedoc,Saint-Chinian
aire_parcellaire.3162;Tursan
aire_parcellaire.3163;Blaye,Bordeaux,Bordeaux supérieur,Crémant de Bordeaux,Côtes de Blaye,Côtes de Bordeaux,Côtes de Bordeaux Blaye
aire_parcellaire.3164;Bordeaux,Bordeaux supérieur,Crémant de Bordeaux
aire_parcellaire.3165;Côtes du Marmandais
aire_parcellaire.3166;Buzet
aire_parcellaire.3167;Côtes du Roussillon,Côtes du Roussillon Villages,Grand Roussillon,Languedoc,Muscat de Rivesaltes,Rivesaltes
aire_parcellaire.3168;Fronton
aire_parcellaire.3169;Beaujolais,Beaujolais Saint-Etienne-des-Oullières,Beaujolais Villages,Crémant de Bourgogne
aire_parcellaire.3170;Côtes du Roussillon,Languedoc
aire_parcellaire.3171;Bergerac,Côtes de Bergerac,Côtes de Montravel,Haut-Montravel,Montravel
aire_parcellaire.3172;Ventoux
aire_parcellaire.3173;Saint-Pourçain
aire_parcellaire.3174;Fronton
aire_parcellaire.3175;Saint-Mont
aire_parcellaire.3176;Côtes du Roussillon,Côtes du Roussillon Villages,Grand Roussillon,Languedoc,Maury,Muscat de Rivesaltes,Rivesaltes
aire_parcellaire.3177;Languedoc,Minervois
aire_parcellaire.3178;Côtes du Rhône
aire_parcellaire.3179;Ventoux
aire_parcellaire.3180;Bergerac,Côtes de Bergerac,Côtes de Montravel,Haut-Montravel,Montravel
aire_parcellaire.3181;Ajaccio,Vin de Corse ou Corse
aire_parcellaire.3182;Ventoux
aire_parcellaire.3183;Alsace,Crémant d’Alsace
aire_parcellaire.3184;Bourgogne,Bourgogne Côtes du Couchois,Bourgogne Passe-tout-grains,Bourgogne aligoté,Bourgogne mousseux,Coteaux Bourguignons ou Bourgogne grand ordinaire ou Bourgogne ordinaire,Crémant de Bourgogne
aire_parcellaire.3185;Crémant de Loire,Rosé de Loire,Touraine
aire_parcellaire.3186;Chablis,Crémant de Bourgogne,Petit Chablis
aire_parcellaire.3187;Bordeaux,Bordeaux supérieur,Crémant de Bordeaux,Entre-deux-Mers
aire_parcellaire.3188;Grignan-les-Adhémar
aire_parcellaire.3189;Luberon
aire_parcellaire.3190;Luberon
aire_parcellaire.3191;Beaujolais,Crémant de Bourgogne
aire_parcellaire.3192;Bordeaux,Bordeaux supérieur,Crémant de Bordeaux,Haut-Médoc,Médoc
aire_parcellaire.3193;Languedoc
aire_parcellaire.3194;Bordeaux,Bordeaux supérieur,Crémant de Bordeaux,Médoc
aire_parcellaire.3195;Alsace,Alsace suivi d'un nom de lieu-dit,Crémant d’Alsace
aire_parcellaire.3196;Costières de Nîmes
aire_parcellaire.3197;Ventoux
aire_parcellaire.3198;Blaye,Bordeaux,Bordeaux supérieur,Crémant de Bordeaux
aire_parcellaire.3199;Muscat du Cap Corse,Patrimonio
aire_parcellaire.3200;Côtes de Provence
aire_parcellaire.3201;Bergerac,Côtes de Bergerac
aire_parcellaire.3202;Grignan-les-Adhémar
aire_parcellaire.3203;Corbières,Languedoc
aire_parcellaire.3204;Ajaccio,Vin de Corse ou Corse
aire_parcellaire.3205;Vin de Corse ou Corse
aire_parcellaire.3206;Ajaccio,Vin de Corse ou Corse
aire_parcellaire.3207;Fronton
aire_parcellaire.3208;Orléans,Orléans-Cléry
aire_parcellaire.3209;Alsace,Alsace suivi d'un nom de lieu-dit,Crémant d’Alsace
aire_parcellaire.3210;Luberon
aire_parcellaire.3211;Coteaux d'Aix-en-Provence
aire_parcellaire.3212;Fronton
aire_parcellaire.3213;Corbières,Languedoc
aire_parcellaire.3214;Beaujolais,Crémant de Bourgogne
aire_parcellaire.3215;Grignan-les-Adhémar
aire_parcellaire.3216;Ventoux
aire_parcellaire.3217;Languedoc
aire_parcellaire.3218;Patrimonio
aire_parcellaire.3219;Corbières,Fitou,Grand Roussillon,Languedoc,Muscat de Rivesaltes,Rivesaltes
aire_parcellaire.3220;Corbières,Languedoc
aire_parcellaire.3221;Côtes du Rhône
aire_parcellaire.3222;Côtes du Roussillon,Côtes du Roussillon Villages,Grand Roussillon,Languedoc,Muscat de Rivesaltes,Rivesaltes
aire_parcellaire.3223;Crozes-Hermitage ou Crozes-Ermitage,Côtes du Rhône
aire_parcellaire.3224;Crémant de Loire,Rosé de Loire,Touraine
aire_parcellaire.3225;Fronton
aire_parcellaire.3226;Anjou,Cabernet d'Anjou,Crémant de Loire,Rosé d'Anjou,Rosé de Loire,Saumur
aire_parcellaire.3227;Gaillac
aire_parcellaire.3228;Côtes de Provence
aire_parcellaire.3229;Alsace,Alsace suivi d'un nom de lieu-dit,Crémant d’Alsace
aire_parcellaire.3230;Côtes du Rhône
aire_parcellaire.3231;Languedoc,Languedoc Grès de Montpellier
aire_parcellaire.3232;Côtes de Provence
aire_parcellaire.3233;Alsace,Alsace suivi d'un nom de lieu-dit,Crémant d’Alsace
aire_parcellaire.3234;Ajaccio,Vin de Corse ou Corse
aire_parcellaire.3235;Alsace,Alsace suivi d'un nom de lieu-dit,Crémant d’Alsace
aire_parcellaire.3236;Vin de Corse Sartène ou Corse Sartène,Vin de Corse ou Corse
aire_parcellaire.3237;Crémant de Limoux,Limoux
aire_parcellaire.3238;Côtes du Rhône,Gigondas
aire_parcellaire.3239;Côtes du Rhône,Côtes du Rhône Villages,Côtes du Rhône Villages Valréas
aire_parcellaire.3240;Chablis,Crémant de Bourgogne,Petit Chablis
aire_parcellaire.3241;Gaillac
aire_parcellaire.3242;Ventoux
aire_parcellaire.3243;Côtes du Rhône,Côtes du Rhône Villages,Côtes du Rhône Villages Séguret
aire_parcellaire.3244;Bergerac,Côtes de Bergerac
aire_parcellaire.3245;Vin de Corse Calvi ou Corse Calvi,Vin de Corse ou Corse
aire_parcellaire.3246;Clairette du Languedoc,Clairette du Languedoc Lieuran-Cabrières
aire_parcellaire.3247;Côtes du Rhône
aire_parcellaire.3248;Bordeaux,Bordeaux supérieur,Crémant de Bordeaux,Entre-deux-Mers
aire_parcellaire.3249;Cheverny,Cour-Cheverny,Crémant de Loire
aire_parcellaire.3250;Luberon
aire_parcellaire.3251;Languedoc,Saint-Chinian
aire_parcellaire.3252;Côtes du Roussillon,Grand Roussillon,Languedoc,Muscat de Rivesaltes,Rivesaltes
aire_parcellaire.3253;Muscat du Cap Corse,Patrimonio
aire_parcellaire.3254;Alsace,Alsace suivi d'un nom de lieu-dit,Crémant d’Alsace
aire_parcellaire.3255;Côtes du Rhône
aire_parcellaire.3256;Châtillon-en-Diois,Clairette de Die,Coteaux de Die,Crémant de Die
aire_parcellaire.3257;Corbières,Languedoc
aire_parcellaire.3258;Clairette du Languedoc,Clairette du Languedoc Cabrières
aire_parcellaire.3259;Alsace,Alsace suivi d'un nom de lieu-dit,Crémant d’Alsace
aire_parcellaire.3260;Ventoux
aire_parcellaire.3261;Coteaux d'Aix-en-Provence
aire_parcellaire.3262;Ventoux
aire_parcellaire.3263;Crémant de Limoux,Limoux
aire_parcellaire.3264;Quincy
aire_parcellaire.3265;Clairette du Languedoc,Clairette du Languedoc Le Bosc
aire_parcellaire.3266;Vin de Corse ou Corse
aire_parcellaire.3267;Côtes du Rhône
aire_parcellaire.3268;Tavel
aire_parcellaire.3269;Bordeaux,Bordeaux supérieur,Crémant de Bordeaux,Entre-deux-Mers
aire_parcellaire.3270;Languedoc,Saint-Chinian
aire_parcellaire.3271;Côtes de Duras
aire_parcellaire.3272;Côtes du Rhône
aire_parcellaire.3273;Bordeaux,Bordeaux supérieur,Crémant de Bordeaux
aire_parcellaire.3274;Corbières,Languedoc
aire_parcellaire.3275;Vin de Corse ou Corse
aire_parcellaire.3276;Béarn,Madiran,Pacherenc du Vic-Bilh
aire_parcellaire.3277;Coteaux d'Aix-en-Provence
aire_parcellaire.3278;Ventoux
aire_parcellaire.3279;Entraygues - Le Fel
aire_parcellaire.3280;Coteaux d'Aix-en-Provence
aire_parcellaire.3281;Ventoux
aire_parcellaire.3282;Ajaccio,Vin de Corse ou Corse
aire_parcellaire.3283;Beaujolais,Beaujolais Quincié-en-Beaujolais,Beaujolais Villages,Brouilly,Crémant de Bourgogne
aire_parcellaire.3284;Côtes du Roussillon,Languedoc
aire_parcellaire.3285;Brulhois
aire_parcellaire.3286;Brulhois
aire_parcellaire.3287;Bordeaux,Bordeaux supérieur,Crémant de Bordeaux,Entre-deux-Mers
aire_parcellaire.3288;Languedoc
aire_parcellaire.3289;Bordeaux,Bordeaux supérieur,Crémant de Bordeaux
aire_parcellaire.3290;Malepère
aire_parcellaire.3291;Luberon
aire_parcellaire.3292;Côtes du Roussillon,Grand Roussillon,Languedoc,Muscat de Rivesaltes,Rivesaltes
aire_parcellaire.3293;Bergerac,Côtes de Bergerac
aire_parcellaire.3294;Côtes du Roussillon,Côtes du Roussillon Villages,Grand Roussillon,Languedoc,Muscat de Rivesaltes,Rivesaltes
aire_parcellaire.3295;Ventoux
aire_parcellaire.3296;Ventoux
aire_parcellaire.3297;Côtes de Duras
aire_parcellaire.3298;Côtes de Provence
aire_parcellaire.3299;Corbières,Languedoc
aire_parcellaire.3300;Vin de Corse Sartène ou Corse Sartène,Vin de Corse ou Corse
aire_parcellaire.3301;Grignan-les-Adhémar
aire_parcellaire.3302;Cahors
aire_parcellaire.3303;Vin de Corse ou Corse
aire_parcellaire.3304;Blaye,Bordeaux,Bordeaux supérieur,Crémant de Bordeaux,Côtes de Blaye,Côtes de Bordeaux,Côtes de Bordeaux Blaye
aire_parcellaire.3305;Languedoc
aire_parcellaire.3306;Ventoux
aire_parcellaire.3307;Languedoc,Languedoc Montpeyroux,Terrasses du Larzac
aire_parcellaire.3308;Côtes du Roussillon,Grand Roussillon,Languedoc,Muscat de Rivesaltes,Rivesaltes
aire_parcellaire.3309;Côtes de Duras
aire_parcellaire.3310;Fronton
aire_parcellaire.3311;Bordeaux,Bordeaux supérieur,Crémant de Bordeaux
aire_parcellaire.3312;Luberon
aire_parcellaire.3313;Corbières,Languedoc
aire_parcellaire.3314;Côtes de Provence
aire_parcellaire.3315;Clairette de Die,Coteaux de Die,Crémant de Die
aire_parcellaire.3316;Costières de Nîmes
aire_parcellaire.3317;Côtes du Rhône
aire_parcellaire.3318;Crémant de Bourgogne,Petit Chablis
aire_parcellaire.3319;Coteaux d'Aix-en-Provence
aire_parcellaire.3320;Alsace,Alsace suivi d'un nom de lieu-dit,Crémant d’Alsace
aire_parcellaire.3321;Côtes de Provence
aire_parcellaire.3322;Bordeaux,Bordeaux supérieur,Crémant de Bordeaux,Entre-deux-Mers
aire_parcellaire.3323;Côtes du Rhône
aire_parcellaire.3324;Crémant du Jura,Côtes du Jura,Macvin du Jura
aire_parcellaire.3325;Bordeaux,Bordeaux supérieur,Cadillac,Crémant de Bordeaux,Côtes de Bordeaux,Côtes de Bordeaux Cadillac,Premières Côtes de Bordeaux
aire_parcellaire.3326;Côtes de Provence
aire_parcellaire.3327;Faugères,Languedoc
aire_parcellaire.3328;Buzet
aire_parcellaire.3329;Bordeaux,Bordeaux supérieur,Crémant de Bordeaux,Côtes de Bordeaux-Saint-Macaire
aire_parcellaire.3330;Costières de Nîmes
aire_parcellaire.3331;Ventoux
aire_parcellaire.3332;Corbières,Languedoc
aire_parcellaire.3333;Buzet
aire_parcellaire.3334;Muscat du Cap Corse,Vin de Corse Coteaux du Cap Corse ou Corse Coteaux du Cap Corse,Vin de Corse ou Corse
aire_parcellaire.3335;Côtes de Provence
aire_parcellaire.3336;Côtes du Roussillon,Languedoc
aire_parcellaire.3337;Bordeaux,Bordeaux supérieur,Crémant de Bordeaux,Entre-deux-Mers
aire_parcellaire.3338;Malepère
aire_parcellaire.3339;Clairette de Die,Coteaux de Die,Crémant de Die
aire_parcellaire.3340;Ventoux
aire_parcellaire.3341;Coteaux varois en Provence
aire_parcellaire.3342;Côtes du Rhône,Gigondas
aire_parcellaire.3343;Côtes de Provence
aire_parcellaire.3344;Ventoux
aire_parcellaire.3345;Marcillac
aire_parcellaire.3346;Bergerac,Côtes de Bergerac
aire_parcellaire.3347;Languedoc
aire_parcellaire.3348;Bergerac,Côtes de Bergerac
aire_parcellaire.3349;Côtes du Rhône
aire_parcellaire.3350;Grignan-les-Adhémar
aire_parcellaire.3351;Fronton
aire_parcellaire.3352;Corbières,Corbières-Boutenac,Languedoc
aire_parcellaire.3353;Ventoux
aire_parcellaire.3354;Corbières,Languedoc
aire_parcellaire.3355;Coteaux d'Aix-en-Provence
aire_parcellaire.3356;Clairette du Languedoc,Clairette du Languedoc Aspiran,Languedoc
aire_parcellaire.3357;Vin de Corse Sartène ou Corse Sartène,Vin de Corse ou Corse
aire_parcellaire.3358;Crémant de Limoux,Limoux
aire_parcellaire.3359;Côtes du Rhône
aire_parcellaire.3360;Luberon
aire_parcellaire.3361;Côtes du Rhône,Côtes du Rhône Villages
aire_parcellaire.3362;Reuilly
aire_parcellaire.3363;Côtes de Provence
aire_parcellaire.3364;Fronton
aire_parcellaire.3365;Bordeaux,Bordeaux supérieur,Crémant de Bordeaux,Entre-deux-Mers
aire_parcellaire.3366;Bourgogne,Bourgogne Côtes du Couchois,Bourgogne Passe-tout-grains,Bourgogne aligoté,Bourgogne mousseux,Coteaux Bourguignons ou Bourgogne grand ordinaire ou Bourgogne ordinaire,Crémant de Bourgogne
aire_parcellaire.3367;Côtes du Rhône,Côtes du Rhône Villages
aire_parcellaire.3368;Côtes du Roussillon,Côtes du Roussillon Villages,Grand Roussillon,Languedoc,Muscat de Rivesaltes,Rivesaltes
aire_parcellaire.3369;Côtes de Provence,Côtes de Provence Sainte-Victoire
aire_parcellaire.3370;Bergerac,Côtes de Bergerac
aire_parcellaire.3371;Ventoux
aire_parcellaire.3372;Bergerac,Côtes de Bergerac
aire_parcellaire.3373;Corbières,Fitou,Grand Roussillon,Languedoc,Muscat de Rivesaltes,Rivesaltes
aire_parcellaire.3374;Coteaux d'Aix-en-Provence
aire_parcellaire.3375;Côtes du Marmandais
aire_parcellaire.3376;Côtes de Provence
aire_parcellaire.3377;Corbières,Languedoc
aire_parcellaire.3378;Cheverny
aire_parcellaire.3379;Languedoc,Saint-Chinian
aire_parcellaire.3380;Ventoux
aire_parcellaire.3381;Côtes du Rhône,Côtes du Rhône Villages
aire_parcellaire.3382;Corbières,Fitou,Grand Roussillon,Languedoc,Muscat de Rivesaltes,Rivesaltes
aire_parcellaire.3383;Côtes du Rhône,Côtes du Rhône Villages,Côtes du Rhône Villages Valréas
aire_parcellaire.3384;Coteaux varois en Provence
aire_parcellaire.3385;Ventoux
aire_parcellaire.3386;Corbières,Fitou,Grand Roussillon,Languedoc,Muscat de Rivesaltes,Rivesaltes
aire_parcellaire.3387;Corbières,Fitou,Grand Roussillon,Languedoc,Muscat de Rivesaltes,Rivesaltes
aire_parcellaire.3388;Crozes-Hermitage ou Crozes-Ermitage,Côtes du Rhône
aire_parcellaire.3389;Bordeaux,Bordeaux supérieur,Crémant de Bordeaux,Haut-Médoc,Médoc
aire_parcellaire.3390;Côtes du Rhône,Côtes du Rhône Villages,Côtes du Rhône Villages Rousset-les-Vignes
aire_parcellaire.3391;Clairette de Die,Coteaux de Die,Crémant de Die
aire_parcellaire.3392;Côtes de Provence,Côtes de Provence Sainte-Victoire
aire_parcellaire.3393;Cahors
aire_parcellaire.3394;Languedoc
aire_parcellaire.3395;Bandol
aire_parcellaire.3396;Côtes de Duras
aire_parcellaire.3397;Bergerac,Côtes de Bergerac
aire_parcellaire.3398;Côtes de Provence
aire_parcellaire.3399;Bordeaux,Bordeaux supérieur,Crémant de Bordeaux,Entre-deux-Mers
aire_parcellaire.3400;Côtes du Roussillon,Côtes du Roussillon Villages,Grand Roussillon,Languedoc,Muscat de Rivesaltes,Rivesaltes
aire_parcellaire.3401;Ventoux
aire_parcellaire.3402;Bordeaux,Bordeaux supérieur,Crémant de Bordeaux,Entre-deux-Mers
aire_parcellaire.3403;Côtes du Roussillon,Côtes du Roussillon Villages,Grand Roussillon,Languedoc,Muscat de Rivesaltes,Rivesaltes
aire_parcellaire.3404;Côtes du Roussillon,Languedoc
aire_parcellaire.3405;Côtes du Rhône
aire_parcellaire.3406;Coteaux d'Aix-en-Provence
aire_parcellaire.3407;Alsace,Alsace suivi d'un nom de lieu-dit,Crémant d’Alsace
aire_parcellaire.3408;Côtes de Provence
aire_parcellaire.3409;Ventoux
aire_parcellaire.3410;Coteaux varois en Provence
aire_parcellaire.3411;Clairette de Die,Coteaux de Die,Crémant de Die
aire_parcellaire.3412;Corbières,Languedoc
aire_parcellaire.3413;Grignan-les-Adhémar
aire_parcellaire.3414;Bandol
aire_parcellaire.3415;Côtes du Rhône,Côtes du Rhône Villages,Côtes du Rhône Villages Chusclan
aire_parcellaire.3416;Costières de Nîmes
aire_parcellaire.3417;Beaujolais,Crémant de Bourgogne
aire_parcellaire.3418;Ventoux
aire_parcellaire.3419;Grignan-les-Adhémar
aire_parcellaire.3420;Bergerac,Côtes de Bergerac
aire_parcellaire.3421;Coteaux d'Aix-en-Provence
aire_parcellaire.3422;Côtes du Rhône,Côtes du Rhône Villages,Côtes du Rhône Villages Sablet
aire_parcellaire.3423;Languedoc,Saint-Chinian
aire_parcellaire.3424;Bergerac,Côtes de Bergerac,Pécharmant,Rosette
aire_parcellaire.3425;Bordeaux,Bordeaux supérieur,Crémant de Bordeaux,Médoc
aire_parcellaire.3426;Muscat du Cap Corse,Patrimonio
aire_parcellaire.3427;Bordeaux,Bordeaux supérieur,Crémant de Bordeaux
aire_parcellaire.3428;Crémant de Limoux,Limoux
aire_parcellaire.3429;Vin de Corse ou Corse
aire_parcellaire.3430;Bordeaux,Bordeaux Haut-Benauge,Bordeaux supérieur,Crémant de Bordeaux,Entre-deux-Mers,Entre-deux-Mers Haut-Benauge
aire_parcellaire.3431;Bordeaux,Bordeaux supérieur,Cadillac,Crémant de Bordeaux,Côtes de Bordeaux,Côtes de Bordeaux Cadillac,Premières Côtes de Bordeaux
aire_parcellaire.3432;Bergerac,Côtes de Bergerac
aire_parcellaire.3433;Ventoux
aire_parcellaire.3434;Coteaux d'Aix-en-Provence
aire_parcellaire.3435;Bordeaux,Bordeaux supérieur,Crémant de Bordeaux,Entre-deux-Mers
aire_parcellaire.3436;Coteaux d'Aix-en-Provence
aire_parcellaire.3437;Bordeaux,Bordeaux supérieur,Cadillac,Crémant de Bordeaux,Côtes de Bordeaux,Côtes de Bordeaux Cadillac,Premières Côtes de Bordeaux
aire_parcellaire.3438;Corbières,Languedoc
aire_parcellaire.3439;Languedoc,Saint-Chinian
aire_parcellaire.3440;Côtes du Roussillon,Côtes du Roussillon Villages,Grand Roussillon,Languedoc,Muscat de Rivesaltes,Rivesaltes
aire_parcellaire.3441;Ventoux
aire_parcellaire.3442;Costières de Nîmes
aire_parcellaire.3443;Côtes du Rhône
aire_parcellaire.3444;Languedoc,Minervois
aire_parcellaire.3445;Gaillac
aire_parcellaire.3446;Côtes du Rhône
aire_parcellaire.3447;Corbières,Languedoc
aire_parcellaire.3448;Bordeaux,Bordeaux supérieur,Crémant de Bordeaux,Entre-deux-Mers
aire_parcellaire.3449;Cahors
aire_parcellaire.3450;Corbières,Languedoc
aire_parcellaire.3451;Grignan-les-Adhémar
aire_parcellaire.3452;Côtes de Provence
aire_parcellaire.3453;Fronton
aire_parcellaire.3454;Coteaux d'Aix-en-Provence
aire_parcellaire.3455;Bordeaux,Bordeaux supérieur,Crémant de Bordeaux,Côtes de Bordeaux,Côtes de Bordeaux Francs
aire_parcellaire.3456;Côtes de Provence
aire_parcellaire.3457;Corbières,Languedoc
aire_parcellaire.3458;Luberon
aire_parcellaire.3459;Tavel
aire_parcellaire.3460;Bordeaux,Bordeaux supérieur,Crémant de Bordeaux
aire_parcellaire.3461;Châteauneuf-du-Pape,Côtes du Rhône
aire_parcellaire.3462;Muscat de Frontignan ou Frontignan ou Vin de Frontignan
aire_parcellaire.3463;Tursan
aire_parcellaire.3464;Côtes du Rhône,Saint-Joseph
aire_parcellaire.3465;Clairette du Languedoc,Clairette du Languedoc Cabrières
aire_parcellaire.3466;Ventoux
aire_parcellaire.3467;Côtes de Provence
aire_parcellaire.3468;Côtes de Provence
aire_parcellaire.3469;Corbières,Fitou,Grand Roussillon,Languedoc,Muscat de Rivesaltes,Rivesaltes
aire_parcellaire.3470;Muscat du Cap Corse,Patrimonio
aire_parcellaire.3471;Côtes du Rhône
aire_parcellaire.3472;Côtes du Rhône,Côtes du Rhône Villages,Côtes du Rhône Villages Suze-la-Rousse
aire_parcellaire.3473;Bordeaux,Bordeaux supérieur,Cadillac,Crémant de Bordeaux,Côtes de Bordeaux,Côtes de Bordeaux Cadillac,Premières Côtes de Bordeaux
aire_parcellaire.3474;Ventoux
aire_parcellaire.3475;Vin de Corse Sartène ou Corse Sartène,Vin de Corse ou Corse
aire_parcellaire.3476;Anjou,Cabernet d'Anjou,Crémant de Loire,Rosé d'Anjou,Rosé de Loire,Saumur
aire_parcellaire.3477;Costières de Nîmes
aire_parcellaire.3478;Côtes du Rhône
aire_parcellaire.3479;Languedoc
aire_parcellaire.3480;Bandol
aire_parcellaire.3481;Vin de Corse ou Corse
aire_parcellaire.3482;Ventoux
aire_parcellaire.3483;La Clape,Languedoc
aire_parcellaire.3484;Blaye,Bordeaux,Bordeaux supérieur,Crémant de Bordeaux,Côtes de Blaye,Côtes de Bordeaux,Côtes de Bordeaux Blaye
aire_parcellaire.3485;Clairette de Bellegarde
aire_parcellaire.3486;Côtes du Rhône
aire_parcellaire.3487;Blaye,Bordeaux,Bordeaux supérieur,Crémant de Bordeaux,Côtes de Blaye,Côtes de Bordeaux,Côtes de Bordeaux Blaye
aire_parcellaire.3488;Faugères,Languedoc
aire_parcellaire.3489;Bourgogne,Bourgogne Passe-tout-grains,Bourgogne aligoté,Bourgogne mousseux,Coteaux Bourguignons ou Bourgogne grand ordinaire ou Bourgogne ordinaire,Crémant de Bourgogne,Mâcon,Mâcon Milly-Lamartine,Mâcon Villages
aire_parcellaire.3490;Bordeaux,Bordeaux supérieur,Crémant de Bordeaux,Entre-deux-Mers
aire_parcellaire.3491;Ajaccio,Vin de Corse ou Corse
aire_parcellaire.3492;Côtes du Roussillon,Côtes du Roussillon Villages,Languedoc
aire_parcellaire.3493;Corbières,Languedoc
aire_parcellaire.3494;Côtes du Roussillon,Côtes du Roussillon Villages,Côtes du Roussillon Villages Tautavel,Grand Roussillon,Languedoc,Muscat de Rivesaltes,Rivesaltes
aire_parcellaire.3495;Corbières,Languedoc
aire_parcellaire.3496;Gaillac
aire_parcellaire.3497;Blaye,Bordeaux,Bordeaux supérieur,Crémant de Bordeaux,Côtes de Blaye,Côtes de Bordeaux,Côtes de Bordeaux Blaye
aire_parcellaire.3498;Beaujolais,Beaujolais Beaujeu,Beaujolais Villages,Crémant de Bourgogne
aire_parcellaire.3499;Côtes du Roussillon,Côtes du Roussillon Villages,Grand Roussillon,Languedoc,Muscat de Rivesaltes,Rivesaltes
aire_parcellaire.3500;Côtes du Roussillon,Côtes du Roussillon Villages,Côtes du Roussillon Villages Lesquerde,Grand Roussillon,Languedoc,Muscat de Rivesaltes,Rivesaltes
aire_parcellaire.3501;Barsac,Bordeaux,Bordeaux supérieur,Crémant de Bordeaux,Sauternes
aire_parcellaire.3502;Côtes de Provence
aire_parcellaire.3503;Languedoc,Saint-Chinian
aire_parcellaire.3504;Bergerac,Côtes de Bergerac
aire_parcellaire.3505;Côtes du Roussillon,Côtes du Roussillon Villages,Languedoc
aire_parcellaire.3506;Grignan-les-Adhémar
aire_parcellaire.3507;Languedoc,Minervois
aire_parcellaire.3508;Côtes du Roussillon,Côtes du Roussillon Villages,Grand Roussillon,Languedoc,Muscat de Rivesaltes,Rivesaltes
aire_parcellaire.3509;Grignan-les-Adhémar
aire_parcellaire.3510;Côtes du Rhône,Côtes du Rhône Villages,Côtes du Rhône Villages Laudun
aire_parcellaire.3511;Chinon,Crémant de Loire,Rosé de Loire,Touraine
aire_parcellaire.3512;Côtes du Rhône,Côtes du Rhône Villages,Côtes du Rhône Villages Signargues
aire_parcellaire.3513;Côtes du Roussillon,Côtes du Roussillon Villages,Grand Roussillon,Languedoc,Muscat de Rivesaltes,Rivesaltes
aire_parcellaire.3514;Blaye,Bordeaux,Bordeaux supérieur,Crémant de Bordeaux,Côtes de Blaye,Côtes de Bordeaux,Côtes de Bordeaux Blaye
aire_parcellaire.3515;Ventoux
aire_parcellaire.3516;Fronton
aire_parcellaire.3517;Côtes du Roussillon,Côtes du Roussillon Villages,Grand Roussillon,Languedoc,Muscat de Rivesaltes,Rivesaltes
aire_parcellaire.3518;Ventoux
aire_parcellaire.3519;Côtes du Rhône
aire_parcellaire.3520;Côtes du Roussillon,Côtes du Roussillon Villages,Côtes du Roussillon Villages Tautavel,Grand Roussillon,Languedoc,Muscat de Rivesaltes,Rivesaltes
aire_parcellaire.3521;Bordeaux,Bordeaux supérieur,Crémant de Bordeaux,Entre-deux-Mers
aire_parcellaire.3522;Crozes-Hermitage ou Crozes-Ermitage,Côtes du Rhône
aire_parcellaire.3523;Vin de Corse ou Corse
aire_parcellaire.3524;Ventoux
aire_parcellaire.3525;Bordeaux,Bordeaux supérieur,Crémant de Bordeaux
aire_parcellaire.3526;Gaillac
aire_parcellaire.3527;Beaujolais,Crémant de Bourgogne
aire_parcellaire.3528;Bordeaux,Bordeaux supérieur,Crémant de Bordeaux,Entre-deux-Mers
aire_parcellaire.3529;Crémant de Limoux,Limoux
aire_parcellaire.3530;Bordeaux,Bordeaux supérieur,Crémant de Bordeaux
aire_parcellaire.3531;Alsace,Alsace suivi d'un nom de lieu-dit,Crémant d’Alsace
aire_parcellaire.3532;Coteaux d'Aix-en-Provence
aire_parcellaire.3533;Vin de Corse ou Corse
aire_parcellaire.3534;Beaujolais,Crémant de Bourgogne
aire_parcellaire.3535;Grignan-les-Adhémar
aire_parcellaire.3536;Blaye,Bordeaux,Bordeaux supérieur,Crémant de Bordeaux,Côtes de Blaye,Côtes de Bordeaux,Côtes de Bordeaux Blaye
aire_parcellaire.3537;Côtes du Rhône,Côtes du Rhône Villages,Côtes du Rhône Villages Rochegude
aire_parcellaire.3538;Côtes du Roussillon,Grand Roussillon,Languedoc,Muscat de Rivesaltes,Rivesaltes
aire_parcellaire.3539;Alsace,Alsace suivi d'un nom de lieu-dit,Crémant d’Alsace
aire_parcellaire.3540;Grignan-les-Adhémar
aire_parcellaire.3541;Languedoc,Languedoc Saint-Georges-d'Orques
aire_parcellaire.3542;Bergerac,Côtes de Bergerac
aire_parcellaire.3543;Côtes du Roussillon,Côtes du Roussillon Villages,Côtes du Roussillon Villages Tautavel,Grand Roussillon,Languedoc,Muscat de Rivesaltes,Rivesaltes
aire_parcellaire.3544;Côtes du Rhône
aire_parcellaire.3545;Châteauneuf-du-Pape,Côtes du Rhône
aire_parcellaire.3546;Anjou,Cabernet d'Anjou,Crémant de Loire,Rosé d'Anjou,Rosé de Loire,Saumur
aire_parcellaire.3547;Ajaccio,Vin de Corse ou Corse
aire_parcellaire.3548;Bordeaux,Bordeaux supérieur,Crémant de Bordeaux,Entre-deux-Mers
aire_parcellaire.3549;Côtes du Rhône,Lirac
aire_parcellaire.3550;Vin de Corse Calvi ou Corse Calvi,Vin de Corse ou Corse
aire_parcellaire.3551;Costières de Nîmes
aire_parcellaire.3552;Fronton
aire_parcellaire.3553;Clairette du Languedoc,Clairette du Languedoc Péret
aire_parcellaire.3554;Languedoc,Minervois
aire_parcellaire.3555;Fronton
aire_parcellaire.3556;Corbières,Languedoc
aire_parcellaire.3557;Languedoc,Minervois
aire_parcellaire.3558;Côtes du Rhône,Côtes du Rhône Villages,Côtes du Rhône Villages Massif d'Uchaux
aire_parcellaire.3559;Vin de Corse Porto-Vecchio ou Corse Porto-Vecchio,Vin de Corse ou Corse
aire_parcellaire.3560;Coteaux d'Aix-en-Provence
aire_parcellaire.3561;Grignan-les-Adhémar
aire_parcellaire.3562;Languedoc
aire_parcellaire.3563;Bordeaux,Bordeaux supérieur,Crémant de Bordeaux,Entre-deux-Mers
aire_parcellaire.3564;Béarn,Madiran,Pacherenc du Vic-Bilh
aire_parcellaire.3565;Costières de Nîmes
aire_parcellaire.3566;Côtes du Roussillon,Côtes du Roussillon Villages,Grand Roussillon,Languedoc,Muscat de Rivesaltes,Rivesaltes
aire_parcellaire.3567;Bordeaux,Bordeaux supérieur,Cadillac,Crémant de Bordeaux,Côtes de Bordeaux,Côtes de Bordeaux Cadillac,Premières Côtes de Bordeaux
aire_parcellaire.3568;Fronton
aire_parcellaire.3569;Costières de Nîmes
aire_parcellaire.3570;Clairette de Die,Coteaux de Die,Crémant de Die
aire_parcellaire.3571;Costières de Nîmes
aire_parcellaire.3572;Côtes du Roussillon,Côtes du Roussillon Villages,Grand Roussillon,Languedoc,Muscat de Rivesaltes,Rivesaltes
aire_parcellaire.3573;Côtes du Rhône,Côtes du Rhône Villages,Côtes du Rhône Villages Massif d'Uchaux
aire_parcellaire.3574;Vin de Corse Porto-Vecchio ou Corse Porto-Vecchio,Vin de Corse ou Corse
aire_parcellaire.3575;Ventoux
aire_parcellaire.3576;Bordeaux,Bordeaux supérieur,Crémant de Bordeaux,Haut-Médoc,Médoc
aire_parcellaire.3577;Cahors
aire_parcellaire.3578;Alsace,Alsace suivi d'un nom de lieu-dit,Crémant d’Alsace
aire_parcellaire.3579;Bandol
aire_parcellaire.3580;Bourgogne,Bourgogne Passe-tout-grains,Bourgogne aligoté,Bourgogne mousseux,Coteaux Bourguignons ou Bourgogne grand ordinaire ou Bourgogne ordinaire,Crémant de Bourgogne,Mâcon,Mâcon Azé,Mâcon Villages
aire_parcellaire.3581;Bordeaux,Bordeaux supérieur,Crémant de Bordeaux
aire_parcellaire.3582;Coteaux d'Aix-en-Provence
aire_parcellaire.3583;Languedoc,Saint-Chinian
aire_parcellaire.3584;Languedoc,Minervois
aire_parcellaire.3585;Ventoux
aire_parcellaire.3586;Beaujolais,Crémant de Bourgogne
aire_parcellaire.3587;Luberon
aire_parcellaire.3588;Bandol
aire_parcellaire.3589;Crozes-Hermitage ou Crozes-Ermitage,Côtes du Rhône
aire_parcellaire.3590;Côtes du Rhône
aire_parcellaire.3591;Vin de Corse ou Corse
aire_parcellaire.3592;Côtes de Provence
aire_parcellaire.3593;Corbières,Languedoc
aire_parcellaire.3594;Côtes du Rhône,Côtes du Rhône Villages
aire_parcellaire.3595;Coteaux d'Aix-en-Provence
aire_parcellaire.3596;Bourgueil,Crémant de Loire,Rosé de Loire,Touraine
aire_parcellaire.3597;Bordeaux,Bordeaux supérieur,Crémant de Bordeaux,Entre-deux-Mers
aire_parcellaire.3598;Bordeaux,Bordeaux supérieur,Crémant de Bordeaux
aire_parcellaire.3599;Clairette de Die,Coteaux de Die,Crémant de Die
aire_parcellaire.3600;Grignan-les-Adhémar
aire_parcellaire.3601;Côtes du Rhône
aire_parcellaire.3602;Corbières,Languedoc
aire_parcellaire.3603;Vin de Corse Sartène ou Corse Sartène,Vin de Corse ou Corse
aire_parcellaire.3604;Côtes du Roussillon,Côtes du Roussillon Villages,Grand Roussillon,Languedoc,Muscat de Rivesaltes,Rivesaltes
aire_parcellaire.3605;Coteaux d'Aix-en-Provence
aire_parcellaire.3606;Côtes du Rhône,Côtes du Rhône Villages,Côtes du Rhône Villages Valréas
aire_parcellaire.3607;Blaye,Bordeaux,Bordeaux supérieur,Crémant de Bordeaux,Côtes de Blaye,Côtes de Bordeaux,Côtes de Bordeaux Blaye
aire_parcellaire.3608;Côtes de Provence
aire_parcellaire.3609;Languedoc
aire_parcellaire.3610;Corbières,Fitou,Grand Roussillon,Languedoc,Muscat de Rivesaltes,Rivesaltes
aire_parcellaire.3611;Bergerac,Côtes de Bergerac,Côtes de Montravel,Haut-Montravel,Montravel
aire_parcellaire.3612;Côtes de Provence,Côtes de Provence Sainte-Victoire
aire_parcellaire.3613;Côtes du Marmandais
aire_parcellaire.3614;Coteaux d'Aix-en-Provence,Les Baux de Provence
aire_parcellaire.3615;Bergerac,Côtes de Bergerac,Pécharmant,Rosette
aire_parcellaire.3616;Ventoux
aire_parcellaire.3617;Vin de Corse ou Corse
aire_parcellaire.3618;Languedoc
aire_parcellaire.3619;Côtes du Roussillon,Côtes du Roussillon Villages,Grand Roussillon,Languedoc,Muscat de Rivesaltes,Rivesaltes
aire_parcellaire.3620;Vin de Corse ou Corse
aire_parcellaire.3621;Languedoc,Saint-Chinian
aire_parcellaire.3622;Bordeaux,Bordeaux supérieur,Crémant de Bordeaux
aire_parcellaire.3623;Alsace,Alsace suivi d'un nom de lieu-dit,Crémant d’Alsace
aire_parcellaire.3624;Cahors
aire_parcellaire.3625;Languedoc,Minervois
aire_parcellaire.3626;Fronton
aire_parcellaire.3627;Côtes du Roussillon,Grand Roussillon,Languedoc,Muscat de Rivesaltes,Rivesaltes
aire_parcellaire.3628;Crozes-Hermitage ou Crozes-Ermitage,Côtes du Rhône
aire_parcellaire.3629;Languedoc
aire_parcellaire.3630;Vin de Corse ou Corse
aire_parcellaire.3631;Côtes du Roussillon,Côtes du Roussillon Villages,Côtes du Roussillon Villages Tautavel,Grand Roussillon,Languedoc,Muscat de Rivesaltes,Rivesaltes
aire_parcellaire.3632;Bordeaux,Bordeaux supérieur,Crémant de Bordeaux,Sauternes
aire_parcellaire.3633;Languedoc,Pic Saint-Loup
aire_parcellaire.3634;Côtes de Provence
aire_parcellaire.3635;Côtes du Roussillon,Côtes du Roussillon Villages,Grand Roussillon,Languedoc,Maury,Muscat de Rivesaltes,Rivesaltes
aire_parcellaire.3636;Languedoc
aire_parcellaire.3637;Bourgogne,Bourgogne Hautes Côtes de Beaune,Bourgogne Passe-tout-grains,Bourgogne aligoté,Bourgogne mousseux,Coteaux Bourguignons ou Bourgogne grand ordinaire ou Bourgogne ordinaire,Crémant de Bourgogne
aire_parcellaire.3638;Corbières,Languedoc
aire_parcellaire.3639;Côtes de Provence
aire_parcellaire.3640;Languedoc,Languedoc Saint-Georges-d'Orques
aire_parcellaire.3641;Blaye,Bordeaux,Bordeaux supérieur,Crémant de Bordeaux,Côtes de Blaye,Côtes de Bordeaux,Côtes de Bordeaux Blaye
aire_parcellaire.3642;Bourgogne Passe-tout-grains,Bourgogne aligoté,Bourgogne mousseux,Coteaux Bourguignons ou Bourgogne grand ordinaire ou Bourgogne ordinaire,Crémant de Bourgogne
aire_parcellaire.3643;Côtes du Roussillon,Grand Roussillon,Languedoc,Muscat de Rivesaltes,Rivesaltes
aire_parcellaire.3644;Fronton
aire_parcellaire.3645;Côtes du Rhône,Côtes du Rhône Villages,Côtes du Rhône Villages Suze-la-Rousse
aire_parcellaire.3646;Ventoux
aire_parcellaire.3647;Ventoux
aire_parcellaire.3648;Corbières,Fitou,Grand Roussillon,Languedoc,Muscat de Rivesaltes,Rivesaltes
aire_parcellaire.3649;Côtes du Rhône
aire_parcellaire.3650;Ventoux
aire_parcellaire.3651;Ventoux
aire_parcellaire.3652;Languedoc,Minervois
aire_parcellaire.3653;Crémant de Limoux,Limoux
aire_parcellaire.3654;Vin de Corse ou Corse
aire_parcellaire.3655;Corbières,Languedoc
aire_parcellaire.3656;Côtes du Rhône,Côtes du Rhône Villages,Côtes du Rhône Villages Saint-Pantaléon-les-Vignes
aire_parcellaire.3657;Côtes du Rhône
aire_parcellaire.3658;Bergerac,Côtes de Bergerac
aire_parcellaire.3659;Grignan-les-Adhémar
aire_parcellaire.3660;Bordeaux,Bordeaux supérieur,Crémant de Bordeaux,Entre-deux-Mers
aire_parcellaire.3661;Corbières,Languedoc
aire_parcellaire.3662;Coteaux d'Aix-en-Provence
aire_parcellaire.3663;Bordeaux,Bordeaux supérieur,Crémant de Bordeaux,Graves,Graves supérieures
aire_parcellaire.3664;Beaujolais,Crémant de Bourgogne
aire_parcellaire.3665;Languedoc,Minervois
aire_parcellaire.3666;Côtes du Marmandais
aire_parcellaire.3667;Corbières,Languedoc
aire_parcellaire.3668;Côtes du Rhône,Côtes du Rhône Villages,Côtes du Rhône Villages Massif d'Uchaux
aire_parcellaire.3669;Roussette de Savoie,Vin de Savoie ou Savoie
aire_parcellaire.3670;Blaye,Bordeaux,Bordeaux supérieur,Crémant de Bordeaux,Côtes de Blaye,Côtes de Bordeaux,Côtes de Bordeaux Blaye
aire_parcellaire.3671;Béarn,Madiran,Pacherenc du Vic-Bilh
aire_parcellaire.3672;Bourgogne,Bourgogne Passe-tout-grains,Bourgogne aligoté,Bourgogne mousseux,Coteaux Bourguignons ou Bourgogne grand ordinaire ou Bourgogne ordinaire,Crémant de Bourgogne,Mâcon,Mâcon Milly-Lamartine,Mâcon Villages
aire_parcellaire.3673;Coteaux d'Aix-en-Provence
aire_parcellaire.3674;Gaillac
aire_parcellaire.3675;Languedoc,Pic Saint-Loup
aire_parcellaire.3676;Ventoux
aire_parcellaire.3677;Côtes du Roussillon,Côtes du Roussillon Villages,Grand Roussillon,Languedoc,Muscat de Rivesaltes,Rivesaltes
aire_parcellaire.3678;Côtes du Rhône
aire_parcellaire.3679;Cahors
aire_parcellaire.3680;Crémant de Limoux,Limoux
aire_parcellaire.3681;Bergerac,Côtes de Bergerac
aire_parcellaire.3682;Béarn,Madiran,Pacherenc du Vic-Bilh
aire_parcellaire.3683;Haut-Poitou
aire_parcellaire.3684;Languedoc,Minervois,Minervois-La Livinière
aire_parcellaire.3685;Bordeaux,Bordeaux supérieur,Crémant de Bordeaux,Entre-deux-Mers
aire_parcellaire.3686;Côtes du Rhône
aire_parcellaire.3687;Côtes de Provence
aire_parcellaire.3688;Ajaccio,Vin de Corse ou Corse
aire_parcellaire.3689;Bordeaux,Bordeaux supérieur,Crémant de Bordeaux,Entre-deux-Mers
aire_parcellaire.3690;Côtes du Roussillon,Grand Roussillon,Languedoc,Muscat de Rivesaltes,Rivesaltes
aire_parcellaire.3691;Coteaux d'Aix-en-Provence
aire_parcellaire.3692;Côtes du Rhône
aire_parcellaire.3693;Muscat du Cap Corse,Vin de Corse Coteaux du Cap Corse ou Corse Coteaux du Cap Corse,Vin de Corse ou Corse
aire_parcellaire.3694;Languedoc
aire_parcellaire.3695;Côtes du Roussillon,Côtes du Roussillon Villages,Grand Roussillon,Languedoc,Maury,Muscat de Rivesaltes,Rivesaltes
aire_parcellaire.3696;Fronton
aire_parcellaire.3697;Cahors
aire_parcellaire.3698;Clairette du Languedoc,Clairette du Languedoc Cabrières,Languedoc,Languedoc Cabrières
aire_parcellaire.3699;Luberon
aire_parcellaire.3700;Coteaux du Quercy
aire_parcellaire.3701;Côtes de Provence
aire_parcellaire.3702;Languedoc
aire_parcellaire.3703;Alsace,Alsace grand cru Mambourg,Crémant d’Alsace
aire_parcellaire.3704;Côtes de Duras
aire_parcellaire.3705;Bourgueil,Crémant de Loire,Rosé de Loire,Touraine
aire_parcellaire.3706;Ventoux
aire_parcellaire.3707;Côtes du Rhône
aire_parcellaire.3708;Corbières,Grand Roussillon,Languedoc,Muscat de Rivesaltes,Rivesaltes
aire_parcellaire.3709;Côtes du Rhône,Côtes du Rhône Villages,Rasteau,Rasteau Vin Doux Naturel
aire_parcellaire.3710;Cahors
aire_parcellaire.3711;Bergerac,Côtes de Bergerac
aire_parcellaire.3712;Côtes du Rhône,Côtes du Rhône Villages,Côtes du Rhône Villages Rochegude
aire_parcellaire.3713;Côtes du Rhône,Côtes du Rhône Villages,Côtes du Rhône Villages Roaix
aire_parcellaire.3714;Côtes du Marmandais
aire_parcellaire.3715;Côtes du Rhône
aire_parcellaire.3716;Côtes du Roussillon,Grand Roussillon,Languedoc,Muscat de Rivesaltes,Rivesaltes
aire_parcellaire.3717;Vin de Corse Calvi ou Corse Calvi,Vin de Corse ou Corse
aire_parcellaire.3718;Côtes du Roussillon,Côtes du Roussillon Villages,Grand Roussillon,Languedoc,Muscat de Rivesaltes,Rivesaltes
aire_parcellaire.3719;Bergerac,Côtes de Bergerac
aire_parcellaire.3720;Côtes du Rhône,Côtes du Rhône Villages,Côtes du Rhône Villages Valréas
aire_parcellaire.3721;Cahors
aire_parcellaire.3722;Beaujolais,Crémant de Bourgogne
aire_parcellaire.3723;Alsace,Alsace suivi d'un nom de lieu-dit,Crémant d’Alsace
aire_parcellaire.3724;Côtes de Provence,Côtes de Provence Sainte-Victoire
aire_parcellaire.3725;Côtes du Rhône,Côtes du Rhône Villages,Côtes du Rhône Villages Chusclan
aire_parcellaire.3726;Bergerac,Côtes de Bergerac,Côtes de Montravel,Haut-Montravel,Montravel
aire_parcellaire.3727;Cabardès
aire_parcellaire.3728;Beaujolais,Crémant de Bourgogne
aire_parcellaire.3729;Côtes du Marmandais
aire_parcellaire.3730;Bergerac,Côtes de Bergerac,Côtes de Montravel,Haut-Montravel,Montravel
aire_parcellaire.3731;Blaye,Bordeaux,Bordeaux supérieur,Crémant de Bordeaux
aire_parcellaire.3732;Ventoux
aire_parcellaire.3733;Languedoc,Pic Saint-Loup
aire_parcellaire.3734;Châteauneuf-du-Pape,Côtes du Rhône
aire_parcellaire.3735;Ventoux
aire_parcellaire.3736;Côtes de Provence
aire_parcellaire.3737;Bordeaux,Bordeaux supérieur,Crémant de Bordeaux,Haut-Médoc,Médoc
aire_parcellaire.3738;Luberon
aire_parcellaire.3739;Ventoux
aire_parcellaire.3740;Côtes du Rhône,Côtes du Rhône Villages,Côtes du Rhône Villages Chusclan
aire_parcellaire.3741;Côtes du Roussillon,Côtes du Roussillon Villages,Grand Roussillon,Languedoc,Maury,Muscat de Rivesaltes,Rivesaltes
aire_parcellaire.3742;Côtes du Rhône,Côtes du Rhône Villages,Rasteau,Rasteau Vin Doux Naturel
aire_parcellaire.3743;Ventoux
aire_parcellaire.3744;Côtes de Provence,Côtes de Provence Sainte-Victoire
aire_parcellaire.3745;Côtes du Roussillon,Grand Roussillon,Languedoc,Muscat de Rivesaltes,Rivesaltes
aire_parcellaire.3746;Côtes du Rhône
aire_parcellaire.3747;Bourgogne,Bourgogne Passe-tout-grains,Bourgogne aligoté,Bourgogne mousseux,Coteaux Bourguignons ou Bourgogne grand ordinaire ou Bourgogne ordinaire,Crémant de Bourgogne
aire_parcellaire.3748;Côtes du Roussillon,Grand Roussillon,Languedoc,Muscat de Rivesaltes,Rivesaltes
aire_parcellaire.3749;Béarn,Jurançon
aire_parcellaire.3750;Bourgueil,Crémant de Loire,Rosé de Loire,Saint-Nicolas-de-Bourgueil,Touraine
aire_parcellaire.3751;Bergerac,Côtes de Bergerac,Montravel
aire_parcellaire.3752;Vin de Corse Calvi ou Corse Calvi,Vin de Corse ou Corse
aire_parcellaire.3753;Vin de Corse Calvi ou Corse Calvi,Vin de Corse ou Corse
aire_parcellaire.3754;Bordeaux,Bordeaux supérieur,Crémant de Bordeaux,Côtes de Bordeaux-Saint-Macaire
aire_parcellaire.3755;Chinon,Crémant de Loire,Rosé de Loire,Touraine
aire_parcellaire.3756;Luberon
aire_parcellaire.3757;Vin de Corse ou Corse,Vin de Corse ou Corse Figari
aire_parcellaire.3758;Vin de Corse ou Corse
aire_parcellaire.3759;Côtes de Provence
aire_parcellaire.3760;Côtes de Provence
aire_parcellaire.3761;Côtes du Rhône
aire_parcellaire.3762;Languedoc,Minervois
aire_parcellaire.3763;Vin de Corse ou Corse
aire_parcellaire.3764;Grignan-les-Adhémar
aire_parcellaire.3765;Grignan-les-Adhémar
aire_parcellaire.3766;Côtes du Rhône
aire_parcellaire.3767;Pierrevert
aire_parcellaire.3768;Ajaccio,Vin de Corse ou Corse
aire_parcellaire.3769;Coteaux d'Aix-en-Provence
aire_parcellaire.3770;Fronton
aire_parcellaire.3771;Corbières,Fitou,Grand Roussillon,Languedoc,Muscat de Rivesaltes,Rivesaltes
aire_parcellaire.3772;Beaujolais,Beaujolais Odenas,Beaujolais Villages,Brouilly,Crémant de Bourgogne
aire_parcellaire.3773;Côtes du Roussillon,Grand Roussillon,Languedoc,Muscat de Rivesaltes,Rivesaltes
aire_parcellaire.3774;Bourgogne Passe-tout-grains,Bourgogne aligoté,Bourgogne mousseux,Coteaux Bourguignons ou Bourgogne grand ordinaire ou Bourgogne ordinaire,Crémant de Bourgogne,Mâcon,Mâcon Serrières
aire_parcellaire.3775;Bordeaux,Bordeaux supérieur,Crémant de Bordeaux,Entre-deux-Mers
aire_parcellaire.3776;Beaujolais,Beaujolais Lantignié,Beaujolais Villages,Crémant de Bourgogne
aire_parcellaire.3777;Ventoux
aire_parcellaire.3778;Languedoc,Saint-Chinian
aire_parcellaire.3779;Côtes du Rhône
aire_parcellaire.3780;Blaye,Bordeaux,Bordeaux supérieur,Crémant de Bordeaux,Côtes de Blaye,Côtes de Bordeaux,Côtes de Bordeaux Blaye
aire_parcellaire.3781;Coteaux d'Aix-en-Provence
aire_parcellaire.3782;Fronton
aire_parcellaire.3783;Brulhois
aire_parcellaire.3784;Côtes du Rhône,Côtes du Rhône Villages
aire_parcellaire.3785;Sancerre
aire_parcellaire.3786;Côtes du Marmandais
aire_parcellaire.3787;Bordeaux,Bordeaux supérieur,Crémant de Bordeaux,Entre-deux-Mers
aire_parcellaire.3788;Grignan-les-Adhémar
aire_parcellaire.3789;Côtes du Rhône
aire_parcellaire.3790;Bergerac,Côtes de Bergerac,Côtes de Montravel,Haut-Montravel,Montravel
aire_parcellaire.3791;Grignan-les-Adhémar
aire_parcellaire.3792;Alsace,Alsace suivi d'un nom de lieu-dit,Crémant d’Alsace
aire_parcellaire.3793;Vin de Corse ou Corse
aire_parcellaire.3794;Côtes du Rhône
aire_parcellaire.3795;Ajaccio,Vin de Corse ou Corse
aire_parcellaire.3796;Côtes de Duras
aire_parcellaire.3797;Bourgogne,Bourgogne Côte Chalonnaise,Bourgogne Passe-tout-grains,Bourgogne aligoté,Bourgogne mousseux,Coteaux Bourguignons ou Bourgogne grand ordinaire ou Bourgogne ordinaire,Crémant de Bourgogne,Rully
aire_parcellaire.3798;Faugères,Languedoc
aire_parcellaire.3799;Côtes du Marmandais
aire_parcellaire.3800;Reuilly
aire_parcellaire.3801;Bordeaux,Bordeaux supérieur,Crémant de Bordeaux,Entre-deux-Mers
aire_parcellaire.3802;Beaujolais,Crémant de Bourgogne
aire_parcellaire.3803;Languedoc,Saint-Chinian
aire_parcellaire.3804;Bordeaux,Bordeaux supérieur,Crémant de Bordeaux,Entre-deux-Mers
aire_parcellaire.3805;Bordeaux,Bordeaux supérieur,Crémant de Bordeaux
aire_parcellaire.3806;Bordeaux,Bordeaux supérieur,Crémant de Bordeaux,Entre-deux-Mers
aire_parcellaire.3807;Languedoc,Languedoc Saint-Georges-d'Orques
aire_parcellaire.3808;Vin de Corse ou Corse
aire_parcellaire.3809;Côtes de Provence
aire_parcellaire.3810;Fronton
aire_parcellaire.3811;Luberon
aire_parcellaire.3812;Bergerac,Côtes de Bergerac,Côtes de Montravel,Haut-Montravel,Montravel
aire_parcellaire.3813;Malepère
aire_parcellaire.3814;Ventoux
aire_parcellaire.3815;Bergerac,Côtes de Bergerac,Côtes de Montravel,Haut-Montravel,Montravel
aire_parcellaire.3816;Ajaccio,Vin de Corse ou Corse
aire_parcellaire.3817;Béarn,Madiran,Pacherenc du Vic-Bilh
aire_parcellaire.3818;Alsace,Crémant d’Alsace
aire_parcellaire.3819;Vin de Corse Calvi ou Corse Calvi,Vin de Corse ou Corse
aire_parcellaire.3820;Côtes de Provence
aire_parcellaire.3821;Coteaux d'Aix-en-Provence
aire_parcellaire.3822;Gaillac
aire_parcellaire.3823;Bordeaux,Bordeaux supérieur,Crémant de Bordeaux
aire_parcellaire.3824;Fronton
aire_parcellaire.3825;Costières de Nîmes
aire_parcellaire.3826;Côtes du Rhône
aire_parcellaire.3827;Quincy
aire_parcellaire.3828;Côtes du Rhône
aire_parcellaire.3829;Ventoux
aire_parcellaire.3830;Vin de Corse Sartène ou Corse Sartène,Vin de Corse ou Corse
aire_parcellaire.3831;Crémant de Limoux,Limoux
aire_parcellaire.3832;Corbières,Languedoc
aire_parcellaire.3833;Côtes du Roussillon,Côtes du Roussillon Villages,Grand Roussillon,Languedoc,Muscat de Rivesaltes,Rivesaltes
aire_parcellaire.3834;Fronton
aire_parcellaire.3835;Côtes de Provence
aire_parcellaire.3836;Corbières,Languedoc
aire_parcellaire.3837;Arbois,Crémant du Jura,Côtes du Jura,Macvin du Jura
aire_parcellaire.3838;Bordeaux,Bordeaux supérieur,Crémant de Bordeaux
aire_parcellaire.3839;Coteaux d'Aix-en-Provence
aire_parcellaire.3840;Coteaux d'Aix-en-Provence
aire_parcellaire.3841;Vin de Corse ou Corse
aire_parcellaire.3842;Corbières,Languedoc
aire_parcellaire.3843;Corbières,Fitou,Grand Roussillon,Languedoc,Muscat de Rivesaltes,Rivesaltes
aire_parcellaire.3844;Côtes du Roussillon,Grand Roussillon,Languedoc,Muscat de Rivesaltes,Rivesaltes
aire_parcellaire.3845;Bourgogne,Bourgogne Passe-tout-grains,Bourgogne aligoté,Bourgogne mousseux,Coteaux Bourguignons ou Bourgogne grand ordinaire ou Bourgogne ordinaire,Crémant de Bourgogne,Mâcon,Mâcon Saint-Gengoux-le-National,Mâcon Villages
aire_parcellaire.3846;Fronton
aire_parcellaire.3847;Ventoux
aire_parcellaire.3848;Ventoux
aire_parcellaire.3849;Bordeaux,Bordeaux supérieur,Crémant de Bordeaux
aire_parcellaire.3850;Coteaux d'Aix-en-Provence
aire_parcellaire.3851;Bordeaux,Bordeaux supérieur,Crémant de Bordeaux
aire_parcellaire.3852;Vin de Corse ou Corse
aire_parcellaire.3853;Côtes du Rhône,Côtes du Rhône Villages,Côtes du Rhône Villages Chusclan
aire_parcellaire.3854;Grignan-les-Adhémar
aire_parcellaire.3855;Clairette du Languedoc,Clairette du Languedoc Cabrières
aire_parcellaire.3856;Corbières,Languedoc
aire_parcellaire.3857;Côtes de Provence
aire_parcellaire.3858;Cabardès
aire_parcellaire.3859;Côtes du Roussillon,Côtes du Roussillon Villages,Grand Roussillon,Languedoc,Muscat de Rivesaltes,Rivesaltes
aire_parcellaire.3860;Beaujolais,Beaujolais Quincié-en-Beaujolais,Beaujolais Villages,Crémant de Bourgogne
aire_parcellaire.3861;Grignan-les-Adhémar
aire_parcellaire.3862;Roussette de Savoie,Roussette de Savoie Frangy,Vin de Savoie Ripaille,Vin de Savoie ou Savoie
aire_parcellaire.3863;Grignan-les-Adhémar
aire_parcellaire.3864;Côtes de Provence
aire_parcellaire.3865;Bandol
aire_parcellaire.3866;Bordeaux,Bordeaux supérieur,Crémant de Bordeaux
aire_parcellaire.3867;Corbières,Grand Roussillon,Languedoc,Muscat de Rivesaltes,Rivesaltes
aire_parcellaire.3868;Bandol
aire_parcellaire.3869;Fronton
aire_parcellaire.3870;Ventoux
aire_parcellaire.3871;Costières de Nîmes
aire_parcellaire.3872;Languedoc
aire_parcellaire.3873;Gaillac
aire_parcellaire.3874;Côtes de Provence
aire_parcellaire.3875;Coteaux d'Aix-en-Provence
aire_parcellaire.3876;Beaujolais,Crémant de Bourgogne
aire_parcellaire.3877;Languedoc
aire_parcellaire.3878;Bordeaux,Bordeaux supérieur,Crémant de Bordeaux,Entre-deux-Mers
aire_parcellaire.3879;Côtes du Rhône,Côtes du Rhône Villages,Côtes du Rhône Villages Plan de Dieu
aire_parcellaire.3880;Coteaux d'Aix-en-Provence
aire_parcellaire.3881;Coteaux d'Aix-en-Provence
aire_parcellaire.3882;Tursan
aire_parcellaire.3883;Costières de Nîmes
aire_parcellaire.3884;Luberon
aire_parcellaire.3885;Côtes du Marmandais
aire_parcellaire.3886;Bourgogne Passe-tout-grains,Bourgogne aligoté,Bourgogne mousseux,Coteaux Bourguignons ou Bourgogne grand ordinaire ou Bourgogne ordinaire,Crémant de Bourgogne
aire_parcellaire.3887;Ventoux
aire_parcellaire.3888;Corbières,Languedoc
aire_parcellaire.3889;Côtes du Marmandais
aire_parcellaire.3890;Corbières,Languedoc
aire_parcellaire.3891;Languedoc,Saint-Chinian
aire_parcellaire.3892;Côtes de Provence
aire_parcellaire.3893;Languedoc,Pic Saint-Loup
aire_parcellaire.3894;Bergerac,Côtes de Bergerac
aire_parcellaire.3895;Crémant de Limoux,Limoux
aire_parcellaire.3896;Languedoc,Minervois
aire_parcellaire.3897;Languedoc
aire_parcellaire.3898;Côtes du Forez
aire_parcellaire.3899;Châtillon-en-Diois,Clairette de Die,Coteaux de Die,Crémant de Die
aire_parcellaire.3900;Alsace,Alsace suivi d'un nom de lieu-dit,Crémant d’Alsace
aire_parcellaire.3901;Languedoc,Minervois
aire_parcellaire.3902;Côtes du Rhône
aire_parcellaire.3903;Corbières,Corbières-Boutenac,Languedoc
aire_parcellaire.3904;Côtes du Roussillon,Côtes du Roussillon Villages,Grand Roussillon,Languedoc,Muscat de Rivesaltes,Rivesaltes
aire_parcellaire.3905;Corbières,Fitou,Grand Roussillon,Languedoc,Muscat de Rivesaltes,Rivesaltes
aire_parcellaire.3906;Côtes du Rhône,Côtes du Rhône Villages,Côtes du Rhône Villages Plan de Dieu
aire_parcellaire.3907;Vin de Corse Sartène ou Corse Sartène,Vin de Corse ou Corse
aire_parcellaire.3908;Côtes du Roussillon,Grand Roussillon,Languedoc,Muscat de Rivesaltes,Rivesaltes
aire_parcellaire.3909;Côtes de Provence
aire_parcellaire.3910;Côtes du Rhône,Saint-Péray
aire_parcellaire.3911;Bergerac,Côtes de Bergerac
aire_parcellaire.3912;Côtes du Roussillon,Languedoc
aire_parcellaire.3913;Côtes du Rhône
aire_parcellaire.3914;Bordeaux,Bordeaux supérieur,Crémant de Bordeaux
aire_parcellaire.3915;Corbières,Languedoc
aire_parcellaire.3916;Fronton
aire_parcellaire.3917;Coteaux d'Aix-en-Provence
aire_parcellaire.3918;Côtes de Provence
aire_parcellaire.3919;Grignan-les-Adhémar
aire_parcellaire.3920;Vin de Corse ou Corse
aire_parcellaire.3921;Ventoux
aire_parcellaire.3922;Côtes du Roussillon,Grand Roussillon,Languedoc,Muscat de Rivesaltes,Rivesaltes
aire_parcellaire.3923;Grignan-les-Adhémar
aire_parcellaire.3924;Bordeaux,Bordeaux supérieur,Crémant de Bordeaux,Entre-deux-Mers
aire_parcellaire.3925;Ventoux
aire_parcellaire.3926;Corbières,Corbières-Boutenac,Languedoc
aire_parcellaire.3927;Côtes du Roussillon,Côtes du Roussillon Villages,Grand Roussillon,Languedoc,Muscat de Rivesaltes,Rivesaltes
aire_parcellaire.3928;Ventoux
aire_parcellaire.3929;Grignan-les-Adhémar
aire_parcellaire.3930;Côtes du Rhône
aire_parcellaire.3931;Côtes du Roussillon,Côtes du Roussillon Villages,Grand Roussillon,Languedoc,Muscat de Rivesaltes,Rivesaltes
aire_parcellaire.3932;Côtes du Rhône
aire_parcellaire.3933;Côtes du Rhône,Saint-Péray
aire_parcellaire.3934;Côtes du Rhône
aire_parcellaire.3935;Coteaux d'Aix-en-Provence
aire_parcellaire.3936;Bordeaux,Bordeaux supérieur,Crémant de Bordeaux,Graves,Graves supérieures
aire_parcellaire.3937;Bergerac,Côtes de Bergerac,Côtes de Montravel,Haut-Montravel,Montravel
aire_parcellaire.3938;Côtes du Roussillon,Grand Roussillon,Languedoc,Muscat de Rivesaltes,Rivesaltes
aire_parcellaire.3939;Côtes du Roussillon,Côtes du Roussillon Villages,Grand Roussillon,Languedoc,Muscat de Rivesaltes,Rivesaltes
aire_parcellaire.3940;Ventoux
aire_parcellaire.3941;Côtes du Roussillon,Languedoc
aire_parcellaire.3942;Bordeaux,Bordeaux supérieur,Crémant de Bordeaux,Entre-deux-Mers
aire_parcellaire.3943;Côtes du Rhône,Côtes du Rhône Villages,Côtes du Rhône Villages Valréas
aire_parcellaire.3944;Grignan-les-Adhémar
aire_parcellaire.3945;Ventoux
aire_parcellaire.3946;Bordeaux,Bordeaux supérieur,Crémant de Bordeaux,Entre-deux-Mers
aire_parcellaire.3947;Côtes du Rhône,Côtes du Rhône Villages,Côtes du Rhône Villages Séguret
aire_parcellaire.3948;Gaillac
aire_parcellaire.3949;Ventoux
aire_parcellaire.3950;Grignan-les-Adhémar
aire_parcellaire.3951;Fronton
aire_parcellaire.3952;Ajaccio,Vin de Corse ou Corse
aire_parcellaire.3953;Bergerac,Côtes de Bergerac
aire_parcellaire.3954;Languedoc
aire_parcellaire.3955;Corbières,Languedoc
aire_parcellaire.3956;Fronton
aire_parcellaire.3957;Bergerac,Côtes de Bergerac
aire_parcellaire.3958;Brulhois
aire_parcellaire.3959;Tursan
aire_parcellaire.3960;Fronton
aire_parcellaire.3961;Quincy
aire_parcellaire.3962;Pierrevert
aire_parcellaire.3963;Ventoux
aire_parcellaire.3964;Bordeaux,Bordeaux Haut-Benauge,Bordeaux supérieur,Crémant de Bordeaux,Entre-deux-Mers,Entre-deux-Mers Haut-Benauge
aire_parcellaire.3965;Côtes du Roussillon,Côtes du Roussillon Villages,Grand Roussillon,Languedoc,Muscat de Rivesaltes,Rivesaltes
aire_parcellaire.3966;Ventoux
aire_parcellaire.3967;Bergerac,Côtes de Bergerac,Rosette
aire_parcellaire.3968;Bordeaux,Bordeaux supérieur,Crémant de Bordeaux,Côtes de Bordeaux-Saint-Macaire
aire_parcellaire.3969;Beaujolais,Crémant de Bourgogne
aire_parcellaire.3970;Costières de Nîmes
aire_parcellaire.3971;Vin de Corse Porto-Vecchio ou Corse Porto-Vecchio,Vin de Corse ou Corse
aire_parcellaire.3972;Vin de Corse ou Corse
aire_parcellaire.3973;Ventoux
aire_parcellaire.3974;Bandol
aire_parcellaire.3975;Côtes du Rhône
aire_parcellaire.3976;Bordeaux,Bordeaux supérieur,Crémant de Bordeaux,Entre-deux-Mers
aire_parcellaire.3977;Coteaux d'Aix-en-Provence
aire_parcellaire.3978;Fronton
aire_parcellaire.3979;Alsace,Crémant d’Alsace
aire_parcellaire.3980;Côtes du Rhône
aire_parcellaire.3981;Côtes du Rhône,Côtes du Rhône Villages,Côtes du Rhône Villages Rousset-les-Vignes
aire_parcellaire.3982;Grignan-les-Adhémar
aire_parcellaire.3983;Ventoux
aire_parcellaire.3984;Chablis,Crémant de Bourgogne,Petit Chablis
aire_parcellaire.3985;Beaujolais,Beaujolais Le Perréon,Beaujolais Villages,Crémant de Bourgogne
aire_parcellaire.3986;Côtes du Rhône
aire_parcellaire.3987;Côtes du Roussillon,Grand Roussillon,Languedoc,Muscat de Rivesaltes,Rivesaltes
aire_parcellaire.3988;Luberon
aire_parcellaire.3989;Bordeaux,Bordeaux supérieur,Crémant de Bordeaux,Côtes de Bourg, Bourg et Bourgeais
aire_parcellaire.3990;Bordeaux,Bordeaux supérieur,Crémant de Bordeaux,Entre-deux-Mers
aire_parcellaire.3991;Crozes-Hermitage ou Crozes-Ermitage,Côtes du Rhône
aire_parcellaire.3992;Bordeaux,Bordeaux supérieur,Crémant de Bordeaux,Entre-deux-Mers
aire_parcellaire.3993;Ventoux
aire_parcellaire.3994;Bourgogne,Bourgogne Passe-tout-grains,Bourgogne aligoté,Bourgogne mousseux,Coteaux Bourguignons ou Bourgogne grand ordinaire ou Bourgogne ordinaire,Crémant de Bourgogne,Mâcon,Mâcon Saint-Gengoux-le-National,Mâcon Villages
aire_parcellaire.3995;Languedoc,Saint-Chinian
aire_parcellaire.3996;Anjou,Cabernet d'Anjou,Coteaux de Saumur,Crémant de Loire,Rosé d'Anjou,Rosé de Loire,Saumur
aire_parcellaire.3997;Grignan-les-Adhémar
aire_parcellaire.3998;Côtes du Roussillon,Côtes du Roussillon Villages,Grand Roussillon,Languedoc,Maury,Muscat de Rivesaltes,Rivesaltes
aire_parcellaire.3999;Côtes du Rhône
aire_parcellaire.4000;Malepère
aire_parcellaire.4001;Côtes de Provence
aire_parcellaire.4002;Luberon
aire_parcellaire.4003;Vin de Corse Calvi ou Corse Calvi,Vin de Corse ou Corse
aire_parcellaire.4004;Patrimonio
aire_parcellaire.4005;Alsace,Alsace suivi d'un nom de lieu-dit,Crémant d’Alsace
aire_parcellaire.4006;Languedoc,Saint-Chinian,Saint-Chinian Berlou
aire_parcellaire.4007;Beaujolais,Crémant de Bourgogne
aire_parcellaire.4008;Languedoc
aire_parcellaire.4009;Alsace,Alsace suivi d'un nom de lieu-dit,Crémant d’Alsace
aire_parcellaire.4010;Grignan-les-Adhémar
aire_parcellaire.4011;Ventoux
aire_parcellaire.4012;Côtes de Provence
aire_parcellaire.4013;Côtes de Provence
aire_parcellaire.4014;Muscat du Cap Corse,Patrimonio
aire_parcellaire.4015;Sancerre
aire_parcellaire.4016;Costières de Nîmes
aire_parcellaire.4017;Faugères,Languedoc
aire_parcellaire.4018;Languedoc,Minervois,Minervois-La Livinière
aire_parcellaire.4019;Ventoux
aire_parcellaire.4020;Bordeaux,Bordeaux supérieur,Crémant de Bordeaux
aire_parcellaire.4021;Bordeaux,Bordeaux Haut-Benauge,Bordeaux supérieur,Crémant de Bordeaux,Entre-deux-Mers,Entre-deux-Mers Haut-Benauge
aire_parcellaire.4022;Faugères,Languedoc
aire_parcellaire.4023;Ventoux
aire_parcellaire.4024;Côtes du Roussillon,Grand Roussillon,Languedoc,Muscat de Rivesaltes,Rivesaltes
aire_parcellaire.4025;Ajaccio,Vin de Corse ou Corse
aire_parcellaire.4026;Languedoc,Saint-Chinian
aire_parcellaire.4027;Languedoc,Pic Saint-Loup
aire_parcellaire.4028;Côtes du Roussillon,Grand Roussillon,Languedoc,Muscat de Rivesaltes,Rivesaltes
aire_parcellaire.4029;Coteaux d'Aix-en-Provence
aire_parcellaire.4030;Côtes du Rhône
aire_parcellaire.4031;Côtes de Provence
aire_parcellaire.4032;Côtes du Rhône,Côtes du Rhône Villages,Côtes du Rhône Villages Valréas
aire_parcellaire.4033;Vin de Corse Porto-Vecchio ou Corse Porto-Vecchio,Vin de Corse ou Corse
aire_parcellaire.4034;Ventoux
aire_parcellaire.4035;Brulhois
aire_parcellaire.4036;Cahors
aire_parcellaire.4037;Bergerac,Côtes de Bergerac
aire_parcellaire.4038;Châteauneuf-du-Pape,Côtes du Rhône
aire_parcellaire.4039;Côtes du Rhône
aire_parcellaire.4040;Gaillac
aire_parcellaire.4041;Côtes du Roussillon,Côtes du Roussillon Villages,Grand Roussillon,Languedoc,Muscat de Rivesaltes,Rivesaltes
aire_parcellaire.4042;Tursan
aire_parcellaire.4043;Languedoc,Minervois
aire_parcellaire.4044;Bordeaux,Bordeaux supérieur,Crémant de Bordeaux,Entre-deux-Mers
aire_parcellaire.4045;Fronton
aire_parcellaire.4046;Languedoc,Minervois
aire_parcellaire.4047;Côtes du Rhône
aire_parcellaire.4048;Sancerre
aire_parcellaire.4049;La Clape,Languedoc
aire_parcellaire.4050;Languedoc,Minervois
aire_parcellaire.4051;Fronton
aire_parcellaire.4052;Coteaux d'Aix-en-Provence
aire_parcellaire.4053;Côtes de Provence
aire_parcellaire.4054;Bordeaux,Bordeaux supérieur,Crémant de Bordeaux,Haut-Médoc,Médoc
aire_parcellaire.4055;Ventoux
aire_parcellaire.4056;Bordeaux,Bordeaux supérieur,Crémant de Bordeaux
aire_parcellaire.4057;Languedoc,Saint-Chinian
aire_parcellaire.4058;Côtes du Roussillon,Côtes du Roussillon Villages,Grand Roussillon,Languedoc,Muscat de Rivesaltes,Rivesaltes
aire_parcellaire.4059;Languedoc,Minervois
aire_parcellaire.4060;Côtes du Roussillon,Côtes du Roussillon Villages Les Aspres,Grand Roussillon,Languedoc,Muscat de Rivesaltes,Rivesaltes
aire_parcellaire.4061;Côtes du Rhône
aire_parcellaire.4062;Béarn,Madiran,Pacherenc du Vic-Bilh
aire_parcellaire.4063;Bergerac,Côtes de Bergerac
aire_parcellaire.4064;Coteaux d'Aix-en-Provence
aire_parcellaire.4065;Malepère
aire_parcellaire.4066;Corbières,Languedoc
aire_parcellaire.4067;Ventoux
aire_parcellaire.4068;Coteaux d'Aix-en-Provence
aire_parcellaire.4069;Bourgogne,Bourgogne Hautes Côtes de Beaune,Bourgogne Passe-tout-grains,Bourgogne aligoté,Bourgogne mousseux,Coteaux Bourguignons ou Bourgogne grand ordinaire ou Bourgogne ordinaire,Crémant de Bourgogne
aire_parcellaire.4070;Bordeaux,Bordeaux supérieur,Crémant de Bordeaux
aire_parcellaire.4071;Beaujolais,Beaujolais Quincié-en-Beaujolais,Beaujolais Villages,Crémant de Bourgogne
aire_parcellaire.4072;Alsace,Alsace suivi d'un nom de lieu-dit,Crémant d’Alsace
aire_parcellaire.4073;Vin de Corse ou Corse
aire_parcellaire.4074;Côtes du Rhône
aire_parcellaire.4075;Coteaux d'Aix-en-Provence
aire_parcellaire.4076;Côtes du Rhône
aire_parcellaire.4077;Coteaux d'Aix-en-Provence
aire_parcellaire.4078;Côtes du Rhône
aire_parcellaire.4079;Bergerac,Côtes de Bergerac
aire_parcellaire.4080;Coteaux varois en Provence
aire_parcellaire.4081;Corbières,Languedoc
aire_parcellaire.4082;Bergerac,Côtes de Bergerac
aire_parcellaire.4083;Crémant de Bourgogne,Petit Chablis
aire_parcellaire.4084;Côtes du Rhône
aire_parcellaire.4085;Côtes du Rhône
aire_parcellaire.4086;Palette
aire_parcellaire.4087;Corbières,Fitou,Grand Roussillon,Languedoc,Muscat de Rivesaltes,Rivesaltes
aire_parcellaire.4088;Fronton
aire_parcellaire.4089;Ventoux
aire_parcellaire.4090;Luberon
aire_parcellaire.4091;Costières de Nîmes
aire_parcellaire.4092;Côtes du Rhône
aire_parcellaire.4093;Côtes de Provence,Côtes de Provence Sainte-Victoire
aire_parcellaire.4094;Alsace,Alsace suivi d'un nom de lieu-dit,Crémant d’Alsace
aire_parcellaire.4095;Anjou,Cabernet d'Anjou,Coteaux de Saumur,Crémant de Loire,Rosé d'Anjou,Rosé de Loire,Saumur
aire_parcellaire.4096;Crémant de Loire,Rosé de Loire,Touraine,Vouvray
aire_parcellaire.4097;Ventoux
aire_parcellaire.4098;Bordeaux,Bordeaux supérieur,Crémant de Bordeaux,Côtes de Bordeaux-Saint-Macaire
aire_parcellaire.4099;Vin de Corse Porto-Vecchio ou Corse Porto-Vecchio,Vin de Corse ou Corse
aire_parcellaire.4100;Coteaux d'Aix-en-Provence
aire_parcellaire.4101;Côtes du Roussillon,Côtes du Roussillon Villages,Grand Roussillon,Languedoc,Muscat de Rivesaltes,Rivesaltes
aire_parcellaire.4102;Côtes du Roussillon,Côtes du Roussillon Villages,Grand Roussillon,Languedoc,Muscat de Rivesaltes,Rivesaltes
aire_parcellaire.4103;Bandol
aire_parcellaire.4104;Bordeaux,Bordeaux supérieur,Crémant de Bordeaux,Côtes de Bordeaux,Côtes de Bordeaux Francs
aire_parcellaire.4105;Côtes du Rhône,Gigondas
aire_parcellaire.4106;Bergerac,Côtes de Bergerac
aire_parcellaire.4107;Côtes du Rhône,Gigondas
aire_parcellaire.4108;Costières de Nîmes
aire_parcellaire.4109;Côtes de Provence
aire_parcellaire.4110;Côtes du Roussillon,Grand Roussillon,Languedoc,Muscat de Rivesaltes,Rivesaltes
aire_parcellaire.4111;Luberon
aire_parcellaire.4112;Fronton
aire_parcellaire.4113;Bordeaux,Bordeaux supérieur,Crémant de Bordeaux,Puisseguin-Saint-Emilion
aire_parcellaire.4114;Bordeaux,Bordeaux supérieur,Cadillac,Crémant de Bordeaux,Côtes de Bordeaux,Côtes de Bordeaux Cadillac,Premières Côtes de Bordeaux
aire_parcellaire.4115;Côtes de Provence
aire_parcellaire.4116;Côtes du Roussillon,Côtes du Roussillon Villages,Grand Roussillon,Languedoc,Muscat de Rivesaltes,Rivesaltes
aire_parcellaire.4117;Brulhois
aire_parcellaire.4118;Crémant de Limoux,Limoux
aire_parcellaire.4119;Faugères,Languedoc
aire_parcellaire.4120;Côtes du Roussillon,Côtes du Roussillon Villages,Languedoc
aire_parcellaire.4121;Bordeaux,Bordeaux supérieur,Crémant de Bordeaux,Graves,Graves supérieures
aire_parcellaire.4122;Côtes du Roussillon,Côtes du Roussillon Villages,Grand Roussillon,Languedoc,Muscat de Rivesaltes,Rivesaltes
aire_parcellaire.4123;Crémant du Jura,Côtes du Jura,Macvin du Jura
aire_parcellaire.4124;Côtes du Rhône
aire_parcellaire.4125;Ventoux
aire_parcellaire.4126;Vin de Corse ou Corse
aire_parcellaire.4127;Côtes du Rhône
aire_parcellaire.4128;Sancerre
aire_parcellaire.4129;Châtillon-en-Diois,Clairette de Die,Coteaux de Die,Crémant de Die
aire_parcellaire.4130;Côtes du Rhône
aire_parcellaire.4131;Alsace,Alsace suivi d'un nom de lieu-dit,Crémant d’Alsace
aire_parcellaire.4132;Bourgogne,Bourgogne Passe-tout-grains,Bourgogne aligoté,Bourgogne mousseux,Coteaux Bourguignons ou Bourgogne grand ordinaire ou Bourgogne ordinaire,Crémant de Bourgogne,Mâcon,Mâcon Milly-Lamartine,Mâcon Villages
aire_parcellaire.4133;Côtes du Roussillon,Côtes du Roussillon Villages,Grand Roussillon,Languedoc,Muscat de Rivesaltes,Rivesaltes
aire_parcellaire.4134;Côtes du Roussillon,Côtes du Roussillon Villages,Languedoc
aire_parcellaire.4135;Bourgogne,Bourgogne Passe-tout-grains,Bourgogne aligoté,Bourgogne mousseux,Coteaux Bourguignons ou Bourgogne grand ordinaire ou Bourgogne ordinaire,Crémant de Bourgogne
aire_parcellaire.4136;Châteauneuf-du-Pape,Côtes du Rhône
aire_parcellaire.4137;Côtes du Roussillon,Languedoc
aire_parcellaire.4138;Corbières,Languedoc
aire_parcellaire.4139;Côtes du Rhône
aire_parcellaire.4140;Ajaccio,Vin de Corse ou Corse
aire_parcellaire.4141;Vin de Corse ou Corse
aire_parcellaire.4142;Bordeaux,Bordeaux supérieur,Crémant de Bordeaux,Entre-deux-Mers
aire_parcellaire.4143;Clairette du Languedoc,Clairette du Languedoc Cabrières
aire_parcellaire.4144;Brulhois
aire_parcellaire.4145;Alsace,Crémant d’Alsace
aire_parcellaire.4146;Costières de Nîmes
aire_parcellaire.4147;Ajaccio,Vin de Corse ou Corse
aire_parcellaire.4148;Luberon
aire_parcellaire.4149;Coteaux d'Aix-en-Provence
aire_parcellaire.4150;Anjou,Anjou Villages,Cabernet d'Anjou,Coteaux du Layon,Coteaux du Layon Beaulieu-sur-Layon ou Beaulieu,Crémant de Loire,Rosé d'Anjou,Rosé de Loire
aire_parcellaire.4151;Ventoux
aire_parcellaire.4152;Côtes du Roussillon,Côtes du Roussillon Villages,Grand Roussillon,Languedoc,Muscat de Rivesaltes,Rivesaltes
aire_parcellaire.4153;Luberon
aire_parcellaire.4154;Languedoc
aire_parcellaire.4155;Côtes de Provence
aire_parcellaire.4156;Chablis,Chablis premier cru,Crémant de Bourgogne,Petit Chablis
aire_parcellaire.4157;Malepère
aire_parcellaire.4158;Seyssel
aire_parcellaire.4159;Bordeaux,Bordeaux supérieur,Crémant de Bordeaux
aire_parcellaire.4160;Saint-Mont
aire_parcellaire.4161;Côtes du Rhône,Côtes du Rhône Villages
aire_parcellaire.4162;Bordeaux,Bordeaux supérieur,Crémant de Bordeaux,Graves,Graves supérieures
aire_parcellaire.4163;Côtes de Provence
aire_parcellaire.4164;Coteaux d'Aix-en-Provence
aire_parcellaire.4165;Côtes de Provence
aire_parcellaire.4166;Bordeaux,Bordeaux supérieur,Crémant de Bordeaux
aire_parcellaire.4167;Côtes du Rhône
aire_parcellaire.4168;Crémant de Loire,Rosé de Loire,Touraine
aire_parcellaire.4169;Fronton
aire_parcellaire.4170;Languedoc,Minervois
aire_parcellaire.4171;Alsace,Alsace suivi d'un nom de lieu-dit,Crémant d’Alsace
aire_parcellaire.4172;Côtes du Rhône
aire_parcellaire.4173;Gaillac
aire_parcellaire.4174;Languedoc
aire_parcellaire.4175;Côtes du Rhône
aire_parcellaire.4176;Ajaccio,Vin de Corse ou Corse
aire_parcellaire.4177;Bordeaux,Bordeaux supérieur,Crémant de Bordeaux,Graves,Graves supérieures
aire_parcellaire.4178;Bergerac,Côtes de Bergerac
aire_parcellaire.4179;Coteaux d'Aix-en-Provence
aire_parcellaire.4180;Crémant de Limoux,Limoux
aire_parcellaire.4181;Beaujolais,Beaujolais Quincié-en-Beaujolais,Beaujolais Villages,Crémant de Bourgogne
aire_parcellaire.4182;Languedoc,Saint-Chinian
aire_parcellaire.4183;Clairette de Bellegarde,Costières de Nîmes
aire_parcellaire.4184;Pouilly-Fumé ou Blanc Fumé de Pouilly,Pouilly-sur-Loire
aire_parcellaire.4185;Languedoc,Saint-Chinian
aire_parcellaire.4186;Muscat de Frontignan ou Frontignan ou Vin de Frontignan
aire_parcellaire.4187;Bordeaux,Bordeaux supérieur,Crémant de Bordeaux,Haut-Médoc,Margaux,Médoc
aire_parcellaire.4188;Vin de Corse ou Corse
aire_parcellaire.4189;Faugères,Languedoc
aire_parcellaire.4190;Côtes du Rhône,Saint-Péray
aire_parcellaire.4191;Vin de Corse Sartène ou Corse Sartène,Vin de Corse ou Corse
aire_parcellaire.4192;Côtes de Provence
aire_parcellaire.4193;Côtes du Rhône
aire_parcellaire.4194;Côtes du Roussillon,Grand Roussillon,Languedoc,Muscat de Rivesaltes,Rivesaltes
aire_parcellaire.4195;Ventoux
aire_parcellaire.4196;Côtes de Duras
aire_parcellaire.4197;Corbières,Languedoc
aire_parcellaire.4198;Languedoc,Saint-Chinian
aire_parcellaire.4199;Bordeaux,Bordeaux supérieur,Crémant de Bordeaux,Entre-deux-Mers
aire_parcellaire.4200;Crémant de Limoux,Limoux
aire_parcellaire.4201;Languedoc,Minervois
aire_parcellaire.4202;Corbières,Languedoc
aire_parcellaire.4203;Corbières,Languedoc
aire_parcellaire.4204;Bergerac,Côtes de Bergerac,Côtes de Montravel,Haut-Montravel,Montravel
aire_parcellaire.4205;Côtes du Roussillon,Grand Roussillon,Languedoc,Muscat de Rivesaltes,Rivesaltes
aire_parcellaire.4206;Languedoc
aire_parcellaire.4207;Costières de Nîmes
aire_parcellaire.4208;Bordeaux,Bordeaux supérieur,Crémant de Bordeaux
aire_parcellaire.4209;Cahors
aire_parcellaire.4210;Languedoc,Minervois,Minervois-La Livinière
aire_parcellaire.4211;Côtes du Roussillon,Côtes du Roussillon Villages,Grand Roussillon,Languedoc,Muscat de Rivesaltes,Rivesaltes
aire_parcellaire.4212;Costières de Nîmes
aire_parcellaire.4213;Languedoc,Pic Saint-Loup
aire_parcellaire.4214;Bordeaux,Bordeaux supérieur,Crémant de Bordeaux
aire_parcellaire.4215;Côtes du Roussillon,Côtes du Roussillon Villages,Grand Roussillon,Languedoc,Muscat de Rivesaltes,Rivesaltes
aire_parcellaire.4216;Grignan-les-Adhémar
aire_parcellaire.4217;Côtes du Rhône
aire_parcellaire.4218;Côtes de Duras
aire_parcellaire.4219;Fronton
aire_parcellaire.4220;Ventoux
aire_parcellaire.4221;Costières de Nîmes
aire_parcellaire.4222;Costières de Nîmes
aire_parcellaire.4223;Vin de Corse Sartène ou Corse Sartène,Vin de Corse ou Corse
aire_parcellaire.4224;Bergerac,Côtes de Bergerac
aire_parcellaire.4225;Corbières,Languedoc
aire_parcellaire.4226;Côtes du Marmandais
aire_parcellaire.4227;Bordeaux,Bordeaux supérieur,Crémant de Bordeaux,Entre-deux-Mers
aire_parcellaire.4228;Clairette du Languedoc,Clairette du Languedoc Cabrières
aire_parcellaire.4229;Cheverny,Cour-Cheverny,Crémant de Loire
aire_parcellaire.4230;Costières de Nîmes
aire_parcellaire.4231;Brulhois
aire_parcellaire.4232;Ventoux
aire_parcellaire.4233;Crémant de Bourgogne,Petit Chablis
aire_parcellaire.4234;Côtes du Roussillon,Grand Roussillon,Languedoc,Muscat de Rivesaltes,Rivesaltes
aire_parcellaire.4235;Alsace,Alsace suivi d'un nom de lieu-dit,Crémant d’Alsace
aire_parcellaire.4236;Fronton
aire_parcellaire.4237;Côtes de Provence
aire_parcellaire.4238;Crozes-Hermitage ou Crozes-Ermitage,Côtes du Rhône
aire_parcellaire.4239;Bordeaux,Bordeaux supérieur,Crémant de Bordeaux
aire_parcellaire.4240;Côtes du Rhône
aire_parcellaire.4241;Vin de Corse ou Corse
aire_parcellaire.4242;Coteaux d'Aix-en-Provence
aire_parcellaire.4243;Languedoc
aire_parcellaire.4244;Crémant du Jura,Côtes du Jura,Macvin du Jura
aire_parcellaire.4245;Bordeaux,Bordeaux supérieur,Crémant de Bordeaux,Entre-deux-Mers
aire_parcellaire.4246;Seyssel,Vin de Savoie ou Savoie
aire_parcellaire.4247;Ventoux
aire_parcellaire.4248;Côtes du Roussillon,Grand Roussillon,Languedoc,Muscat de Rivesaltes,Rivesaltes
aire_parcellaire.4249;Côtes du Roussillon,Côtes du Roussillon Villages,Grand Roussillon,Languedoc,Muscat de Rivesaltes,Rivesaltes
aire_parcellaire.4250;Crémant du Jura,Côtes du Jura,Macvin du Jura
aire_parcellaire.4251;Bordeaux,Bordeaux supérieur,Crémant de Bordeaux
aire_parcellaire.4252;Corbières,Languedoc
aire_parcellaire.4253;Ventoux
aire_parcellaire.4254;Coteaux d'Aix-en-Provence
aire_parcellaire.4255;Bergerac,Côtes de Bergerac,Rosette
aire_parcellaire.4256;Languedoc,Minervois,Minervois-La Livinière
aire_parcellaire.4257;Bordeaux,Bordeaux supérieur,Crémant de Bordeaux
aire_parcellaire.4258;Bergerac,Côtes de Bergerac,Côtes de Montravel,Haut-Montravel,Montravel
aire_parcellaire.4259;Bergerac,Côtes de Bergerac
aire_parcellaire.4260;Luberon
aire_parcellaire.4261;Vin de Corse Porto-Vecchio ou Corse Porto-Vecchio,Vin de Corse ou Corse
aire_parcellaire.4262;Beaujolais,Crémant de Bourgogne
aire_parcellaire.4263;Ventoux
aire_parcellaire.4264;Ventoux
aire_parcellaire.4265;Corbières,Languedoc
aire_parcellaire.4266;Alsace,Alsace suivi d'un nom de lieu-dit,Crémant d’Alsace
aire_parcellaire.4267;Gaillac
aire_parcellaire.4268;Fronton
aire_parcellaire.4269;Côtes du Roussillon,Grand Roussillon,Languedoc,Muscat de Rivesaltes,Rivesaltes
aire_parcellaire.4270;Côtes du Rhône,Gigondas
aire_parcellaire.4271;Bergerac,Côtes de Bergerac,Rosette
aire_parcellaire.4272;Costières de Nîmes
aire_parcellaire.4273;Bordeaux,Bordeaux supérieur,Crémant de Bordeaux,Graves,Graves supérieures,Pessac-Léognan
aire_parcellaire.4274;Crémant de Bourgogne,Petit Chablis
aire_parcellaire.4275;Coteaux d'Aix-en-Provence
aire_parcellaire.4276;Côtes du Rhône
aire_parcellaire.4277;Bourgogne,Bourgogne Côte Chalonnaise,Coteaux Bourguignons ou Bourgogne grand ordinaire ou Bourgogne ordinaire,Crémant de Bourgogne
aire_parcellaire.4278;Bordeaux,Bordeaux supérieur,Crémant de Bordeaux,Entre-deux-Mers
aire_parcellaire.4279;Languedoc,Terrasses du Larzac
aire_parcellaire.4280;Ventoux
aire_parcellaire.4281;Côtes du Rhône,Côtes du Rhône Villages,Côtes du Rhône Villages Valréas
aire_parcellaire.4282;Corbières,Grand Roussillon,Languedoc,Muscat de Rivesaltes,Rivesaltes
aire_parcellaire.4283;Costières de Nîmes
aire_parcellaire.4284;Côtes du Roussillon,Côtes du Roussillon Villages,Grand Roussillon,Languedoc,Muscat de Rivesaltes,Rivesaltes
aire_parcellaire.4285;Fronton
aire_parcellaire.4286;Bergerac,Côtes de Bergerac
aire_parcellaire.4287;Beaujolais,Beaujolais La Chapelle-de-Guinchay,Beaujolais Villages,Crémant de Bourgogne
aire_parcellaire.4288;Ventoux
aire_parcellaire.4289;Côtes du Rhône,Côtes du Rhône Villages
aire_parcellaire.4290;Côtes du Roussillon,Grand Roussillon,Languedoc,Muscat de Rivesaltes,Rivesaltes
aire_parcellaire.4291;Ventoux
aire_parcellaire.4292;Côtes du Rhône
aire_parcellaire.4293;Brulhois
aire_parcellaire.4294;Arbois,Crémant du Jura,Côtes du Jura,Macvin du Jura
aire_parcellaire.4295;Malepère
aire_parcellaire.4296;Béarn,Jurançon
aire_parcellaire.4297;Chablis,Crémant de Bourgogne,Petit Chablis
aire_parcellaire.4298;Bordeaux,Bordeaux supérieur,Crémant de Bordeaux,Entre-deux-Mers
aire_parcellaire.4299;Côtes de Provence
aire_parcellaire.4300;Coteaux d'Aix-en-Provence
aire_parcellaire.4301;Côtes de Provence
aire_parcellaire.4302;Bordeaux,Bordeaux supérieur,Crémant de Bordeaux,Entre-deux-Mers
aire_parcellaire.4303;Côtes du Rhône,Côtes du Rhône Villages
aire_parcellaire.4304;Blaye,Bordeaux,Bordeaux supérieur,Crémant de Bordeaux,Côtes de Blaye,Côtes de Bordeaux,Côtes de Bordeaux Blaye
aire_parcellaire.4305;Crémant de Limoux,Limoux
aire_parcellaire.4306;Côtes du Rhône
aire_parcellaire.4307;Bourgogne,Bourgogne Passe-tout-grains,Bourgogne aligoté,Bourgogne mousseux,Coteaux Bourguignons ou Bourgogne grand ordinaire ou Bourgogne ordinaire,Crémant de Bourgogne,Mâcon,Mâcon Azé,Mâcon Villages
aire_parcellaire.4308;Côtes du Rhône,Côtes du Rhône Villages,Côtes du Rhône Villages Suze-la-Rousse
aire_parcellaire.4309;Luberon
aire_parcellaire.4310;Côtes du Roussillon,Côtes du Roussillon Villages,Grand Roussillon,Languedoc,Muscat de Rivesaltes,Rivesaltes
aire_parcellaire.4311;Crémant du Jura,Côtes du Jura,Macvin du Jura
aire_parcellaire.4312;Bourgogne Passe-tout-grains,Bourgogne aligoté,Bourgogne mousseux,Coteaux Bourguignons ou Bourgogne grand ordinaire ou Bourgogne ordinaire,Crémant de Bourgogne
aire_parcellaire.4313;Coteaux du Lyonnais
aire_parcellaire.4314;Ventoux
aire_parcellaire.4315;Côtes du Rhône,Saint-Joseph
aire_parcellaire.4316;Côtes du Roussillon,Côtes du Roussillon Villages,Grand Roussillon,Languedoc,Muscat de Rivesaltes,Rivesaltes
aire_parcellaire.4317;Beaujolais,Beaujolais Villages,Crémant de Bourgogne,Morgon
aire_parcellaire.4318;Languedoc,Saint-Chinian
aire_parcellaire.4319;Faugères,Languedoc
aire_parcellaire.4320;Côtes du Rhône,Côtes du Rhône Villages,Côtes du Rhône Villages Laudun
aire_parcellaire.4321;Gaillac
aire_parcellaire.4322;Ventoux
aire_parcellaire.4323;Côtes du Roussillon,Grand Roussillon,Languedoc,Muscat de Rivesaltes,Rivesaltes
aire_parcellaire.4324;Châteauneuf-du-Pape,Côtes du Rhône
aire_parcellaire.4325;Côtes de Provence
aire_parcellaire.4326;Côtes de Duras
aire_parcellaire.4327;Crozes-Hermitage ou Crozes-Ermitage,Côtes du Rhône
aire_parcellaire.4328;Gaillac
aire_parcellaire.4329;Faugères,Languedoc
aire_parcellaire.4330;Corbières,Languedoc
aire_parcellaire.4331;Vin de Corse Porto-Vecchio ou Corse Porto-Vecchio,Vin de Corse ou Corse
aire_parcellaire.4332;Coteaux varois en Provence
aire_parcellaire.4333;Ventoux
aire_parcellaire.4334;Côtes du Roussillon,Côtes du Roussillon Villages,Grand Roussillon,Languedoc,Maury,Muscat de Rivesaltes,Rivesaltes
aire_parcellaire.4335;Côtes du Rhône
aire_parcellaire.4336;Crémant de Limoux,Limoux
aire_parcellaire.4337;Bordeaux,Bordeaux supérieur,Crémant de Bordeaux,Médoc
aire_parcellaire.4338;Grignan-les-Adhémar
aire_parcellaire.4339;Bordeaux,Bordeaux supérieur,Crémant de Bordeaux,Graves,Graves supérieures
aire_parcellaire.4340;Côtes du Roussillon,Côtes du Roussillon Villages,Grand Roussillon,Languedoc,Muscat de Rivesaltes,Rivesaltes
aire_parcellaire.4341;Languedoc
aire_parcellaire.4342;Côtes du Roussillon,Côtes du Roussillon Villages,Grand Roussillon,Languedoc,Muscat de Rivesaltes,Rivesaltes
aire_parcellaire.4343;Ventoux
aire_parcellaire.4344;Côtes du Roussillon,Grand Roussillon,Languedoc,Muscat de Rivesaltes,Rivesaltes
aire_parcellaire.4345;Ventoux
aire_parcellaire.4346;Bordeaux,Bordeaux supérieur,Crémant de Bordeaux,Pomerol
aire_parcellaire.4347;Côtes de Provence
aire_parcellaire.4348;Côtes de Provence
aire_parcellaire.4349;Côtes du Roussillon,Côtes du Roussillon Villages,Grand Roussillon,Languedoc,Muscat de Rivesaltes,Rivesaltes
aire_parcellaire.4350;Costières de Nîmes
aire_parcellaire.4351;Ventoux
aire_parcellaire.4352;Ventoux
aire_parcellaire.4353;Vin de Corse ou Corse
aire_parcellaire.4354;Vin de Corse ou Corse,Vin de Corse ou Corse Figari
aire_parcellaire.4355;Beaujolais,Beaujolais Le Perréon,Beaujolais Villages,Crémant de Bourgogne
aire_parcellaire.4356;Bourgogne,Bourgogne Passe-tout-grains,Bourgogne aligoté,Bourgogne mousseux,Coteaux Bourguignons ou Bourgogne grand ordinaire ou Bourgogne ordinaire,Crémant de Bourgogne,Mâcon,Mâcon Péronne,Mâcon Villages
aire_parcellaire.4357;Cheverny,Crémant de Loire
aire_parcellaire.4358;Languedoc,Minervois
aire_parcellaire.4359;Bergerac,Côtes de Bergerac
aire_parcellaire.4360;Côtes du Rhône
aire_parcellaire.4361;Languedoc,Minervois
aire_parcellaire.4362;Ventoux
aire_parcellaire.4363;Corbières,Languedoc
aire_parcellaire.4364;Languedoc,Minervois
aire_parcellaire.4365;Vin de Corse ou Corse
aire_parcellaire.4366;Vin de Corse Calvi ou Corse Calvi,Vin de Corse ou Corse
aire_parcellaire.4367;Buzet
aire_parcellaire.4368;Fronton
aire_parcellaire.4369;Côtes du Roussillon,Côtes du Roussillon Villages,Grand Roussillon,Languedoc,Maury,Muscat de Rivesaltes,Rivesaltes
aire_parcellaire.4370;Cahors
aire_parcellaire.4371;Sancerre
aire_parcellaire.4372;Cahors
aire_parcellaire.4373;Bordeaux,Bordeaux supérieur,Crémant de Bordeaux,Côtes de Bourg, Bourg et Bourgeais
aire_parcellaire.4374;Beaujolais,Beaujolais Quincié-en-Beaujolais,Beaujolais Villages,Crémant de Bourgogne
aire_parcellaire.4375;Ventoux
aire_parcellaire.4376;Blaye,Bordeaux,Bordeaux supérieur,Crémant de Bordeaux
aire_parcellaire.4377;Côtes du Rhône,Côtes du Rhône Villages,Côtes du Rhône Villages Laudun
aire_parcellaire.4378;Vin de Corse Calvi ou Corse Calvi,Vin de Corse ou Corse
aire_parcellaire.4379;Corbières,Languedoc
aire_parcellaire.4380;Buzet
aire_parcellaire.4381;Haut-Poitou
aire_parcellaire.4382;Cahors
aire_parcellaire.4383;Crémant de Limoux,Limoux
aire_parcellaire.4384;Côtes du Marmandais
aire_parcellaire.4385;Costières de Nîmes
aire_parcellaire.4386;Bergerac,Côtes de Bergerac
aire_parcellaire.4387;Muscat de Mireval
aire_parcellaire.4388;Côtes du Roussillon,Côtes du Roussillon Villages,Languedoc
aire_parcellaire.4389;Beaujolais,Crémant de Bourgogne
aire_parcellaire.4390;Ventoux
aire_parcellaire.4391;Gaillac
aire_parcellaire.4392;Grignan-les-Adhémar
aire_parcellaire.4393;Bourgogne,Bourgogne Passe-tout-grains,Bourgogne aligoté,Bourgogne mousseux,Coteaux Bourguignons ou Bourgogne grand ordinaire ou Bourgogne ordinaire,Crémant de Bourgogne,Mâcon,Mâcon Saint-Gengoux-le-National,Mâcon Villages
aire_parcellaire.4394;Brulhois
aire_parcellaire.4395;Côtes de Provence
aire_parcellaire.4396;Fronton
aire_parcellaire.4397;Corbières,Languedoc
aire_parcellaire.4398;Luberon
aire_parcellaire.4399;Grignan-les-Adhémar
aire_parcellaire.4400;Corbières,Languedoc
aire_parcellaire.4401;Côtes du Roussillon,Côtes du Roussillon Villages,Grand Roussillon,Languedoc,Muscat de Rivesaltes,Rivesaltes
aire_parcellaire.4402;Ventoux
aire_parcellaire.4403;Côtes du Vivarais
aire_parcellaire.4404;Saint-Mont
aire_parcellaire.4405;Crémant du Jura,Côtes du Jura,Macvin du Jura
aire_parcellaire.4406;Côtes du Roussillon,Grand Roussillon,Languedoc,Muscat de Rivesaltes,Rivesaltes
aire_parcellaire.4407;Coteaux d'Aix-en-Provence
aire_parcellaire.4408;Côtes du Rhône,Côtes du Rhône Villages,Côtes du Rhône Villages Valréas
aire_parcellaire.4409;Coteaux varois en Provence
aire_parcellaire.4410;Blaye,Bordeaux,Bordeaux supérieur,Crémant de Bordeaux,Côtes de Blaye,Côtes de Bordeaux,Côtes de Bordeaux Blaye
aire_parcellaire.4411;Côtes de Provence
aire_parcellaire.4412;Tursan
aire_parcellaire.4413;Luberon
aire_parcellaire.4414;Languedoc
aire_parcellaire.4415;Languedoc,Picpoul de Pinet
aire_parcellaire.4416;Crémant du Jura,Côtes du Jura,Macvin du Jura
aire_parcellaire.4417;Coteaux d'Aix-en-Provence,Les Baux de Provence
aire_parcellaire.4418;Côtes du Rhône
aire_parcellaire.4419;Côtes du Rhône
aire_parcellaire.4420;Bergerac,Côtes de Bergerac,Rosette
aire_parcellaire.4421;Alsace,Alsace suivi d'un nom de lieu-dit,Crémant d’Alsace
aire_parcellaire.4422;Fronton
aire_parcellaire.4423;Ventoux
aire_parcellaire.4424;Côtes du Roussillon,Côtes du Roussillon Villages,Grand Roussillon,Languedoc,Maury,Muscat de Rivesaltes,Rivesaltes
aire_parcellaire.4425;Beaujolais,Beaujolais Vaux-en-Beaujolais,Beaujolais Villages,Crémant de Bourgogne
aire_parcellaire.4426;Côtes du Rhône
aire_parcellaire.4427;Corbières,Languedoc
aire_parcellaire.4428;Muscat du Cap Corse,Vin de Corse Coteaux du Cap Corse ou Corse Coteaux du Cap Corse,Vin de Corse ou Corse
aire_parcellaire.4429;Cabardès
aire_parcellaire.4430;Costières de Nîmes
aire_parcellaire.4431;Ventoux
aire_parcellaire.4432;Côtes de Provence
aire_parcellaire.4433;Côtes de Provence
aire_parcellaire.4434;Coteaux d'Aix-en-Provence
aire_parcellaire.4435;Languedoc,Saint-Chinian
aire_parcellaire.4436;Languedoc,Minervois
aire_parcellaire.4437;Ventoux
aire_parcellaire.4438;Côtes de Provence
aire_parcellaire.4439;Côtes du Rhône
aire_parcellaire.4440;Coteaux d'Aix-en-Provence
aire_parcellaire.4441;Coteaux varois en Provence
aire_parcellaire.4442;Bergerac,Côtes de Bergerac
aire_parcellaire.4443;Bordeaux,Bordeaux Haut-Benauge,Bordeaux supérieur,Crémant de Bordeaux,Entre-deux-Mers,Entre-deux-Mers Haut-Benauge
aire_parcellaire.4444;Côtes du Rhône
aire_parcellaire.4445;Bordeaux,Bordeaux supérieur,Crémant de Bordeaux,Médoc
aire_parcellaire.4446;Côtes du Rhône
aire_parcellaire.4447;Bergerac,Côtes de Bergerac,Côtes de Montravel,Haut-Montravel,Montravel
aire_parcellaire.4448;Bordeaux,Bordeaux supérieur,Crémant de Bordeaux,Saint-Emilion,Saint-Emilion grand cru
aire_parcellaire.4449;Vin de Corse ou Corse,Vin de Corse ou Corse Figari
aire_parcellaire.4450;Corbières,Languedoc
aire_parcellaire.4451;Bordeaux,Bordeaux supérieur,Crémant de Bordeaux,Saint-Emilion,Saint-Emilion grand cru
aire_parcellaire.4452;Cahors
aire_parcellaire.4453;Brulhois
aire_parcellaire.4454;Bourgogne,Bourgogne Passe-tout-grains,Bourgogne aligoté,Bourgogne mousseux,Coteaux Bourguignons ou Bourgogne grand ordinaire ou Bourgogne ordinaire,Crémant de Bourgogne,Mâcon,Mâcon Chardonnay,Mâcon Villages
aire_parcellaire.4455;Grignan-les-Adhémar
aire_parcellaire.4456;Côtes de Provence
aire_parcellaire.4457;Coteaux d'Aix-en-Provence
aire_parcellaire.4458;Vin de Corse Calvi ou Corse Calvi,Vin de Corse ou Corse
aire_parcellaire.4459;Bordeaux,Bordeaux supérieur,Crémant de Bordeaux,Haut-Médoc,Médoc
aire_parcellaire.4460;Corbières,Grand Roussillon,Languedoc,Muscat de Rivesaltes,Rivesaltes
aire_parcellaire.4461;Languedoc,Languedoc Quatourze
aire_parcellaire.4462;Côtes du Rhône,Côtes du Rhône Villages,Côtes du Rhône Villages Laudun
aire_parcellaire.4463;Côtes du Roussillon,Côtes du Roussillon Villages Les Aspres,Grand Roussillon,Languedoc,Muscat de Rivesaltes,Rivesaltes
aire_parcellaire.4464;Corbières,Grand Roussillon,Languedoc,Muscat de Rivesaltes,Rivesaltes
aire_parcellaire.4465;Côtes du Marmandais
aire_parcellaire.4466;Fronton
aire_parcellaire.4467;Fronton
aire_parcellaire.4468;Bergerac,Côtes de Bergerac
aire_parcellaire.4469;Côtes de Duras
aire_parcellaire.4470;Bordeaux,Bordeaux supérieur,Crémant de Bordeaux,Entre-deux-Mers
aire_parcellaire.4471;Languedoc,Saint-Chinian
aire_parcellaire.4472;Côtes du Roussillon,Grand Roussillon,Languedoc,Muscat de Rivesaltes,Rivesaltes
aire_parcellaire.4473;Corbières,Languedoc
aire_parcellaire.4474;Côtes du Roussillon,Côtes du Roussillon Villages,Côtes du Roussillon Villages Tautavel,Grand Roussillon,Languedoc,Muscat de Rivesaltes,Rivesaltes
aire_parcellaire.4475;Bordeaux,Bordeaux supérieur,Cadillac,Crémant de Bordeaux,Côtes de Bordeaux,Côtes de Bordeaux Cadillac,Premières Côtes de Bordeaux
aire_parcellaire.4476;Beaujolais,Beaujolais Saint-Lager,Beaujolais Villages,Crémant de Bourgogne,Côte de Brouilly
aire_parcellaire.4477;Châteauneuf-du-Pape,Côtes du Rhône
aire_parcellaire.4478;Côtes du Roussillon,Côtes du Roussillon Villages,Grand Roussillon,Languedoc,Muscat de Rivesaltes,Rivesaltes
aire_parcellaire.4479;Muscat du Cap Corse,Patrimonio
aire_parcellaire.4480;Languedoc,Minervois
aire_parcellaire.4481;Coteaux d'Aix-en-Provence
aire_parcellaire.4482;Fronton
aire_parcellaire.4483;Grignan-les-Adhémar
aire_parcellaire.4484;Vin de Corse Porto-Vecchio ou Corse Porto-Vecchio,Vin de Corse ou Corse
aire_parcellaire.4485;Bordeaux,Bordeaux supérieur,Crémant de Bordeaux,Entre-deux-Mers
aire_parcellaire.4486;Alsace,Alsace suivi d'un nom de lieu-dit,Crémant d’Alsace
aire_parcellaire.4487;Languedoc
aire_parcellaire.4488;Anjou,Anjou Villages,Cabernet d'Anjou,Coteaux du Layon,Coteaux du Layon Beaulieu-sur-Layon ou Beaulieu,Crémant de Loire,Rosé d'Anjou,Rosé de Loire
aire_parcellaire.4489;Bordeaux,Bordeaux supérieur,Cadillac,Crémant de Bordeaux,Côtes de Bordeaux,Côtes de Bordeaux Cadillac,Premières Côtes de Bordeaux
aire_parcellaire.4490;Ventoux
aire_parcellaire.4491;Vin de Corse Sartène ou Corse Sartène,Vin de Corse ou Corse
aire_parcellaire.4492;Ajaccio,Vin de Corse ou Corse
aire_parcellaire.4493;Bordeaux,Bordeaux supérieur,Crémant de Bordeaux
aire_parcellaire.4494;Bordeaux,Bordeaux supérieur,Crémant de Bordeaux,Médoc
aire_parcellaire.4495;Luberon
aire_parcellaire.4496;Languedoc
aire_parcellaire.4497;Luberon
aire_parcellaire.4498;Côtes de Provence
aire_parcellaire.4499;Grignan-les-Adhémar
aire_parcellaire.4500;Côtes du Rhône,Côtes du Rhône Villages,Côtes du Rhône Villages Séguret
aire_parcellaire.4501;Ventoux
aire_parcellaire.4502;Côtes du Roussillon,Côtes du Roussillon Villages,Grand Roussillon,Languedoc,Muscat de Rivesaltes,Rivesaltes
aire_parcellaire.4503;Côtes de Provence
aire_parcellaire.4504;Bordeaux,Bordeaux supérieur,Crémant de Bordeaux,Médoc
aire_parcellaire.4505;Côtes du Rhône,Côtes du Rhône Villages,Côtes du Rhône Villages Massif d'Uchaux
aire_parcellaire.4506;Côtes du Rhône,Côtes du Rhône Villages,Côtes du Rhône Villages Suze-la-Rousse
aire_parcellaire.4507;Bourgogne,Bourgogne Côte d'Or,Bourgogne Passe-tout-grains,Bourgogne aligoté,Bourgogne mousseux,Clos de Vougeot ou Clos Vougeot,Coteaux Bourguignons ou Bourgogne grand ordinaire ou Bourgogne ordinaire,Crémant de Bourgogne,Vougeot,Vougeot premier cru
aire_parcellaire.4508;Bordeaux,Bordeaux supérieur,Crémant de Bordeaux,Puisseguin-Saint-Emilion
aire_parcellaire.4509;Bordeaux,Bordeaux supérieur,Crémant de Bordeaux,Côtes de Bordeaux,Côtes de Bordeaux Cadillac,Premières Côtes de Bordeaux
aire_parcellaire.4510;Bordeaux,Bordeaux supérieur,Crémant de Bordeaux
aire_parcellaire.4511;Côtes du Roussillon,Languedoc
aire_parcellaire.4512;Crémant de Limoux,Limoux
aire_parcellaire.4513;Bordeaux,Bordeaux supérieur,Crémant de Bordeaux
aire_parcellaire.4514;Bergerac,Côtes de Bergerac,Rosette
aire_parcellaire.4515;Bordeaux,Bordeaux supérieur,Crémant de Bordeaux,Graves de Vayres
aire_parcellaire.4516;Bourgogne,Bourgogne Côte d'Or,Bourgogne Passe-tout-grains,Bourgogne aligoté,Bourgogne mousseux,Coteaux Bourguignons ou Bourgogne grand ordinaire ou Bourgogne ordinaire,Crémant de Bourgogne
aire_parcellaire.4517;Côtes du Rhône
aire_parcellaire.4518;Côtes du Rhône,Côtes du Rhône Villages,Côtes du Rhône Villages Chusclan
aire_parcellaire.4519;Côtes de Provence
aire_parcellaire.4520;Crozes-Hermitage ou Crozes-Ermitage,Côtes du Rhône
aire_parcellaire.4521;Côtes de Provence
aire_parcellaire.4522;Gaillac,Gaillac premières côtes
aire_parcellaire.4523;Languedoc
aire_parcellaire.4524;Côtes du Roussillon,Grand Roussillon,Languedoc,Muscat de Rivesaltes,Rivesaltes
aire_parcellaire.4525;Grignan-les-Adhémar
aire_parcellaire.4526;Blaye,Bordeaux,Bordeaux supérieur,Crémant de Bordeaux,Côtes de Blaye,Côtes de Bordeaux,Côtes de Bordeaux Blaye
aire_parcellaire.4527;Costières de Nîmes
aire_parcellaire.4528;Vin de Corse Calvi ou Corse Calvi,Vin de Corse ou Corse
aire_parcellaire.4529;Languedoc,Languedoc Grès de Montpellier
aire_parcellaire.4530;Bourgogne Passe-tout-grains,Bourgogne aligoté,Bourgogne mousseux,Coteaux Bourguignons ou Bourgogne grand ordinaire ou Bourgogne ordinaire,Crémant de Bourgogne
aire_parcellaire.4531;Languedoc,Minervois
aire_parcellaire.4532;Vin de Corse ou Corse
aire_parcellaire.4533;Bergerac,Côtes de Bergerac,Monbazillac
aire_parcellaire.4534;Côtes du Roussillon,Côtes du Roussillon Villages,Grand Roussillon,Languedoc,Muscat de Rivesaltes,Rivesaltes
aire_parcellaire.4535;Buzet
aire_parcellaire.4536;Côtes du Rhône
aire_parcellaire.4537;Coteaux d'Aix-en-Provence
aire_parcellaire.4538;Ventoux
aire_parcellaire.4539;Bordeaux,Bordeaux supérieur,Crémant de Bordeaux
aire_parcellaire.4540;Blaye,Bordeaux,Bordeaux supérieur,Crémant de Bordeaux,Côtes de Blaye,Côtes de Bordeaux,Côtes de Bordeaux Blaye
aire_parcellaire.4541;Fronton
aire_parcellaire.4542;Côtes de Provence
aire_parcellaire.4543;Bourgogne,Bourgogne Passe-tout-grains,Bourgogne aligoté,Bourgogne mousseux,Coteaux Bourguignons ou Bourgogne grand ordinaire ou Bourgogne ordinaire,Crémant de Bourgogne,Mâcon,Mâcon Villages
aire_parcellaire.4544;Corbières,Languedoc
aire_parcellaire.4545;Ventoux
aire_parcellaire.4546;Coteaux d'Aix-en-Provence,Les Baux de Provence
aire_parcellaire.4547;Côtes du Rhône,Côtes du Rhône Villages,Côtes du Rhône Villages Suze-la-Rousse
aire_parcellaire.4548;Côtes du Rhône
aire_parcellaire.4549;Cheverny,Cour-Cheverny,Crémant de Loire
aire_parcellaire.4550;Bourgogne Passe-tout-grains,Bourgogne aligoté,Bourgogne mousseux,Coteaux Bourguignons ou Bourgogne grand ordinaire ou Bourgogne ordinaire,Crémant de Bourgogne
aire_parcellaire.4551;Béarn,Madiran,Pacherenc du Vic-Bilh
aire_parcellaire.4552;Côtes de Provence
aire_parcellaire.4553;Clairette de Die,Coteaux de Die,Crémant de Die
aire_parcellaire.4554;Grignan-les-Adhémar
aire_parcellaire.4555;Vin de Corse ou Corse,Vin de Corse ou Corse Figari
aire_parcellaire.4556;Fronton
aire_parcellaire.4557;Côtes de Provence
aire_parcellaire.4558;Muscat de Frontignan ou Frontignan ou Vin de Frontignan
aire_parcellaire.4559;Bordeaux,Bordeaux supérieur,Crémant de Bordeaux,Entre-deux-Mers
aire_parcellaire.4560;Corbières,Languedoc
aire_parcellaire.4561;Côtes du Roussillon,Grand Roussillon,Languedoc,Muscat de Rivesaltes,Rivesaltes
aire_parcellaire.4562;Faugères,Languedoc
aire_parcellaire.4563;Languedoc,Minervois
aire_parcellaire.4564;Languedoc,Minervois
aire_parcellaire.4565;Côtes du Rhône,Côtes du Rhône Villages,Côtes du Rhône Villages Valréas
aire_parcellaire.4566;Corbières,Grand Roussillon,Languedoc,Muscat de Rivesaltes,Rivesaltes
aire_parcellaire.4567;Côtes du Roussillon,Grand Roussillon,Languedoc,Muscat de Rivesaltes,Rivesaltes
aire_parcellaire.4568;Côtes de Provence
aire_parcellaire.4569;Clairette de Bellegarde,Costières de Nîmes
aire_parcellaire.4570;Fronton
aire_parcellaire.4571;Luberon
aire_parcellaire.4572;Côtes du Rhône
aire_parcellaire.4573;Bourgogne,Bourgogne Passe-tout-grains,Bourgogne aligoté,Bourgogne mousseux,Coteaux Bourguignons ou Bourgogne grand ordinaire ou Bourgogne ordinaire,Crémant de Bourgogne,Mâcon,Mâcon Chardonnay,Mâcon Villages
aire_parcellaire.4574;Coteaux d'Aix-en-Provence,Les Baux de Provence
aire_parcellaire.4575;Orléans,Orléans-Cléry
aire_parcellaire.4576;Languedoc
aire_parcellaire.4577;Languedoc,Minervois
aire_parcellaire.4578;Côtes du Roussillon,Côtes du Roussillon Villages,Grand Roussillon,Languedoc,Muscat de Rivesaltes,Rivesaltes
aire_parcellaire.4579;Côtes de Provence
aire_parcellaire.4580;Clairette du Languedoc,Clairette du Languedoc Lieuran-Cabrières,Languedoc
aire_parcellaire.4581;Languedoc,Minervois
aire_parcellaire.4582;Ventoux
aire_parcellaire.4583;Arbois,Crémant du Jura,Côtes du Jura,Macvin du Jura
aire_parcellaire.4584;Languedoc,Languedoc Montpeyroux,Terrasses du Larzac
aire_parcellaire.4585;Côtes du Roussillon,Languedoc
aire_parcellaire.4586;Bordeaux,Bordeaux supérieur,Crémant de Bordeaux,Graves,Graves supérieures
aire_parcellaire.4587;Bugey,Bugey Cerdon,Roussette du Bugey
aire_parcellaire.4588;Faugères,Languedoc
aire_parcellaire.4589;Crémant de Loire,Rosé de Loire,Touraine
aire_parcellaire.4590;Côtes du Roussillon,Côtes du Roussillon Villages,Grand Roussillon,Languedoc,Muscat de Rivesaltes,Rivesaltes
aire_parcellaire.4591;Costières de Nîmes
aire_parcellaire.4592;Côtes du Roussillon,Côtes du Roussillon Villages,Grand Roussillon,Languedoc,Muscat de Rivesaltes,Rivesaltes
aire_parcellaire.4593;Vin de Corse Sartène ou Corse Sartène,Vin de Corse ou Corse
aire_parcellaire.4594;Côtes du Rhône
aire_parcellaire.4595;Bordeaux,Bordeaux supérieur,Crémant de Bordeaux
aire_parcellaire.4596;Ajaccio,Vin de Corse ou Corse
aire_parcellaire.4597;Gaillac
aire_parcellaire.4598;Cahors
aire_parcellaire.4599;Alsace,Alsace suivi d'un nom de lieu-dit,Crémant d’Alsace
aire_parcellaire.4600;Grand Roussillon,Muscat de Rivesaltes,Rivesaltes
aire_parcellaire.4601;Ventoux
aire_parcellaire.4602;La Clape,Languedoc
aire_parcellaire.4603;Bordeaux,Bordeaux supérieur,Crémant de Bordeaux
aire_parcellaire.4604;Coteaux varois en Provence
aire_parcellaire.4605;Bordeaux,Bordeaux supérieur,Crémant de Bordeaux,Entre-deux-Mers
aire_parcellaire.4606;Bordeaux,Bordeaux supérieur,Crémant de Bordeaux,Entre-deux-Mers
aire_parcellaire.4607;Corbières,Languedoc
aire_parcellaire.4608;Côtes du Rhône,Côtes du Rhône Villages,Côtes du Rhône Villages Saint-Andéol
aire_parcellaire.4609;Valençay
aire_parcellaire.4610;Grignan-les-Adhémar
aire_parcellaire.4611;Gaillac
aire_parcellaire.4612;Languedoc,Saint-Chinian
aire_parcellaire.4613;Ventoux
aire_parcellaire.4614;Muscat de Mireval
aire_parcellaire.4615;Luberon
aire_parcellaire.4616;Ventoux
aire_parcellaire.4617;Bourgogne,Bourgogne Epineuil,Bourgogne Passe-tout-grains,Bourgogne Tonnerre,Bourgogne aligoté,Bourgogne mousseux,Coteaux Bourguignons ou Bourgogne grand ordinaire ou Bourgogne ordinaire,Crémant de Bourgogne
aire_parcellaire.4618;Alsace,Alsace grand cru Schlossberg,Crémant d’Alsace
aire_parcellaire.4619;Costières de Nîmes
aire_parcellaire.4620;Languedoc,Minervois
aire_parcellaire.4621;Ventoux
aire_parcellaire.4622;Côtes du Rhône
aire_parcellaire.4623;Arbois,Crémant du Jura,Côtes du Jura,Macvin du Jura
aire_parcellaire.4624;Bordeaux,Bordeaux supérieur,Crémant de Bordeaux,Entre-deux-Mers
aire_parcellaire.4625;Côtes du Roussillon,Côtes du Roussillon Villages,Grand Roussillon,Languedoc,Muscat de Rivesaltes,Rivesaltes
aire_parcellaire.4626;Côtes de Provence
aire_parcellaire.4627;Fronton
aire_parcellaire.4628;Muscat du Cap Corse,Vin de Corse Coteaux du Cap Corse ou Corse Coteaux du Cap Corse,Vin de Corse ou Corse
aire_parcellaire.4629;Anjou
aire_parcellaire.4630;Côtes du Roussillon,Côtes du Roussillon Villages,Languedoc
aire_parcellaire.4631;Côtes de Provence
aire_parcellaire.4632;Côtes du Rhône,Côtes du Rhône Villages,Côtes du Rhône Villages Valréas
aire_parcellaire.4633;Ventoux
aire_parcellaire.4634;Bordeaux,Bordeaux supérieur,Crémant de Bordeaux
aire_parcellaire.4635;Fronton
aire_parcellaire.4636;Côtes du Rhône,Côtes du Rhône Villages,Côtes du Rhône Villages Séguret
aire_parcellaire.4637;Côtes du Vivarais
aire_parcellaire.4638;Côtes du Roussillon,Côtes du Roussillon Villages,Languedoc
aire_parcellaire.4639;Languedoc,Saint-Chinian
aire_parcellaire.4640;Ventoux
aire_parcellaire.4641;Côtes du Rhône
aire_parcellaire.4642;Languedoc,Pic Saint-Loup
aire_parcellaire.4643;Bordeaux,Bordeaux supérieur,Crémant de Bordeaux,Haut-Médoc,Médoc
aire_parcellaire.4644;Ventoux
aire_parcellaire.4645;Gaillac
aire_parcellaire.4646;Grignan-les-Adhémar
aire_parcellaire.4647;Côtes de Provence
aire_parcellaire.4648;Languedoc,Minervois
aire_parcellaire.4649;Côtes du Rhône,Côtes du Rhône Villages,Côtes du Rhône Villages Séguret
aire_parcellaire.4650;Languedoc,Minervois
aire_parcellaire.4651;Costières de Nîmes
aire_parcellaire.4652;Crémant du Jura,Côtes du Jura,Macvin du Jura
aire_parcellaire.4653;Languedoc
aire_parcellaire.4654;Ventoux
aire_parcellaire.4655;Fronton
aire_parcellaire.4656;Crémant de Limoux,Limoux
aire_parcellaire.4657;Vin de Corse Calvi ou Corse Calvi,Vin de Corse ou Corse
aire_parcellaire.4658;Côtes du Marmandais
aire_parcellaire.4659;Côtes de Provence
aire_parcellaire.4660;Tursan
aire_parcellaire.4661;Crémant du Jura,Côtes du Jura,Macvin du Jura
aire_parcellaire.4662;Crémant de Limoux,Limoux
aire_parcellaire.4663;Ventoux
aire_parcellaire.4664;Coteaux du Lyonnais
aire_parcellaire.4665;Ventoux
aire_parcellaire.4666;Ventoux
aire_parcellaire.4667;Ajaccio,Vin de Corse ou Corse
aire_parcellaire.4668;Côtes du Marmandais
aire_parcellaire.4669;Costières de Nîmes
aire_parcellaire.4670;Côtes de Provence
aire_parcellaire.4671;Alsace,Alsace suivi d'un nom de lieu-dit,Crémant d’Alsace
aire_parcellaire.4672;Crémant de Bourgogne,Petit Chablis
aire_parcellaire.4673;Ventoux
aire_parcellaire.4674;Côtes de Provence
aire_parcellaire.4675;Seyssel
aire_parcellaire.4676;Côtes du Roussillon,Côtes du Roussillon Villages,Grand Roussillon,Languedoc,Muscat de Rivesaltes,Rivesaltes
aire_parcellaire.4677;Menetou-Salon
aire_parcellaire.4678;Ajaccio,Vin de Corse ou Corse
aire_parcellaire.4679;Côtes de Provence
aire_parcellaire.4680;Bordeaux,Bordeaux supérieur,Crémant de Bordeaux,Médoc
aire_parcellaire.4681;Marcillac
aire_parcellaire.4682;Bourgogne,Bourgogne Côte d'Or,Bourgogne Passe-tout-grains,Bourgogne aligoté,Bourgogne mousseux,Coteaux Bourguignons ou Bourgogne grand ordinaire ou Bourgogne ordinaire,Crémant de Bourgogne
aire_parcellaire.4683;Côtes de Provence
aire_parcellaire.4684;Bordeaux,Bordeaux supérieur,Crémant de Bordeaux,Haut-Médoc,Médoc
aire_parcellaire.4685;Côtes du Roussillon,Grand Roussillon,Languedoc,Muscat de Rivesaltes,Rivesaltes
aire_parcellaire.4686;Languedoc,Saint-Chinian
aire_parcellaire.4687;Bordeaux,Bordeaux supérieur,Crémant de Bordeaux,Graves,Graves supérieures,Pessac-Léognan
aire_parcellaire.4688;Languedoc,Saint-Chinian
aire_parcellaire.4689;Côtes du Rhône
aire_parcellaire.4690;Côtes du Rhône,Saint-Péray
aire_parcellaire.4691;Languedoc
aire_parcellaire.4692;Ventoux
aire_parcellaire.4693;Alsace,Alsace suivi d'un nom de lieu-dit,Crémant d’Alsace
aire_parcellaire.4694;Coteaux d'Aix-en-Provence
aire_parcellaire.4695;Ventoux
aire_parcellaire.4696;Corbières,Languedoc
aire_parcellaire.4697;Grignan-les-Adhémar
aire_parcellaire.4698;Grignan-les-Adhémar
aire_parcellaire.4699;Bergerac,Côtes de Bergerac
aire_parcellaire.4700;Bordeaux,Bordeaux supérieur,Crémant de Bordeaux
aire_parcellaire.4701;Bourgogne,Bourgogne Côtes du Couchois,Bourgogne Passe-tout-grains,Bourgogne aligoté,Bourgogne mousseux,Coteaux Bourguignons ou Bourgogne grand ordinaire ou Bourgogne ordinaire,Crémant de Bourgogne
aire_parcellaire.4702;Ventoux
aire_parcellaire.4703;Beaujolais,Crémant de Bourgogne
aire_parcellaire.4704;Grand Roussillon,Muscat de Rivesaltes,Rivesaltes
aire_parcellaire.4705;Bandol
aire_parcellaire.4706;Côtes du Rhône
aire_parcellaire.4707;Vin de Corse Porto-Vecchio ou Corse Porto-Vecchio,Vin de Corse ou Corse
aire_parcellaire.4708;Corbières,Fitou,Grand Roussillon,Languedoc,Muscat de Rivesaltes,Rivesaltes
aire_parcellaire.4709;Bordeaux,Bordeaux supérieur,Crémant de Bordeaux,Entre-deux-Mers
aire_parcellaire.4710;Bordeaux,Bordeaux supérieur,Crémant de Bordeaux,Côtes de Bourg, Bourg et Bourgeais
aire_parcellaire.4711;Beaujolais,Crémant de Bourgogne
aire_parcellaire.4712;Bordeaux,Bordeaux supérieur,Crémant de Bordeaux,Entre-deux-Mers
aire_parcellaire.4713;Luberon
aire_parcellaire.4714;Faugères,Languedoc
aire_parcellaire.4715;Vin de Corse Calvi ou Corse Calvi,Vin de Corse ou Corse
aire_parcellaire.4716;Costières de Nîmes
aire_parcellaire.4717;Coteaux d'Aix-en-Provence,Les Baux de Provence
aire_parcellaire.4718;Beaujolais,Crémant de Bourgogne
aire_parcellaire.4719;Coteaux d'Aix-en-Provence
aire_parcellaire.4720;Béarn,Madiran,Pacherenc du Vic-Bilh
aire_parcellaire.4721;Anjou,Anjou Villages,Cabernet d'Anjou,Coteaux du Layon,Coteaux du Layon Saint-Aubin-de-Luigné ou Saint-Aubin,Crémant de Loire,Rosé d'Anjou,Rosé de Loire
aire_parcellaire.4722;Tursan
aire_parcellaire.4723;Saint-Pourçain
aire_parcellaire.4724;Corbières,Languedoc
aire_parcellaire.4725;Côtes du Rhône,Côtes du Rhône Villages,Côtes du Rhône Villages Suze-la-Rousse
aire_parcellaire.4726;Marcillac
aire_parcellaire.4727;Côtes du Roussillon,Côtes du Roussillon Villages,Grand Roussillon,Languedoc,Maury,Muscat de Rivesaltes,Rivesaltes
aire_parcellaire.4728;Côtes du Rhône
aire_parcellaire.4729;Languedoc,Saint-Chinian
aire_parcellaire.4730;Crozes-Hermitage ou Crozes-Ermitage,Côtes du Rhône
aire_parcellaire.4731;Côtes du Marmandais
aire_parcellaire.4732;Côtes du Rhône,Côtes du Rhône Villages,Côtes du Rhône Villages Valréas
aire_parcellaire.4733;Côtes du Roussillon,Côtes du Roussillon Villages,Grand Roussillon,Languedoc,Muscat de Rivesaltes,Rivesaltes
aire_parcellaire.4734;Crozes-Hermitage ou Crozes-Ermitage,Côtes du Rhône
aire_parcellaire.4735;Languedoc
aire_parcellaire.4736;Châteauneuf-du-Pape,Côtes du Rhône
aire_parcellaire.4737;Valençay
aire_parcellaire.4738;Côtes du Rhône
aire_parcellaire.4739;Blaye,Bordeaux,Bordeaux supérieur,Crémant de Bordeaux,Côtes de Blaye,Côtes de Bordeaux,Côtes de Bordeaux Blaye
aire_parcellaire.4740;Côtes de Provence
aire_parcellaire.4741;Bordeaux,Bordeaux supérieur,Crémant de Bordeaux
aire_parcellaire.4742;Bourgogne,Bourgogne Hautes Côtes de Beaune,Bourgogne Passe-tout-grains,Bourgogne aligoté,Bourgogne mousseux,Coteaux Bourguignons ou Bourgogne grand ordinaire ou Bourgogne ordinaire,Crémant de Bourgogne
aire_parcellaire.4743;Bordeaux,Bordeaux supérieur,Crémant de Bordeaux,Entre-deux-Mers
aire_parcellaire.4744;Pouilly-Fumé ou Blanc Fumé de Pouilly,Pouilly-sur-Loire
aire_parcellaire.4745;Gaillac
aire_parcellaire.4746;Bergerac,Côtes de Bergerac
aire_parcellaire.4747;Bandol
aire_parcellaire.4748;Côtes du Rhône
aire_parcellaire.4749;Châteauneuf-du-Pape,Côtes du Rhône
aire_parcellaire.4750;Patrimonio
aire_parcellaire.4751;Côtes du Rhône
aire_parcellaire.4752;Bordeaux,Bordeaux supérieur,Crémant de Bordeaux
aire_parcellaire.4753;Côtes du Rhône
aire_parcellaire.4754;Bordeaux,Bordeaux supérieur,Crémant de Bordeaux,Entre-deux-Mers
aire_parcellaire.4755;Languedoc,Saint-Chinian
aire_parcellaire.4756;Alsace,Alsace suivi d'un nom de lieu-dit,Crémant d’Alsace
aire_parcellaire.4757;Côtes du Roussillon,Grand Roussillon,Languedoc,Muscat de Rivesaltes,Rivesaltes
aire_parcellaire.4758;Luberon
aire_parcellaire.4759;Ajaccio,Vin de Corse ou Corse
aire_parcellaire.4760;Crémant de Limoux,Limoux
aire_parcellaire.4761;Côtes du Rhône
aire_parcellaire.4762;Luberon
aire_parcellaire.4763;Fronton
aire_parcellaire.4764;Chablis,Crémant de Bourgogne,Petit Chablis
aire_parcellaire.4765;Gaillac
aire_parcellaire.4766;Bordeaux,Bordeaux supérieur,Crémant de Bordeaux
aire_parcellaire.4767;Ajaccio,Vin de Corse ou Corse
aire_parcellaire.4768;Côtes du Rhône
aire_parcellaire.4769;Côtes de Provence
aire_parcellaire.4770;Côtes du Roussillon,Languedoc
aire_parcellaire.4771;Ventoux
aire_parcellaire.4772;Ventoux
aire_parcellaire.4773;Valençay
aire_parcellaire.4774;Grignan-les-Adhémar
aire_parcellaire.4775;Clairette de Bellegarde,Costières de Nîmes
aire_parcellaire.4776;Côtes du Rhône,Côtes du Rhône Villages,Côtes du Rhône Villages Laudun
aire_parcellaire.4777;Corbières,Languedoc
aire_parcellaire.4778;Côtes de Provence
aire_parcellaire.4779;Alsace,Alsace suivi d'un nom de lieu-dit,Crémant d’Alsace
aire_parcellaire.4780;Châteauneuf-du-Pape,Côtes du Rhône
aire_parcellaire.4781;Reuilly
aire_parcellaire.4782;Languedoc
aire_parcellaire.4783;Coteaux d'Aix-en-Provence
aire_parcellaire.4784;Clairette du Languedoc,Clairette du Languedoc Cabrières
aire_parcellaire.4785;Bergerac,Côtes de Bergerac,Saussignac
aire_parcellaire.4786;Ventoux
aire_parcellaire.4787;Bourgogne,Bourgogne Passe-tout-grains,Bourgogne aligoté,Bourgogne mousseux,Coteaux Bourguignons ou Bourgogne grand ordinaire ou Bourgogne ordinaire,Crémant de Bourgogne,Mâcon,Mâcon Lugny,Mâcon Villages
aire_parcellaire.4788;Blaye,Bordeaux,Bordeaux supérieur,Crémant de Bordeaux
aire_parcellaire.4789;Ventoux
aire_parcellaire.4790;Faugères,Languedoc
aire_parcellaire.4791;Languedoc,Minervois
aire_parcellaire.4792;Ventoux
aire_parcellaire.4793;Languedoc,Saint-Chinian
aire_parcellaire.4794;Languedoc
aire_parcellaire.4795;Cabardès
aire_parcellaire.4796;Corbières,Languedoc
aire_parcellaire.4797;Fronton
aire_parcellaire.4798;Languedoc,Minervois
aire_parcellaire.4799;Faugères,Languedoc
aire_parcellaire.4800;Côtes du Rhône
aire_parcellaire.4801;Ventoux
aire_parcellaire.4802;Côtes du Rhône
aire_parcellaire.4803;Orléans
aire_parcellaire.4804;Languedoc,Terrasses du Larzac
aire_parcellaire.4805;Grignan-les-Adhémar
aire_parcellaire.4806;Châteauneuf-du-Pape,Côtes du Rhône
aire_parcellaire.4807;Corbières,Fitou,Grand Roussillon,Languedoc,Muscat de Rivesaltes,Rivesaltes
aire_parcellaire.4808;Luberon
aire_parcellaire.4809;Malepère
aire_parcellaire.4810;Côtes du Rhône
aire_parcellaire.4811;Alsace,Alsace suivi d'un nom de lieu-dit,Crémant d’Alsace
aire_parcellaire.4812;Côtes du Roussillon,Côtes du Roussillon Villages,Grand Roussillon,Languedoc,Muscat de Rivesaltes,Rivesaltes
aire_parcellaire.4813;Languedoc
aire_parcellaire.4814;Côtes du Rhône,Côtes du Rhône Villages,Côtes du Rhône Villages Plan de Dieu
aire_parcellaire.4815;Côtes du Roussillon,Languedoc
aire_parcellaire.4816;Bourgogne,Bourgogne Passe-tout-grains,Bourgogne aligoté,Bourgogne mousseux,Coteaux Bourguignons ou Bourgogne grand ordinaire ou Bourgogne ordinaire,Crémant de Bourgogne,Mâcon,Mâcon Mancey,Mâcon Villages
aire_parcellaire.4817;Luberon
aire_parcellaire.4818;Bordeaux,Bordeaux supérieur,Cadillac,Crémant de Bordeaux,Côtes de Bordeaux,Côtes de Bordeaux Cadillac,Premières Côtes de Bordeaux
aire_parcellaire.4819;Fronton
aire_parcellaire.4820;Côtes du Rhône
aire_parcellaire.4821;Côtes de Provence
aire_parcellaire.4822;Côtes du Rhône
aire_parcellaire.4823;Grignan-les-Adhémar
aire_parcellaire.4824;Ventoux
aire_parcellaire.4825;Côtes de Provence
aire_parcellaire.4826;Côtes de Provence
aire_parcellaire.4827;Languedoc,Minervois,Minervois-La Livinière
aire_parcellaire.4828;Côtes du Rhône
aire_parcellaire.4829;Bandol
aire_parcellaire.4830;Costières de Nîmes
aire_parcellaire.4831;Languedoc,Saint-Chinian
aire_parcellaire.4832;Saint-Sardos
aire_parcellaire.4833;La Clape,Languedoc
aire_parcellaire.4834;Côtes du Rhône,Côtes du Rhône Villages,Côtes du Rhône Villages Suze-la-Rousse
aire_parcellaire.4835;Languedoc,Minervois
aire_parcellaire.4836;Coteaux d'Aix-en-Provence
aire_parcellaire.4837;Côtes du Rhône
aire_parcellaire.4838;Muscat du Cap Corse,Vin de Corse Coteaux du Cap Corse ou Corse Coteaux du Cap Corse,Vin de Corse ou Corse
aire_parcellaire.4839;Roussette de Savoie,Vin de Savoie Apremont,Vin de Savoie ou Savoie
aire_parcellaire.4840;Côtes du Rhône,Côtes du Rhône Villages,Côtes du Rhône Villages Valréas
aire_parcellaire.4841;Côtes du Rhône
aire_parcellaire.4842;Luberon
aire_parcellaire.4843;Tavel
aire_parcellaire.4844;Ajaccio,Vin de Corse ou Corse
aire_parcellaire.4845;Languedoc,Pic Saint-Loup
aire_parcellaire.4846;Ventoux
aire_parcellaire.4847;Beaujolais,Crémant de Bourgogne
aire_parcellaire.4848;Faugères,Languedoc
aire_parcellaire.4849;Irouléguy
aire_parcellaire.4850;Chablis,Crémant de Bourgogne,Petit Chablis
aire_parcellaire.4851;Côtes du Roussillon,Côtes du Roussillon Villages Les Aspres,Grand Roussillon,Languedoc,Muscat de Rivesaltes,Rivesaltes
aire_parcellaire.4852;Anjou,Anjou Villages,Cabernet d'Anjou,Coteaux du Layon,Coteaux du Layon Rochefort-sur-Loire ou Rochefort,Coteaux du Layon premier cru Chaume,Crémant de Loire,Rosé d'Anjou,Rosé de Loire
aire_parcellaire.4853;Fronton
aire_parcellaire.4854;Chinon,Crémant de Loire,Rosé de Loire,Touraine
aire_parcellaire.4855;Crémant de Limoux,Limoux
aire_parcellaire.4856;Côtes de Duras
aire_parcellaire.4857;Ventoux
aire_parcellaire.4858;Costières de Nîmes
aire_parcellaire.4859;Luberon
aire_parcellaire.4860;Languedoc,Minervois
aire_parcellaire.4861;Sancerre
aire_parcellaire.4862;Coteaux d'Aix-en-Provence
aire_parcellaire.4863;Vin de Corse ou Corse
aire_parcellaire.4864;Bordeaux,Bordeaux supérieur,Crémant de Bordeaux
aire_parcellaire.4865;Bordeaux,Bordeaux supérieur,Crémant de Bordeaux,Médoc
aire_parcellaire.4866;Côtes du Rhône
aire_parcellaire.4867;Corbières,Corbières-Boutenac,Languedoc
aire_parcellaire.4868;Fronton
aire_parcellaire.4869;Corbières,Languedoc
aire_parcellaire.4870;Bergerac,Côtes de Bergerac
aire_parcellaire.4871;Côtes du Rhône
aire_parcellaire.4872;Vin de Corse Sartène ou Corse Sartène,Vin de Corse ou Corse
aire_parcellaire.4873;Vin de Corse Sartène ou Corse Sartène,Vin de Corse ou Corse
aire_parcellaire.4874;Bergerac,Côtes de Bergerac
aire_parcellaire.4875;Ventoux
aire_parcellaire.4876;Ventoux
aire_parcellaire.4877;Languedoc,Minervois
aire_parcellaire.4878;Ventoux
aire_parcellaire.4879;Grignan-les-Adhémar
aire_parcellaire.4880;Bordeaux,Bordeaux supérieur,Crémant de Bordeaux,Haut-Médoc,Médoc
aire_parcellaire.4881;Languedoc,Saint-Chinian
aire_parcellaire.4882;Crémant de Bourgogne,Petit Chablis
aire_parcellaire.4883;Côtes du Rhône,Côtes du Rhône Villages,Côtes du Rhône Villages Laudun
aire_parcellaire.4884;Bordeaux,Bordeaux supérieur,Crémant de Bordeaux,Entre-deux-Mers
aire_parcellaire.4885;Crémant de Limoux,Limoux
aire_parcellaire.4886;Cornas,Côtes du Rhône
aire_parcellaire.4887;Côtes de Provence
aire_parcellaire.4888;Corbières,Languedoc
aire_parcellaire.4889;Côtes du Rhône,Côtes du Rhône Villages,Côtes du Rhône Villages Séguret
aire_parcellaire.4890;Côtes du Roussillon,Grand Roussillon,Languedoc,Muscat de Rivesaltes,Rivesaltes
aire_parcellaire.4891;Banyuls,Banyuls grand cru,Collioure,Grand Roussillon,Languedoc,Muscat de Rivesaltes
aire_parcellaire.4892;Cabardès
aire_parcellaire.4893;Béarn,Jurançon
aire_parcellaire.4894;Corbières,Languedoc
aire_parcellaire.4895;Côtes de Provence
aire_parcellaire.4896;Côtes de Duras
aire_parcellaire.4897;Languedoc
aire_parcellaire.4898;Corbières,Languedoc
aire_parcellaire.4899;Bordeaux,Bordeaux supérieur,Crémant de Bordeaux,Graves,Graves supérieures,Pessac-Léognan
aire_parcellaire.4900;Valençay
aire_parcellaire.4901;Languedoc,Minervois
aire_parcellaire.4902;Alsace,Crémant d’Alsace
aire_parcellaire.4903;Cornas,Côtes du Rhône
aire_parcellaire.4904;Luberon
aire_parcellaire.4905;Ventoux
aire_parcellaire.4906;Côtes du Roussillon,Côtes du Roussillon Villages,Côtes du Roussillon Villages Caramany,Languedoc
aire_parcellaire.4907;Cheverny,Crémant de Loire
aire_parcellaire.4908;Côtes du Roussillon,Grand Roussillon,Languedoc,Muscat de Rivesaltes,Rivesaltes
aire_parcellaire.4909;Côtes du Rhône,Gigondas
aire_parcellaire.4910;Bergerac,Côtes de Bergerac
aire_parcellaire.4911;Cahors
aire_parcellaire.4912;Côtes du Rhône,Côtes du Rhône Villages,Côtes du Rhône Villages Gadagne
aire_parcellaire.4913;Corbières,Languedoc
aire_parcellaire.4914;Côtes du Rhône,Tavel
aire_parcellaire.4915;Côtes du Roussillon,Grand Roussillon,Languedoc,Muscat de Rivesaltes,Rivesaltes
aire_parcellaire.4916;Alsace,Alsace suivi d'un nom de lieu-dit,Crémant d’Alsace
aire_parcellaire.4917;Languedoc
aire_parcellaire.4918;Côtes de Provence
aire_parcellaire.4919;Fronton
aire_parcellaire.4920;Côtes du Roussillon,Grand Roussillon,Languedoc,Muscat de Rivesaltes,Rivesaltes
aire_parcellaire.4921;Faugères,Languedoc
aire_parcellaire.4922;Gaillac
aire_parcellaire.4923;Côtes de Provence
aire_parcellaire.4924;Ventoux
aire_parcellaire.4925;Costières de Nîmes
aire_parcellaire.4926;Corbières,Languedoc
aire_parcellaire.4927;Côtes du Roussillon,Côtes du Roussillon Villages,Côtes du Roussillon Villages Tautavel,Grand Roussillon,Languedoc,Muscat de Rivesaltes,Rivesaltes
aire_parcellaire.4928;Costières de Nîmes
aire_parcellaire.4929;Côtes de Provence
aire_parcellaire.4930;Brulhois
aire_parcellaire.4931;Languedoc,Saint-Chinian
aire_parcellaire.4932;Costières de Nîmes
aire_parcellaire.4933;Cabardès
aire_parcellaire.4934;Ajaccio,Vin de Corse ou Corse
aire_parcellaire.4935;Côtes de Provence
aire_parcellaire.4936;Côtes du Roussillon,Côtes du Roussillon Villages,Grand Roussillon,Languedoc,Maury,Muscat de Rivesaltes,Rivesaltes
aire_parcellaire.4937;Vin de Corse Calvi ou Corse Calvi,Vin de Corse ou Corse
aire_parcellaire.4938;Languedoc,Picpoul de Pinet
aire_parcellaire.4939;Beaujolais,Beaujolais Villages,Crémant de Bourgogne,Morgon
aire_parcellaire.4940;Côtes du Roussillon,Grand Roussillon,Languedoc,Muscat de Rivesaltes,Rivesaltes
aire_parcellaire.4941;Cairanne,Côtes du Rhône,Côtes du Rhône Villages
aire_parcellaire.4942;Bordeaux,Bordeaux supérieur,Crémant de Bordeaux,Entre-deux-Mers
aire_parcellaire.4943;Côtes de Duras
aire_parcellaire.4944;Ventoux
aire_parcellaire.4945;Coteaux d'Aix-en-Provence
aire_parcellaire.4946;Beaujolais,Beaujolais Lantignié,Beaujolais Villages,Crémant de Bourgogne
aire_parcellaire.4947;Malepère
aire_parcellaire.4948;Muscat de Frontignan ou Frontignan ou Vin de Frontignan
aire_parcellaire.4949;Languedoc,Saint-Chinian
aire_parcellaire.4950;Languedoc,Saint-Chinian
aire_parcellaire.4951;Côtes de Provence
aire_parcellaire.4952;Côtes du Rhône
aire_parcellaire.4953;Côtes de Duras
aire_parcellaire.4954;Corbières,Languedoc
aire_parcellaire.4955;Languedoc,Minervois
aire_parcellaire.4956;Costières de Nîmes
aire_parcellaire.4957;Brulhois
aire_parcellaire.4958;Bourgueil,Crémant de Loire,Rosé de Loire,Touraine
aire_parcellaire.4959;Côtes du Roussillon,Côtes du Roussillon Villages,Côtes du Roussillon Villages Tautavel,Grand Roussillon,Languedoc,Muscat de Rivesaltes,Rivesaltes
aire_parcellaire.4960;Fronton
aire_parcellaire.4961;Côtes du Roussillon,Côtes du Roussillon Villages,Grand Roussillon,Languedoc,Muscat de Rivesaltes,Rivesaltes
aire_parcellaire.4962;Vin de Corse Calvi ou Corse Calvi,Vin de Corse ou Corse
aire_parcellaire.4963;Côtes du Rhône
aire_parcellaire.4964;Alsace,Alsace suivi d'un nom de lieu-dit,Crémant d’Alsace
aire_parcellaire.4965;Côtes du Rhône
aire_parcellaire.4966;Crémant de Limoux,Limoux
aire_parcellaire.4967;Coteaux d'Aix-en-Provence
aire_parcellaire.4968;Gaillac
aire_parcellaire.4969;Languedoc,Minervois
aire_parcellaire.4970;Côtes du Roussillon,Grand Roussillon,Languedoc,Muscat de Rivesaltes,Rivesaltes
aire_parcellaire.4971;Côtes du Rhône
aire_parcellaire.4972;Languedoc,Saint-Chinian
aire_parcellaire.4973;Estaing
aire_parcellaire.4974;Coteaux d'Aix-en-Provence
aire_parcellaire.4975;Luberon
aire_parcellaire.4976;Chablis,Crémant de Bourgogne,Petit Chablis
aire_parcellaire.4977;Valençay
aire_parcellaire.4978;Côtes du Rhône,Côtes du Rhône Villages,Côtes du Rhône Villages Suze-la-Rousse
aire_parcellaire.4979;Vin de Corse ou Corse
aire_parcellaire.4980;Corbières,Languedoc
aire_parcellaire.4981;Chablis,Crémant de Bourgogne,Petit Chablis
aire_parcellaire.4982;Anjou
aire_parcellaire.4983;Corbières,Languedoc
aire_parcellaire.4984;Brulhois
aire_parcellaire.4985;Muscat du Cap Corse,Vin de Corse Coteaux du Cap Corse ou Corse Coteaux du Cap Corse,Vin de Corse ou Corse
aire_parcellaire.4986;Côtes du Roussillon,Côtes du Roussillon Villages,Grand Roussillon,Languedoc,Muscat de Rivesaltes,Rivesaltes
aire_parcellaire.4987;Coteaux d'Aix-en-Provence
aire_parcellaire.4988;Côtes du Roussillon,Languedoc
aire_parcellaire.4989;Côtes du Rhône
aire_parcellaire.4990;Crémant de Loire,Rosé de Loire,Touraine
aire_parcellaire.4991;Clairette du Languedoc,Clairette du Languedoc Aspiran,Languedoc
aire_parcellaire.4992;Cahors
aire_parcellaire.4993;Beaujolais,Crémant de Bourgogne
aire_parcellaire.4994;Côtes du Rhône
aire_parcellaire.4995;Chablis,Chablis premier cru,Chablis premier cru Vaucoupin,Crémant de Bourgogne,Petit Chablis
aire_parcellaire.4996;Languedoc
aire_parcellaire.4997;Côtes du Rhône,Côtes du Rhône Villages,Côtes du Rhône Villages Rochegude
aire_parcellaire.4998;Blaye,Bordeaux,Bordeaux supérieur,Crémant de Bordeaux
aire_parcellaire.4999;Crémant de Limoux,Limoux
aire_parcellaire.5000;Languedoc,Minervois
